10:45:49.791-[LAPTOP-FPFPK7D7][sys]-- INFO 58832 --- [           main] com.tianji.AuthApplication               : The following 1 profile is active: "local"
10:45:49.820-[LAPTOP-FPFPK7D7][sys]-- INFO 58832 --- [           main] c.a.c.n.c.NacosConfigDataLoader          : [Nacos Config] Load config[dataId=shared-logs.yaml, group=DEFAULT_GROUP] success
10:45:49.821-[LAPTOP-FPFPK7D7][sys]-- INFO 58832 --- [           main] c.a.c.n.c.NacosConfigDataLoader          : [Nacos Config] Load config[dataId=shared-mybatis.yaml, group=DEFAULT_GROUP] success
10:45:49.821-[LAPTOP-FPFPK7D7][sys]-- INFO 58832 --- [           main] c.a.c.n.c.NacosConfigDataLoader          : [Nacos Config] Load config[dataId=shared-redis.yaml, group=DEFAULT_GROUP] success
10:45:49.821-[LAPTOP-FPFPK7D7][sys]-- INFO 58832 --- [           main] c.a.c.n.c.NacosConfigDataLoader          : [Nacos Config] Load config[dataId=shared-spring.yaml, group=DEFAULT_GROUP] success
10:45:50.812-[LAPTOP-FPFPK7D7][sys]-- INFO 58832 --- [           main] .s.d.r.c.RepositoryConfigurationDelegate : Multiple Spring Data modules found, entering strict repository configuration mode
10:45:50.816-[LAPTOP-FPFPK7D7][sys]-- INFO 58832 --- [           main] .s.d.r.c.RepositoryConfigurationDelegate : Bootstrapping Spring Data Redis repositories in DEFAULT mode.
10:45:50.894-[LAPTOP-FPFPK7D7][sys]-- INFO 58832 --- [           main] .s.d.r.c.RepositoryConfigurationDelegate : Finished Spring Data repository scanning in 57 ms. Found 0 Redis repository interfaces.
10:45:51.203-[LAPTOP-FPFPK7D7][sys]-- INFO 58832 --- [           main] o.s.cloud.context.scope.GenericScope     : BeanFactory id=ab64df22-e2f4-370d-84a3-48c7f5b5ab47
10:45:51.245-[LAPTOP-FPFPK7D7][sys]-- WARN 58832 --- [           main] trationDelegate$BeanPostProcessorChecker : Bean 'com.alibaba.cloud.nacos.NacosConfigAutoConfiguration' of type [com.alibaba.cloud.nacos.NacosConfigAutoConfiguration] is not eligible for getting processed by all BeanPostProcessors (for example: not eligible for auto-proxying). The currently created BeanPostProcessor [nacosAnnotationProcessor] is declared through a non-static factory method on that class; consider declaring it as static instead.
10:45:51.636-[LAPTOP-FPFPK7D7][sys]-- WARN 58832 --- [           main] trationDelegate$BeanPostProcessorChecker : Bean 'org.springframework.cloud.client.loadbalancer.LoadBalancerAutoConfiguration$DeferringLoadBalancerInterceptorConfig' of type [org.springframework.cloud.client.loadbalancer.LoadBalancerAutoConfiguration$DeferringLoadBalancerInterceptorConfig] is not eligible for getting processed by all BeanPostProcessors (for example: not eligible for auto-proxying). The currently created BeanPostProcessor [lbRestClientPostProcessor] is declared through a non-static factory method on that class; consider declaring it as static instead.
10:45:51.641-[LAPTOP-FPFPK7D7][sys]-- WARN 58832 --- [           main] trationDelegate$BeanPostProcessorChecker : Bean 'deferringLoadBalancerInterceptor' of type [org.springframework.cloud.client.loadbalancer.DeferringLoadBalancerInterceptor] is not eligible for getting processed by all BeanPostProcessors (for example: not eligible for auto-proxying). Is this bean getting eagerly injected/applied to a currently created BeanPostProcessor [lbRestClientPostProcessor]? Check the corresponding BeanPostProcessor declaration and its dependencies/advisors. If this bean does not have to be post-processed, declare it with ROLE_INFRASTRUCTURE.
10:45:51.927-[LAPTOP-FPFPK7D7][sys]-- INFO 58832 --- [           main] o.s.b.w.embedded.tomcat.TomcatWebServer  : Tomcat initialized with port 8081 (http)
10:45:51.948-[LAPTOP-FPFPK7D7][sys]-- INFO 58832 --- [           main] o.apache.catalina.core.StandardService   : Starting service [Tomcat]
10:45:51.948-[LAPTOP-FPFPK7D7][sys]-- INFO 58832 --- [           main] o.apache.catalina.core.StandardEngine    : Starting Servlet engine: [Apache Tomcat/10.1.31]
10:45:52.039-[LAPTOP-FPFPK7D7][sys]-- INFO 58832 --- [           main] o.a.c.c.C.[Tomcat].[localhost].[/]       : Initializing Spring embedded WebApplicationContext
10:45:52.040-[LAPTOP-FPFPK7D7][sys]-- INFO 58832 --- [           main] w.s.c.ServletWebServerApplicationContext : Root WebApplicationContext: initialization completed in 2217 ms
10:45:53.085-[LAPTOP-FPFPK7D7][sys]-- INFO 58832 --- [           main] o.s.c.openfeign.FeignClientFactoryBean   : For 'user-service' URL not provided. Will try picking an instance via load-balancing.
10:45:54.093-[LAPTOP-FPFPK7D7][sys]-- INFO 58832 --- [           main] com.zaxxer.hikari.HikariDataSource       : HikariPool-1 - Starting...
10:45:54.406-[LAPTOP-FPFPK7D7][sys]-- INFO 58832 --- [           main] com.zaxxer.hikari.pool.HikariPool        : HikariPool-1 - Added connection com.mysql.cj.jdbc.ConnectionImpl@2fc7c36a
10:45:54.408-[LAPTOP-FPFPK7D7][sys]-- INFO 58832 --- [           main] com.zaxxer.hikari.HikariDataSource       : HikariPool-1 - Start completed.
10:45:54.414-[LAPTOP-FPFPK7D7][sys]--DEBUG 58832 --- [           main] c.t.a.mapper.PrivilegeMapper.selectList  : ==>  Preparing: SELECT id,menu_id,intro,method,uri,internal,create_time,update_time,creater,updater,dep_id,deleted FROM `privilege` WHERE deleted=0
10:45:54.431-[LAPTOP-FPFPK7D7][sys]--DEBUG 58832 --- [           main] c.t.a.mapper.PrivilegeMapper.selectList  : ==> Parameters: 
10:45:54.469-[LAPTOP-FPFPK7D7][sys]--DEBUG 58832 --- [           main] c.t.a.mapper.PrivilegeMapper.selectList  : <==      Total: 12
10:45:54.476-[LAPTOP-FPFPK7D7][sys]--DEBUG 58832 --- [           main] c.t.a.m.RolePrivilegeMapper.selectList   : ==>  Preparing: SELECT id,role_id,privilege_id FROM role_privilege
10:45:54.477-[LAPTOP-FPFPK7D7][sys]--DEBUG 58832 --- [           main] c.t.a.m.RolePrivilegeMapper.selectList   : ==> Parameters: 
10:45:54.485-[LAPTOP-FPFPK7D7][sys]--DEBUG 58832 --- [           main] c.t.a.m.RolePrivilegeMapper.selectList   : <==      Total: 16
10:45:55.185-[LAPTOP-FPFPK7D7][sys]--DEBUG 58832 --- [           main] c.t.c.a.redisson.RedissonConfig          : 尝试初始化RedissonClient
10:45:55.267-[LAPTOP-FPFPK7D7][sys]-- INFO 58832 --- [           main] org.redisson.Version                     : Redisson 3.13.6
10:45:55.417-[LAPTOP-FPFPK7D7][sys]-- INFO 58832 --- [sson-netty-5-23] o.r.c.pool.MasterPubSubConnectionPool    : 1 connections initialized for /192.168.150.101:6379
10:45:55.438-[LAPTOP-FPFPK7D7][sys]-- INFO 58832 --- [sson-netty-5-19] o.r.c.pool.MasterConnectionPool          : 24 connections initialized for /192.168.150.101:6379
10:45:55.532-[LAPTOP-FPFPK7D7][sys]-- INFO 58832 --- [           main] c.a.c.sentinel.SentinelWebMvcConfigurer  : [Sentinel Starter] register SentinelWebInterceptor with urlPatterns: [/**].
10:45:55.886-[LAPTOP-FPFPK7D7][sys]-- INFO 58832 --- [           main] o.s.c.openfeign.FeignClientFactoryBean   : For 'course-service' URL not provided. Will try picking an instance via load-balancing.
10:45:55.913-[LAPTOP-FPFPK7D7][sys]-- INFO 58832 --- [           main] o.s.c.openfeign.FeignClientFactoryBean   : For 'auth-service' URL not provided. Will try picking an instance via load-balancing.
10:45:57.457-[LAPTOP-FPFPK7D7][sys]-- INFO 58832 --- [           main] o.s.cloud.commons.util.InetUtils         : Cannot determine local hostname
10:45:57.575-[LAPTOP-FPFPK7D7][sys]-- INFO 58832 --- [           main] o.s.b.w.embedded.tomcat.TomcatWebServer  : Tomcat started on port 8081 (http) with context path '/'
10:45:57.590-[LAPTOP-FPFPK7D7][sys]-- INFO 58832 --- [           main] c.a.n.p.a.s.c.ClientAuthPluginManager    : [ClientAuthPluginManager] Load ClientAuthService com.alibaba.nacos.client.auth.impl.NacosClientAuthServiceImpl success.
10:45:57.590-[LAPTOP-FPFPK7D7][sys]-- INFO 58832 --- [           main] c.a.n.p.a.s.c.ClientAuthPluginManager    : [ClientAuthPluginManager] Load ClientAuthService com.alibaba.nacos.client.auth.ram.RamClientAuthServiceImpl success.
10:45:57.768-[LAPTOP-FPFPK7D7][sys]-- INFO 58832 --- [           main] c.a.c.n.registry.NacosServiceRegistry    : nacos registry, DEFAULT_GROUP auth-service 192.168.150.1:8081 register finished
10:45:58.079-[LAPTOP-FPFPK7D7][sys]-- INFO 58832 --- [           main] com.tianji.AuthApplication               : Started AuthApplication in 13.136 seconds (process running for 14.904)
10:45:58.092-[LAPTOP-FPFPK7D7][sys]-- INFO 58832 --- [           main] c.a.c.n.refresh.NacosContextRefresher    : [Nacos Config] Listening config: dataId=shared-redis.yaml, group=DEFAULT_GROUP
10:45:58.093-[LAPTOP-FPFPK7D7][sys]-- INFO 58832 --- [           main] c.a.c.n.refresh.NacosContextRefresher    : [Nacos Config] Listening config: dataId=shared-spring.yaml, group=DEFAULT_GROUP
10:45:58.094-[LAPTOP-FPFPK7D7][sys]-- INFO 58832 --- [           main] c.a.c.n.refresh.NacosContextRefresher    : [Nacos Config] Listening config: dataId=shared-mybatis.yaml, group=DEFAULT_GROUP
10:45:58.095-[LAPTOP-FPFPK7D7][sys]-- INFO 58832 --- [           main] c.a.c.n.refresh.NacosContextRefresher    : [Nacos Config] Listening config: dataId=shared-logs.yaml, group=DEFAULT_GROUP
10:45:58.099-[LAPTOP-FPFPK7D7][sys]-- INFO 58832 --- [           main] com.tianji.AuthApplication               : --/
---------------------------------------------------------------------------------------
	Application 'auth-service' is running! Access URLs:
	Local: 		http://localhost:8081
	External: 	http://10.254.2.55:8081
	Profile(s): 	[local]
---------------------------------------------------------------------------------------
10:45:58.099-[LAPTOP-FPFPK7D7][sys]-- INFO 58832 --- [           main] com.tianji.AuthApplication               : --/
------------------------------------------------------------------------------
	
10:50:05.330-[LAPTOP-FPFPK7D7][sys]-- INFO 58832 --- [nio-8081-exec-1] o.a.c.c.C.[Tomcat].[localhost].[/]       : Initializing Spring DispatcherServlet 'dispatcherServlet'
10:50:05.331-[LAPTOP-FPFPK7D7][sys]-- INFO 58832 --- [nio-8081-exec-1] o.s.web.servlet.DispatcherServlet        : Initializing Servlet 'dispatcherServlet'
10:50:05.332-[LAPTOP-FPFPK7D7][sys]-- INFO 58832 --- [nio-8081-exec-1] o.s.web.servlet.DispatcherServlet        : Completed initialization in 1 ms
11:17:03.483-[LAPTOP-FPFPK7D7][b50e3428c7f54c9ea7a17452952f27b5]--ERROR 58832 --- [nio-8081-exec-3] c.t.c.a.m.advice.CommonExceptionAdvice   : 自定义异常 -> com.tianji.common.exceptions.BadRequestException , 状态码：400, 异常原因：登录超时  
11:17:03.493-[LAPTOP-FPFPK7D7][b50e3428c7f54c9ea7a17452952f27b5]--DEBUG 58832 --- [nio-8081-exec-3] c.t.c.a.m.advice.CommonExceptionAdvice   : 
com.tianji.common.exceptions.BadRequestException: 登录超时
	at com.tianji.auth.controller.AccountController.refreshToken(AccountController.java:50) ~[classes/:na]
	at java.base/jdk.internal.reflect.NativeMethodAccessorImpl.invoke0(Native Method) ~[na:na]
	at java.base/jdk.internal.reflect.NativeMethodAccessorImpl.invoke(NativeMethodAccessorImpl.java:77) ~[na:na]
	at java.base/jdk.internal.reflect.DelegatingMethodAccessorImpl.invoke(DelegatingMethodAccessorImpl.java:43) ~[na:na]
	at java.base/java.lang.reflect.Method.invoke(Method.java:568) ~[na:na]
	at org.springframework.web.method.support.InvocableHandlerMethod.doInvoke(InvocableHandlerMethod.java:255) ~[spring-web-6.1.14.jar:6.1.14]
	at org.springframework.web.method.support.InvocableHandlerMethod.invokeForRequest(InvocableHandlerMethod.java:188) ~[spring-web-6.1.14.jar:6.1.14]
	at org.springframework.web.servlet.mvc.method.annotation.ServletInvocableHandlerMethod.invokeAndHandle(ServletInvocableHandlerMethod.java:118) ~[spring-webmvc-6.1.14.jar:6.1.14]
	at org.springframework.web.servlet.mvc.method.annotation.RequestMappingHandlerAdapter.invokeHandlerMethod(RequestMappingHandlerAdapter.java:926) ~[spring-webmvc-6.1.14.jar:6.1.14]
	at org.springframework.web.servlet.mvc.method.annotation.RequestMappingHandlerAdapter.handleInternal(RequestMappingHandlerAdapter.java:831) ~[spring-webmvc-6.1.14.jar:6.1.14]
	at org.springframework.web.servlet.mvc.method.AbstractHandlerMethodAdapter.handle(AbstractHandlerMethodAdapter.java:87) ~[spring-webmvc-6.1.14.jar:6.1.14]
	at org.springframework.web.servlet.DispatcherServlet.doDispatch(DispatcherServlet.java:1089) ~[spring-webmvc-6.1.14.jar:6.1.14]
	at org.springframework.web.servlet.DispatcherServlet.doService(DispatcherServlet.java:979) ~[spring-webmvc-6.1.14.jar:6.1.14]
	at org.springframework.web.servlet.FrameworkServlet.processRequest(FrameworkServlet.java:1014) ~[spring-webmvc-6.1.14.jar:6.1.14]
	at org.springframework.web.servlet.FrameworkServlet.doGet(FrameworkServlet.java:903) ~[spring-webmvc-6.1.14.jar:6.1.14]
	at jakarta.servlet.http.HttpServlet.service(HttpServlet.java:564) ~[tomcat-embed-core-10.1.31.jar:6.0]
	at org.springframework.web.servlet.FrameworkServlet.service(FrameworkServlet.java:885) ~[spring-webmvc-6.1.14.jar:6.1.14]
	at jakarta.servlet.http.HttpServlet.service(HttpServlet.java:658) ~[tomcat-embed-core-10.1.31.jar:6.0]
	at org.apache.catalina.core.ApplicationFilterChain.internalDoFilter(ApplicationFilterChain.java:195) ~[tomcat-embed-core-10.1.31.jar:10.1.31]
	at org.apache.catalina.core.ApplicationFilterChain.doFilter(ApplicationFilterChain.java:140) ~[tomcat-embed-core-10.1.31.jar:10.1.31]
	at org.apache.tomcat.websocket.server.WsFilter.doFilter(WsFilter.java:51) ~[tomcat-embed-websocket-10.1.31.jar:10.1.31]
	at org.apache.catalina.core.ApplicationFilterChain.internalDoFilter(ApplicationFilterChain.java:164) ~[tomcat-embed-core-10.1.31.jar:10.1.31]
	at org.apache.catalina.core.ApplicationFilterChain.doFilter(ApplicationFilterChain.java:140) ~[tomcat-embed-core-10.1.31.jar:10.1.31]
	at org.springframework.web.filter.RequestContextFilter.doFilterInternal(RequestContextFilter.java:100) ~[spring-web-6.1.14.jar:6.1.14]
	at org.springframework.web.filter.OncePerRequestFilter.doFilter(OncePerRequestFilter.java:116) ~[spring-web-6.1.14.jar:6.1.14]
	at org.apache.catalina.core.ApplicationFilterChain.internalDoFilter(ApplicationFilterChain.java:164) ~[tomcat-embed-core-10.1.31.jar:10.1.31]
	at org.apache.catalina.core.ApplicationFilterChain.doFilter(ApplicationFilterChain.java:140) ~[tomcat-embed-core-10.1.31.jar:10.1.31]
	at org.springframework.web.filter.FormContentFilter.doFilterInternal(FormContentFilter.java:93) ~[spring-web-6.1.14.jar:6.1.14]
	at org.springframework.web.filter.OncePerRequestFilter.doFilter(OncePerRequestFilter.java:116) ~[spring-web-6.1.14.jar:6.1.14]
	at org.apache.catalina.core.ApplicationFilterChain.internalDoFilter(ApplicationFilterChain.java:164) ~[tomcat-embed-core-10.1.31.jar:10.1.31]
	at org.apache.catalina.core.ApplicationFilterChain.doFilter(ApplicationFilterChain.java:140) ~[tomcat-embed-core-10.1.31.jar:10.1.31]
	at org.springframework.web.filter.CharacterEncodingFilter.doFilterInternal(CharacterEncodingFilter.java:201) ~[spring-web-6.1.14.jar:6.1.14]
	at org.springframework.web.filter.OncePerRequestFilter.doFilter(OncePerRequestFilter.java:116) ~[spring-web-6.1.14.jar:6.1.14]
	at org.apache.catalina.core.ApplicationFilterChain.internalDoFilter(ApplicationFilterChain.java:164) ~[tomcat-embed-core-10.1.31.jar:10.1.31]
	at org.apache.catalina.core.ApplicationFilterChain.doFilter(ApplicationFilterChain.java:140) ~[tomcat-embed-core-10.1.31.jar:10.1.31]
	at com.tianji.common.filters.RequestIdFilter.doFilter(RequestIdFilter.java:27) ~[classes/:na]
	at org.apache.catalina.core.ApplicationFilterChain.internalDoFilter(ApplicationFilterChain.java:164) ~[tomcat-embed-core-10.1.31.jar:10.1.31]
	at org.apache.catalina.core.ApplicationFilterChain.doFilter(ApplicationFilterChain.java:140) ~[tomcat-embed-core-10.1.31.jar:10.1.31]
	at org.apache.catalina.core.StandardWrapperValve.invoke(StandardWrapperValve.java:167) ~[tomcat-embed-core-10.1.31.jar:10.1.31]
	at org.apache.catalina.core.StandardContextValve.invoke(StandardContextValve.java:90) ~[tomcat-embed-core-10.1.31.jar:10.1.31]
	at org.apache.catalina.authenticator.AuthenticatorBase.invoke(AuthenticatorBase.java:483) ~[tomcat-embed-core-10.1.31.jar:10.1.31]
	at org.apache.catalina.core.StandardHostValve.invoke(StandardHostValve.java:115) ~[tomcat-embed-core-10.1.31.jar:10.1.31]
	at org.apache.catalina.valves.ErrorReportValve.invoke(ErrorReportValve.java:93) ~[tomcat-embed-core-10.1.31.jar:10.1.31]
	at org.apache.catalina.core.StandardEngineValve.invoke(StandardEngineValve.java:74) ~[tomcat-embed-core-10.1.31.jar:10.1.31]
	at org.apache.catalina.connector.CoyoteAdapter.service(CoyoteAdapter.java:344) ~[tomcat-embed-core-10.1.31.jar:10.1.31]
	at org.apache.coyote.http11.Http11Processor.service(Http11Processor.java:384) ~[tomcat-embed-core-10.1.31.jar:10.1.31]
	at org.apache.coyote.AbstractProcessorLight.process(AbstractProcessorLight.java:63) ~[tomcat-embed-core-10.1.31.jar:10.1.31]
	at org.apache.coyote.AbstractProtocol$ConnectionHandler.process(AbstractProtocol.java:905) ~[tomcat-embed-core-10.1.31.jar:10.1.31]
	at org.apache.tomcat.util.net.NioEndpoint$SocketProcessor.doRun(NioEndpoint.java:1741) ~[tomcat-embed-core-10.1.31.jar:10.1.31]
	at org.apache.tomcat.util.net.SocketProcessorBase.run(SocketProcessorBase.java:52) ~[tomcat-embed-core-10.1.31.jar:10.1.31]
	at org.apache.tomcat.util.threads.ThreadPoolExecutor.runWorker(ThreadPoolExecutor.java:1190) ~[tomcat-embed-core-10.1.31.jar:10.1.31]
	at org.apache.tomcat.util.threads.ThreadPoolExecutor$Worker.run(ThreadPoolExecutor.java:659) ~[tomcat-embed-core-10.1.31.jar:10.1.31]
	at org.apache.tomcat.util.threads.TaskThread$WrappingRunnable.run(TaskThread.java:63) ~[tomcat-embed-core-10.1.31.jar:10.1.31]
	at java.base/java.lang.Thread.run(Thread.java:842) ~[na:na]
11:17:03.783-[LAPTOP-FPFPK7D7][55467d51786443aaa5421f0472ccfafd]--ERROR 58832 --- [nio-8081-exec-6] c.t.c.a.m.advice.CommonExceptionAdvice   : 自定义异常 -> com.tianji.common.exceptions.BadRequestException , 状态码：400, 异常原因：登录超时  
11:17:03.784-[LAPTOP-FPFPK7D7][55467d51786443aaa5421f0472ccfafd]--DEBUG 58832 --- [nio-8081-exec-6] c.t.c.a.m.advice.CommonExceptionAdvice   : 
com.tianji.common.exceptions.BadRequestException: 登录超时
	at com.tianji.auth.controller.AccountController.refreshToken(AccountController.java:50) ~[classes/:na]
	at java.base/jdk.internal.reflect.NativeMethodAccessorImpl.invoke0(Native Method) ~[na:na]
	at java.base/jdk.internal.reflect.NativeMethodAccessorImpl.invoke(NativeMethodAccessorImpl.java:77) ~[na:na]
	at java.base/jdk.internal.reflect.DelegatingMethodAccessorImpl.invoke(DelegatingMethodAccessorImpl.java:43) ~[na:na]
	at java.base/java.lang.reflect.Method.invoke(Method.java:568) ~[na:na]
	at org.springframework.web.method.support.InvocableHandlerMethod.doInvoke(InvocableHandlerMethod.java:255) ~[spring-web-6.1.14.jar:6.1.14]
	at org.springframework.web.method.support.InvocableHandlerMethod.invokeForRequest(InvocableHandlerMethod.java:188) ~[spring-web-6.1.14.jar:6.1.14]
	at org.springframework.web.servlet.mvc.method.annotation.ServletInvocableHandlerMethod.invokeAndHandle(ServletInvocableHandlerMethod.java:118) ~[spring-webmvc-6.1.14.jar:6.1.14]
	at org.springframework.web.servlet.mvc.method.annotation.RequestMappingHandlerAdapter.invokeHandlerMethod(RequestMappingHandlerAdapter.java:926) ~[spring-webmvc-6.1.14.jar:6.1.14]
	at org.springframework.web.servlet.mvc.method.annotation.RequestMappingHandlerAdapter.handleInternal(RequestMappingHandlerAdapter.java:831) ~[spring-webmvc-6.1.14.jar:6.1.14]
	at org.springframework.web.servlet.mvc.method.AbstractHandlerMethodAdapter.handle(AbstractHandlerMethodAdapter.java:87) ~[spring-webmvc-6.1.14.jar:6.1.14]
	at org.springframework.web.servlet.DispatcherServlet.doDispatch(DispatcherServlet.java:1089) ~[spring-webmvc-6.1.14.jar:6.1.14]
	at org.springframework.web.servlet.DispatcherServlet.doService(DispatcherServlet.java:979) ~[spring-webmvc-6.1.14.jar:6.1.14]
	at org.springframework.web.servlet.FrameworkServlet.processRequest(FrameworkServlet.java:1014) ~[spring-webmvc-6.1.14.jar:6.1.14]
	at org.springframework.web.servlet.FrameworkServlet.doGet(FrameworkServlet.java:903) ~[spring-webmvc-6.1.14.jar:6.1.14]
	at jakarta.servlet.http.HttpServlet.service(HttpServlet.java:564) ~[tomcat-embed-core-10.1.31.jar:6.0]
	at org.springframework.web.servlet.FrameworkServlet.service(FrameworkServlet.java:885) ~[spring-webmvc-6.1.14.jar:6.1.14]
	at jakarta.servlet.http.HttpServlet.service(HttpServlet.java:658) ~[tomcat-embed-core-10.1.31.jar:6.0]
	at org.apache.catalina.core.ApplicationFilterChain.internalDoFilter(ApplicationFilterChain.java:195) ~[tomcat-embed-core-10.1.31.jar:10.1.31]
	at org.apache.catalina.core.ApplicationFilterChain.doFilter(ApplicationFilterChain.java:140) ~[tomcat-embed-core-10.1.31.jar:10.1.31]
	at org.apache.tomcat.websocket.server.WsFilter.doFilter(WsFilter.java:51) ~[tomcat-embed-websocket-10.1.31.jar:10.1.31]
	at org.apache.catalina.core.ApplicationFilterChain.internalDoFilter(ApplicationFilterChain.java:164) ~[tomcat-embed-core-10.1.31.jar:10.1.31]
	at org.apache.catalina.core.ApplicationFilterChain.doFilter(ApplicationFilterChain.java:140) ~[tomcat-embed-core-10.1.31.jar:10.1.31]
	at org.springframework.web.filter.RequestContextFilter.doFilterInternal(RequestContextFilter.java:100) ~[spring-web-6.1.14.jar:6.1.14]
	at org.springframework.web.filter.OncePerRequestFilter.doFilter(OncePerRequestFilter.java:116) ~[spring-web-6.1.14.jar:6.1.14]
	at org.apache.catalina.core.ApplicationFilterChain.internalDoFilter(ApplicationFilterChain.java:164) ~[tomcat-embed-core-10.1.31.jar:10.1.31]
	at org.apache.catalina.core.ApplicationFilterChain.doFilter(ApplicationFilterChain.java:140) ~[tomcat-embed-core-10.1.31.jar:10.1.31]
	at org.springframework.web.filter.FormContentFilter.doFilterInternal(FormContentFilter.java:93) ~[spring-web-6.1.14.jar:6.1.14]
	at org.springframework.web.filter.OncePerRequestFilter.doFilter(OncePerRequestFilter.java:116) ~[spring-web-6.1.14.jar:6.1.14]
	at org.apache.catalina.core.ApplicationFilterChain.internalDoFilter(ApplicationFilterChain.java:164) ~[tomcat-embed-core-10.1.31.jar:10.1.31]
	at org.apache.catalina.core.ApplicationFilterChain.doFilter(ApplicationFilterChain.java:140) ~[tomcat-embed-core-10.1.31.jar:10.1.31]
	at org.springframework.web.filter.CharacterEncodingFilter.doFilterInternal(CharacterEncodingFilter.java:201) ~[spring-web-6.1.14.jar:6.1.14]
	at org.springframework.web.filter.OncePerRequestFilter.doFilter(OncePerRequestFilter.java:116) ~[spring-web-6.1.14.jar:6.1.14]
	at org.apache.catalina.core.ApplicationFilterChain.internalDoFilter(ApplicationFilterChain.java:164) ~[tomcat-embed-core-10.1.31.jar:10.1.31]
	at org.apache.catalina.core.ApplicationFilterChain.doFilter(ApplicationFilterChain.java:140) ~[tomcat-embed-core-10.1.31.jar:10.1.31]
	at com.tianji.common.filters.RequestIdFilter.doFilter(RequestIdFilter.java:27) ~[classes/:na]
	at org.apache.catalina.core.ApplicationFilterChain.internalDoFilter(ApplicationFilterChain.java:164) ~[tomcat-embed-core-10.1.31.jar:10.1.31]
	at org.apache.catalina.core.ApplicationFilterChain.doFilter(ApplicationFilterChain.java:140) ~[tomcat-embed-core-10.1.31.jar:10.1.31]
	at org.apache.catalina.core.StandardWrapperValve.invoke(StandardWrapperValve.java:167) ~[tomcat-embed-core-10.1.31.jar:10.1.31]
	at org.apache.catalina.core.StandardContextValve.invoke(StandardContextValve.java:90) ~[tomcat-embed-core-10.1.31.jar:10.1.31]
	at org.apache.catalina.authenticator.AuthenticatorBase.invoke(AuthenticatorBase.java:483) ~[tomcat-embed-core-10.1.31.jar:10.1.31]
	at org.apache.catalina.core.StandardHostValve.invoke(StandardHostValve.java:115) ~[tomcat-embed-core-10.1.31.jar:10.1.31]
	at org.apache.catalina.valves.ErrorReportValve.invoke(ErrorReportValve.java:93) ~[tomcat-embed-core-10.1.31.jar:10.1.31]
	at org.apache.catalina.core.StandardEngineValve.invoke(StandardEngineValve.java:74) ~[tomcat-embed-core-10.1.31.jar:10.1.31]
	at org.apache.catalina.connector.CoyoteAdapter.service(CoyoteAdapter.java:344) ~[tomcat-embed-core-10.1.31.jar:10.1.31]
	at org.apache.coyote.http11.Http11Processor.service(Http11Processor.java:384) ~[tomcat-embed-core-10.1.31.jar:10.1.31]
	at org.apache.coyote.AbstractProcessorLight.process(AbstractProcessorLight.java:63) ~[tomcat-embed-core-10.1.31.jar:10.1.31]
	at org.apache.coyote.AbstractProtocol$ConnectionHandler.process(AbstractProtocol.java:905) ~[tomcat-embed-core-10.1.31.jar:10.1.31]
	at org.apache.tomcat.util.net.NioEndpoint$SocketProcessor.doRun(NioEndpoint.java:1741) ~[tomcat-embed-core-10.1.31.jar:10.1.31]
	at org.apache.tomcat.util.net.SocketProcessorBase.run(SocketProcessorBase.java:52) ~[tomcat-embed-core-10.1.31.jar:10.1.31]
	at org.apache.tomcat.util.threads.ThreadPoolExecutor.runWorker(ThreadPoolExecutor.java:1190) ~[tomcat-embed-core-10.1.31.jar:10.1.31]
	at org.apache.tomcat.util.threads.ThreadPoolExecutor$Worker.run(ThreadPoolExecutor.java:659) ~[tomcat-embed-core-10.1.31.jar:10.1.31]
	at org.apache.tomcat.util.threads.TaskThread$WrappingRunnable.run(TaskThread.java:63) ~[tomcat-embed-core-10.1.31.jar:10.1.31]
	at java.base/java.lang.Thread.run(Thread.java:842) ~[na:na]
11:17:24.641-[LAPTOP-FPFPK7D7][cbd410776f794316a57dd86200141d50]--ERROR 58832 --- [nio-8081-exec-5] c.t.c.a.m.advice.CommonExceptionAdvice   : 自定义异常 -> com.tianji.common.exceptions.BadRequestException , 状态码：400, 异常原因：登录超时  
11:17:24.642-[LAPTOP-FPFPK7D7][cbd410776f794316a57dd86200141d50]--DEBUG 58832 --- [nio-8081-exec-5] c.t.c.a.m.advice.CommonExceptionAdvice   : 
com.tianji.common.exceptions.BadRequestException: 登录超时
	at com.tianji.auth.controller.AccountController.refreshToken(AccountController.java:50) ~[classes/:na]
	at java.base/jdk.internal.reflect.NativeMethodAccessorImpl.invoke0(Native Method) ~[na:na]
	at java.base/jdk.internal.reflect.NativeMethodAccessorImpl.invoke(NativeMethodAccessorImpl.java:77) ~[na:na]
	at java.base/jdk.internal.reflect.DelegatingMethodAccessorImpl.invoke(DelegatingMethodAccessorImpl.java:43) ~[na:na]
	at java.base/java.lang.reflect.Method.invoke(Method.java:568) ~[na:na]
	at org.springframework.web.method.support.InvocableHandlerMethod.doInvoke(InvocableHandlerMethod.java:255) ~[spring-web-6.1.14.jar:6.1.14]
	at org.springframework.web.method.support.InvocableHandlerMethod.invokeForRequest(InvocableHandlerMethod.java:188) ~[spring-web-6.1.14.jar:6.1.14]
	at org.springframework.web.servlet.mvc.method.annotation.ServletInvocableHandlerMethod.invokeAndHandle(ServletInvocableHandlerMethod.java:118) ~[spring-webmvc-6.1.14.jar:6.1.14]
	at org.springframework.web.servlet.mvc.method.annotation.RequestMappingHandlerAdapter.invokeHandlerMethod(RequestMappingHandlerAdapter.java:926) ~[spring-webmvc-6.1.14.jar:6.1.14]
	at org.springframework.web.servlet.mvc.method.annotation.RequestMappingHandlerAdapter.handleInternal(RequestMappingHandlerAdapter.java:831) ~[spring-webmvc-6.1.14.jar:6.1.14]
	at org.springframework.web.servlet.mvc.method.AbstractHandlerMethodAdapter.handle(AbstractHandlerMethodAdapter.java:87) ~[spring-webmvc-6.1.14.jar:6.1.14]
	at org.springframework.web.servlet.DispatcherServlet.doDispatch(DispatcherServlet.java:1089) ~[spring-webmvc-6.1.14.jar:6.1.14]
	at org.springframework.web.servlet.DispatcherServlet.doService(DispatcherServlet.java:979) ~[spring-webmvc-6.1.14.jar:6.1.14]
	at org.springframework.web.servlet.FrameworkServlet.processRequest(FrameworkServlet.java:1014) ~[spring-webmvc-6.1.14.jar:6.1.14]
	at org.springframework.web.servlet.FrameworkServlet.doGet(FrameworkServlet.java:903) ~[spring-webmvc-6.1.14.jar:6.1.14]
	at jakarta.servlet.http.HttpServlet.service(HttpServlet.java:564) ~[tomcat-embed-core-10.1.31.jar:6.0]
	at org.springframework.web.servlet.FrameworkServlet.service(FrameworkServlet.java:885) ~[spring-webmvc-6.1.14.jar:6.1.14]
	at jakarta.servlet.http.HttpServlet.service(HttpServlet.java:658) ~[tomcat-embed-core-10.1.31.jar:6.0]
	at org.apache.catalina.core.ApplicationFilterChain.internalDoFilter(ApplicationFilterChain.java:195) ~[tomcat-embed-core-10.1.31.jar:10.1.31]
	at org.apache.catalina.core.ApplicationFilterChain.doFilter(ApplicationFilterChain.java:140) ~[tomcat-embed-core-10.1.31.jar:10.1.31]
	at org.apache.tomcat.websocket.server.WsFilter.doFilter(WsFilter.java:51) ~[tomcat-embed-websocket-10.1.31.jar:10.1.31]
	at org.apache.catalina.core.ApplicationFilterChain.internalDoFilter(ApplicationFilterChain.java:164) ~[tomcat-embed-core-10.1.31.jar:10.1.31]
	at org.apache.catalina.core.ApplicationFilterChain.doFilter(ApplicationFilterChain.java:140) ~[tomcat-embed-core-10.1.31.jar:10.1.31]
	at org.springframework.web.filter.RequestContextFilter.doFilterInternal(RequestContextFilter.java:100) ~[spring-web-6.1.14.jar:6.1.14]
	at org.springframework.web.filter.OncePerRequestFilter.doFilter(OncePerRequestFilter.java:116) ~[spring-web-6.1.14.jar:6.1.14]
	at org.apache.catalina.core.ApplicationFilterChain.internalDoFilter(ApplicationFilterChain.java:164) ~[tomcat-embed-core-10.1.31.jar:10.1.31]
	at org.apache.catalina.core.ApplicationFilterChain.doFilter(ApplicationFilterChain.java:140) ~[tomcat-embed-core-10.1.31.jar:10.1.31]
	at org.springframework.web.filter.FormContentFilter.doFilterInternal(FormContentFilter.java:93) ~[spring-web-6.1.14.jar:6.1.14]
	at org.springframework.web.filter.OncePerRequestFilter.doFilter(OncePerRequestFilter.java:116) ~[spring-web-6.1.14.jar:6.1.14]
	at org.apache.catalina.core.ApplicationFilterChain.internalDoFilter(ApplicationFilterChain.java:164) ~[tomcat-embed-core-10.1.31.jar:10.1.31]
	at org.apache.catalina.core.ApplicationFilterChain.doFilter(ApplicationFilterChain.java:140) ~[tomcat-embed-core-10.1.31.jar:10.1.31]
	at org.springframework.web.filter.CharacterEncodingFilter.doFilterInternal(CharacterEncodingFilter.java:201) ~[spring-web-6.1.14.jar:6.1.14]
	at org.springframework.web.filter.OncePerRequestFilter.doFilter(OncePerRequestFilter.java:116) ~[spring-web-6.1.14.jar:6.1.14]
	at org.apache.catalina.core.ApplicationFilterChain.internalDoFilter(ApplicationFilterChain.java:164) ~[tomcat-embed-core-10.1.31.jar:10.1.31]
	at org.apache.catalina.core.ApplicationFilterChain.doFilter(ApplicationFilterChain.java:140) ~[tomcat-embed-core-10.1.31.jar:10.1.31]
	at com.tianji.common.filters.RequestIdFilter.doFilter(RequestIdFilter.java:27) ~[classes/:na]
	at org.apache.catalina.core.ApplicationFilterChain.internalDoFilter(ApplicationFilterChain.java:164) ~[tomcat-embed-core-10.1.31.jar:10.1.31]
	at org.apache.catalina.core.ApplicationFilterChain.doFilter(ApplicationFilterChain.java:140) ~[tomcat-embed-core-10.1.31.jar:10.1.31]
	at org.apache.catalina.core.StandardWrapperValve.invoke(StandardWrapperValve.java:167) ~[tomcat-embed-core-10.1.31.jar:10.1.31]
	at org.apache.catalina.core.StandardContextValve.invoke(StandardContextValve.java:90) ~[tomcat-embed-core-10.1.31.jar:10.1.31]
	at org.apache.catalina.authenticator.AuthenticatorBase.invoke(AuthenticatorBase.java:483) ~[tomcat-embed-core-10.1.31.jar:10.1.31]
	at org.apache.catalina.core.StandardHostValve.invoke(StandardHostValve.java:115) ~[tomcat-embed-core-10.1.31.jar:10.1.31]
	at org.apache.catalina.valves.ErrorReportValve.invoke(ErrorReportValve.java:93) ~[tomcat-embed-core-10.1.31.jar:10.1.31]
	at org.apache.catalina.core.StandardEngineValve.invoke(StandardEngineValve.java:74) ~[tomcat-embed-core-10.1.31.jar:10.1.31]
	at org.apache.catalina.connector.CoyoteAdapter.service(CoyoteAdapter.java:344) ~[tomcat-embed-core-10.1.31.jar:10.1.31]
	at org.apache.coyote.http11.Http11Processor.service(Http11Processor.java:384) ~[tomcat-embed-core-10.1.31.jar:10.1.31]
	at org.apache.coyote.AbstractProcessorLight.process(AbstractProcessorLight.java:63) ~[tomcat-embed-core-10.1.31.jar:10.1.31]
	at org.apache.coyote.AbstractProtocol$ConnectionHandler.process(AbstractProtocol.java:905) ~[tomcat-embed-core-10.1.31.jar:10.1.31]
	at org.apache.tomcat.util.net.NioEndpoint$SocketProcessor.doRun(NioEndpoint.java:1741) ~[tomcat-embed-core-10.1.31.jar:10.1.31]
	at org.apache.tomcat.util.net.SocketProcessorBase.run(SocketProcessorBase.java:52) ~[tomcat-embed-core-10.1.31.jar:10.1.31]
	at org.apache.tomcat.util.threads.ThreadPoolExecutor.runWorker(ThreadPoolExecutor.java:1190) ~[tomcat-embed-core-10.1.31.jar:10.1.31]
	at org.apache.tomcat.util.threads.ThreadPoolExecutor$Worker.run(ThreadPoolExecutor.java:659) ~[tomcat-embed-core-10.1.31.jar:10.1.31]
	at org.apache.tomcat.util.threads.TaskThread$WrappingRunnable.run(TaskThread.java:63) ~[tomcat-embed-core-10.1.31.jar:10.1.31]
	at java.base/java.lang.Thread.run(Thread.java:842) ~[na:na]
11:17:24.714-[LAPTOP-FPFPK7D7][f91ed2c88b03444f8daeafba8bcfb6f3]--ERROR 58832 --- [nio-8081-exec-7] c.t.c.a.m.advice.CommonExceptionAdvice   : 自定义异常 -> com.tianji.common.exceptions.BadRequestException , 状态码：400, 异常原因：登录超时  
11:17:24.716-[LAPTOP-FPFPK7D7][f91ed2c88b03444f8daeafba8bcfb6f3]--DEBUG 58832 --- [nio-8081-exec-7] c.t.c.a.m.advice.CommonExceptionAdvice   : 
com.tianji.common.exceptions.BadRequestException: 登录超时
	at com.tianji.auth.controller.AccountController.refreshToken(AccountController.java:50) ~[classes/:na]
	at java.base/jdk.internal.reflect.NativeMethodAccessorImpl.invoke0(Native Method) ~[na:na]
	at java.base/jdk.internal.reflect.NativeMethodAccessorImpl.invoke(NativeMethodAccessorImpl.java:77) ~[na:na]
	at java.base/jdk.internal.reflect.DelegatingMethodAccessorImpl.invoke(DelegatingMethodAccessorImpl.java:43) ~[na:na]
	at java.base/java.lang.reflect.Method.invoke(Method.java:568) ~[na:na]
	at org.springframework.web.method.support.InvocableHandlerMethod.doInvoke(InvocableHandlerMethod.java:255) ~[spring-web-6.1.14.jar:6.1.14]
	at org.springframework.web.method.support.InvocableHandlerMethod.invokeForRequest(InvocableHandlerMethod.java:188) ~[spring-web-6.1.14.jar:6.1.14]
	at org.springframework.web.servlet.mvc.method.annotation.ServletInvocableHandlerMethod.invokeAndHandle(ServletInvocableHandlerMethod.java:118) ~[spring-webmvc-6.1.14.jar:6.1.14]
	at org.springframework.web.servlet.mvc.method.annotation.RequestMappingHandlerAdapter.invokeHandlerMethod(RequestMappingHandlerAdapter.java:926) ~[spring-webmvc-6.1.14.jar:6.1.14]
	at org.springframework.web.servlet.mvc.method.annotation.RequestMappingHandlerAdapter.handleInternal(RequestMappingHandlerAdapter.java:831) ~[spring-webmvc-6.1.14.jar:6.1.14]
	at org.springframework.web.servlet.mvc.method.AbstractHandlerMethodAdapter.handle(AbstractHandlerMethodAdapter.java:87) ~[spring-webmvc-6.1.14.jar:6.1.14]
	at org.springframework.web.servlet.DispatcherServlet.doDispatch(DispatcherServlet.java:1089) ~[spring-webmvc-6.1.14.jar:6.1.14]
	at org.springframework.web.servlet.DispatcherServlet.doService(DispatcherServlet.java:979) ~[spring-webmvc-6.1.14.jar:6.1.14]
	at org.springframework.web.servlet.FrameworkServlet.processRequest(FrameworkServlet.java:1014) ~[spring-webmvc-6.1.14.jar:6.1.14]
	at org.springframework.web.servlet.FrameworkServlet.doGet(FrameworkServlet.java:903) ~[spring-webmvc-6.1.14.jar:6.1.14]
	at jakarta.servlet.http.HttpServlet.service(HttpServlet.java:564) ~[tomcat-embed-core-10.1.31.jar:6.0]
	at org.springframework.web.servlet.FrameworkServlet.service(FrameworkServlet.java:885) ~[spring-webmvc-6.1.14.jar:6.1.14]
	at jakarta.servlet.http.HttpServlet.service(HttpServlet.java:658) ~[tomcat-embed-core-10.1.31.jar:6.0]
	at org.apache.catalina.core.ApplicationFilterChain.internalDoFilter(ApplicationFilterChain.java:195) ~[tomcat-embed-core-10.1.31.jar:10.1.31]
	at org.apache.catalina.core.ApplicationFilterChain.doFilter(ApplicationFilterChain.java:140) ~[tomcat-embed-core-10.1.31.jar:10.1.31]
	at org.apache.tomcat.websocket.server.WsFilter.doFilter(WsFilter.java:51) ~[tomcat-embed-websocket-10.1.31.jar:10.1.31]
	at org.apache.catalina.core.ApplicationFilterChain.internalDoFilter(ApplicationFilterChain.java:164) ~[tomcat-embed-core-10.1.31.jar:10.1.31]
	at org.apache.catalina.core.ApplicationFilterChain.doFilter(ApplicationFilterChain.java:140) ~[tomcat-embed-core-10.1.31.jar:10.1.31]
	at org.springframework.web.filter.RequestContextFilter.doFilterInternal(RequestContextFilter.java:100) ~[spring-web-6.1.14.jar:6.1.14]
	at org.springframework.web.filter.OncePerRequestFilter.doFilter(OncePerRequestFilter.java:116) ~[spring-web-6.1.14.jar:6.1.14]
	at org.apache.catalina.core.ApplicationFilterChain.internalDoFilter(ApplicationFilterChain.java:164) ~[tomcat-embed-core-10.1.31.jar:10.1.31]
	at org.apache.catalina.core.ApplicationFilterChain.doFilter(ApplicationFilterChain.java:140) ~[tomcat-embed-core-10.1.31.jar:10.1.31]
	at org.springframework.web.filter.FormContentFilter.doFilterInternal(FormContentFilter.java:93) ~[spring-web-6.1.14.jar:6.1.14]
	at org.springframework.web.filter.OncePerRequestFilter.doFilter(OncePerRequestFilter.java:116) ~[spring-web-6.1.14.jar:6.1.14]
	at org.apache.catalina.core.ApplicationFilterChain.internalDoFilter(ApplicationFilterChain.java:164) ~[tomcat-embed-core-10.1.31.jar:10.1.31]
	at org.apache.catalina.core.ApplicationFilterChain.doFilter(ApplicationFilterChain.java:140) ~[tomcat-embed-core-10.1.31.jar:10.1.31]
	at org.springframework.web.filter.CharacterEncodingFilter.doFilterInternal(CharacterEncodingFilter.java:201) ~[spring-web-6.1.14.jar:6.1.14]
	at org.springframework.web.filter.OncePerRequestFilter.doFilter(OncePerRequestFilter.java:116) ~[spring-web-6.1.14.jar:6.1.14]
	at org.apache.catalina.core.ApplicationFilterChain.internalDoFilter(ApplicationFilterChain.java:164) ~[tomcat-embed-core-10.1.31.jar:10.1.31]
	at org.apache.catalina.core.ApplicationFilterChain.doFilter(ApplicationFilterChain.java:140) ~[tomcat-embed-core-10.1.31.jar:10.1.31]
	at com.tianji.common.filters.RequestIdFilter.doFilter(RequestIdFilter.java:27) ~[classes/:na]
	at org.apache.catalina.core.ApplicationFilterChain.internalDoFilter(ApplicationFilterChain.java:164) ~[tomcat-embed-core-10.1.31.jar:10.1.31]
	at org.apache.catalina.core.ApplicationFilterChain.doFilter(ApplicationFilterChain.java:140) ~[tomcat-embed-core-10.1.31.jar:10.1.31]
	at org.apache.catalina.core.StandardWrapperValve.invoke(StandardWrapperValve.java:167) ~[tomcat-embed-core-10.1.31.jar:10.1.31]
	at org.apache.catalina.core.StandardContextValve.invoke(StandardContextValve.java:90) ~[tomcat-embed-core-10.1.31.jar:10.1.31]
	at org.apache.catalina.authenticator.AuthenticatorBase.invoke(AuthenticatorBase.java:483) ~[tomcat-embed-core-10.1.31.jar:10.1.31]
	at org.apache.catalina.core.StandardHostValve.invoke(StandardHostValve.java:115) ~[tomcat-embed-core-10.1.31.jar:10.1.31]
	at org.apache.catalina.valves.ErrorReportValve.invoke(ErrorReportValve.java:93) ~[tomcat-embed-core-10.1.31.jar:10.1.31]
	at org.apache.catalina.core.StandardEngineValve.invoke(StandardEngineValve.java:74) ~[tomcat-embed-core-10.1.31.jar:10.1.31]
	at org.apache.catalina.connector.CoyoteAdapter.service(CoyoteAdapter.java:344) ~[tomcat-embed-core-10.1.31.jar:10.1.31]
	at org.apache.coyote.http11.Http11Processor.service(Http11Processor.java:384) ~[tomcat-embed-core-10.1.31.jar:10.1.31]
	at org.apache.coyote.AbstractProcessorLight.process(AbstractProcessorLight.java:63) ~[tomcat-embed-core-10.1.31.jar:10.1.31]
	at org.apache.coyote.AbstractProtocol$ConnectionHandler.process(AbstractProtocol.java:905) ~[tomcat-embed-core-10.1.31.jar:10.1.31]
	at org.apache.tomcat.util.net.NioEndpoint$SocketProcessor.doRun(NioEndpoint.java:1741) ~[tomcat-embed-core-10.1.31.jar:10.1.31]
	at org.apache.tomcat.util.net.SocketProcessorBase.run(SocketProcessorBase.java:52) ~[tomcat-embed-core-10.1.31.jar:10.1.31]
	at org.apache.tomcat.util.threads.ThreadPoolExecutor.runWorker(ThreadPoolExecutor.java:1190) ~[tomcat-embed-core-10.1.31.jar:10.1.31]
	at org.apache.tomcat.util.threads.ThreadPoolExecutor$Worker.run(ThreadPoolExecutor.java:659) ~[tomcat-embed-core-10.1.31.jar:10.1.31]
	at org.apache.tomcat.util.threads.TaskThread$WrappingRunnable.run(TaskThread.java:63) ~[tomcat-embed-core-10.1.31.jar:10.1.31]
	at java.base/java.lang.Thread.run(Thread.java:842) ~[na:na]
11:18:44.599-[LAPTOP-FPFPK7D7][44075f2ce9064617a9ec57d56e030329]--DEBUG 58832 --- [nio-8081-exec-8] com.tianji.common.utils.CookieBuilder    : 生成cookie，编码方式:UTF-8，【refresh=eyJ0eXAiOiJKV1QiLCJhbGciOiJSUzI1NiJ9.eyJqdGkiOiIyNzJiMTdiM2ZjMTU0YWRkYjk0MmUzMGIyZjU5N2YzNCIsInVzZXIiOnsidXNlcklkIjoyLCJyb2xlSWQiOjIsInJlbWVtYmVyTWUiOmZhbHNlfSwiZXhwIjoxNzU3MDQ0MTI0fQ.bf0Zf7LlcZ8fsJ-N5NtAn6FeP5efPmzYyRmfNl5hvhYJnowLMwWZgxv65clyaZtsHC2AVvX1vtFyKgDmhZUNcjvz6S7b68_UrniWa5CWhFORJbEA3uaKAiMb0wb5q5ijapYmrcIWhzYN7Vyt6mNrAsgH8r7g3leV8I1Ou4Yxk4xRAeYAkA8U8e0p4ezUR3ci4PjpVhhHq_3RYOluRoJYPkKG_ue2Jo1eeGu6dyssLDIyqBu1n8rSTv6_QQn8V1-s9x8nmqDVtFSk_lqt-jrT_nS1w0N8kGjSJcg-3_uCXmQHFAQv6iiAKJjCTULf2KIyJ-R9In9zWgJ_830VivDlpg，domain:null;maxAge=-1;path=/;httpOnly=true】
11:18:44.644-[LAPTOP-FPFPK7D7][44075f2ce9064617a9ec57d56e030329]--DEBUG 58832 --- [-write-worker-1] c.t.a.mapper.LoginRecordMapper.insert    : ==>  Preparing: INSERT INTO login_record ( user_id, login_time, login_date, ipv4 ) VALUES ( ?, ?, ?, ? )
11:18:44.657-[LAPTOP-FPFPK7D7][44075f2ce9064617a9ec57d56e030329]--DEBUG 58832 --- [-write-worker-1] c.t.a.mapper.LoginRecordMapper.insert    : ==> Parameters: 2(Long), 2025-09-05T11:18:44.606064200(LocalDateTime), 2025-09-05(LocalDate), 192.168.150.1(String)
11:18:44.705-[LAPTOP-FPFPK7D7][44075f2ce9064617a9ec57d56e030329]--DEBUG 58832 --- [-write-worker-1] c.t.a.mapper.LoginRecordMapper.insert    : <==    Updates: 1
12:21:07.307-[LAPTOP-FPFPK7D7][sys]-- INFO 58832 --- [ioEventLoop-4-1] i.lettuce.core.protocol.CommandHandler   : null Unexpected exception during request: java.net.SocketException: Connection reset
java.net.SocketException: Connection reset
	at java.base/sun.nio.ch.SocketChannelImpl.throwConnectionReset(SocketChannelImpl.java:394) ~[na:na]
	at java.base/sun.nio.ch.SocketChannelImpl.read(SocketChannelImpl.java:426) ~[na:na]
	at io.netty.buffer.PooledByteBuf.setBytes(PooledByteBuf.java:255) ~[netty-buffer-4.1.114.Final.jar:4.1.114.Final]
	at io.netty.buffer.AbstractByteBuf.writeBytes(AbstractByteBuf.java:1132) ~[netty-buffer-4.1.114.Final.jar:4.1.114.Final]
	at io.netty.channel.socket.nio.NioSocketChannel.doReadBytes(NioSocketChannel.java:356) ~[netty-transport-4.1.114.Final.jar:4.1.114.Final]
	at io.netty.channel.nio.AbstractNioByteChannel$NioByteUnsafe.read(AbstractNioByteChannel.java:151) ~[netty-transport-4.1.114.Final.jar:4.1.114.Final]
	at io.netty.channel.nio.NioEventLoop.processSelectedKey(NioEventLoop.java:788) ~[netty-transport-4.1.114.Final.jar:4.1.114.Final]
	at io.netty.channel.nio.NioEventLoop.processSelectedKeysOptimized(NioEventLoop.java:724) ~[netty-transport-4.1.114.Final.jar:4.1.114.Final]
	at io.netty.channel.nio.NioEventLoop.processSelectedKeys(NioEventLoop.java:650) ~[netty-transport-4.1.114.Final.jar:4.1.114.Final]
	at io.netty.channel.nio.NioEventLoop.run(NioEventLoop.java:562) ~[netty-transport-4.1.114.Final.jar:4.1.114.Final]
	at io.netty.util.concurrent.SingleThreadEventExecutor$4.run(SingleThreadEventExecutor.java:997) ~[netty-common-4.1.114.Final.jar:4.1.114.Final]
	at io.netty.util.internal.ThreadExecutorMap$2.run(ThreadExecutorMap.java:74) ~[netty-common-4.1.114.Final.jar:4.1.114.Final]
	at io.netty.util.concurrent.FastThreadLocalRunnable.run(FastThreadLocalRunnable.java:30) ~[netty-common-4.1.114.Final.jar:4.1.114.Final]
	at java.base/java.lang.Thread.run(Thread.java:842) ~[na:na]
13:58:27.121-[LAPTOP-FPFPK7D7][sys]-- INFO 58832 --- [xecutorLoop-1-2] i.l.core.protocol.ConnectionWatchdog     : Reconnecting, last destination was /192.168.150.101:6379
13:58:27.193-[LAPTOP-FPFPK7D7][sys]-- WARN 58832 --- [ioEventLoop-4-2] i.l.core.protocol.ConnectionWatchdog     : Cannot reconnect to [192.168.150.101/<unresolved>:6379]: No route to host: no further information: /192.168.150.101:6379
io.netty.channel.AbstractChannel$AnnotatedNoRouteToHostException: No route to host: no further information: /192.168.150.101:6379
Caused by: java.net.NoRouteToHostException: No route to host: no further information
	at java.base/sun.nio.ch.Net.pollConnect(Native Method) ~[na:na]
	at java.base/sun.nio.ch.Net.pollConnectNow(Net.java:672) ~[na:na]
	at java.base/sun.nio.ch.SocketChannelImpl.finishConnect(SocketChannelImpl.java:946) ~[na:na]
	at io.netty.channel.socket.nio.NioSocketChannel.doFinishConnect(NioSocketChannel.java:336) ~[netty-transport-4.1.114.Final.jar:4.1.114.Final]
	at io.netty.channel.nio.AbstractNioChannel$AbstractNioUnsafe.finishConnect(AbstractNioChannel.java:339) ~[netty-transport-4.1.114.Final.jar:4.1.114.Final]
	at io.netty.channel.nio.NioEventLoop.processSelectedKey(NioEventLoop.java:776) ~[netty-transport-4.1.114.Final.jar:4.1.114.Final]
	at io.netty.channel.nio.NioEventLoop.processSelectedKeysOptimized(NioEventLoop.java:724) ~[netty-transport-4.1.114.Final.jar:4.1.114.Final]
	at io.netty.channel.nio.NioEventLoop.processSelectedKeys(NioEventLoop.java:650) ~[netty-transport-4.1.114.Final.jar:4.1.114.Final]
	at io.netty.channel.nio.NioEventLoop.run(NioEventLoop.java:562) ~[netty-transport-4.1.114.Final.jar:4.1.114.Final]
	at io.netty.util.concurrent.SingleThreadEventExecutor$4.run(SingleThreadEventExecutor.java:997) ~[netty-common-4.1.114.Final.jar:4.1.114.Final]
	at io.netty.util.internal.ThreadExecutorMap$2.run(ThreadExecutorMap.java:74) ~[netty-common-4.1.114.Final.jar:4.1.114.Final]
	at io.netty.util.concurrent.FastThreadLocalRunnable.run(FastThreadLocalRunnable.java:30) ~[netty-common-4.1.114.Final.jar:4.1.114.Final]
	at java.base/java.lang.Thread.run(Thread.java:842) ~[na:na]
13:58:27.326-[LAPTOP-FPFPK7D7][sys]-- INFO 58832 --- [xecutorLoop-1-3] i.l.core.protocol.ConnectionWatchdog     : Reconnecting, last destination was 192.168.150.101/<unresolved>:6379
13:58:27.544-[LAPTOP-FPFPK7D7][sys]-- WARN 58832 --- [ioEventLoop-4-3] i.l.core.protocol.ConnectionWatchdog     : Cannot reconnect to [192.168.150.101/<unresolved>:6379]: No route to host: no further information: /192.168.150.101:6379
io.netty.channel.AbstractChannel$AnnotatedNoRouteToHostException: No route to host: no further information: /192.168.150.101:6379
Caused by: java.net.NoRouteToHostException: No route to host: no further information
	at java.base/sun.nio.ch.Net.pollConnect(Native Method) ~[na:na]
	at java.base/sun.nio.ch.Net.pollConnectNow(Net.java:672) ~[na:na]
	at java.base/sun.nio.ch.SocketChannelImpl.finishConnect(SocketChannelImpl.java:946) ~[na:na]
	at io.netty.channel.socket.nio.NioSocketChannel.doFinishConnect(NioSocketChannel.java:336) ~[netty-transport-4.1.114.Final.jar:4.1.114.Final]
	at io.netty.channel.nio.AbstractNioChannel$AbstractNioUnsafe.finishConnect(AbstractNioChannel.java:339) ~[netty-transport-4.1.114.Final.jar:4.1.114.Final]
	at io.netty.channel.nio.NioEventLoop.processSelectedKey(NioEventLoop.java:776) ~[netty-transport-4.1.114.Final.jar:4.1.114.Final]
	at io.netty.channel.nio.NioEventLoop.processSelectedKeysOptimized(NioEventLoop.java:724) ~[netty-transport-4.1.114.Final.jar:4.1.114.Final]
	at io.netty.channel.nio.NioEventLoop.processSelectedKeys(NioEventLoop.java:650) ~[netty-transport-4.1.114.Final.jar:4.1.114.Final]
	at io.netty.channel.nio.NioEventLoop.run(NioEventLoop.java:562) ~[netty-transport-4.1.114.Final.jar:4.1.114.Final]
	at io.netty.util.concurrent.SingleThreadEventExecutor$4.run(SingleThreadEventExecutor.java:997) ~[netty-common-4.1.114.Final.jar:4.1.114.Final]
	at io.netty.util.internal.ThreadExecutorMap$2.run(ThreadExecutorMap.java:74) ~[netty-common-4.1.114.Final.jar:4.1.114.Final]
	at io.netty.util.concurrent.FastThreadLocalRunnable.run(FastThreadLocalRunnable.java:30) ~[netty-common-4.1.114.Final.jar:4.1.114.Final]
	at java.base/java.lang.Thread.run(Thread.java:842) ~[na:na]
13:58:33.206-[LAPTOP-FPFPK7D7][sys]-- INFO 58832 --- [ecutorLoop-1-13] i.l.core.protocol.ConnectionWatchdog     : Reconnecting, last destination was 192.168.150.101/<unresolved>:6379
13:58:40.722-[LAPTOP-FPFPK7D7][sys]-- WARN 58832 --- [l-1 housekeeper] com.zaxxer.hikari.pool.HikariPool        : HikariPool-1 - Thread starvation or clock leap detected (housekeeper delta=1h37m52s346ms587µs400ns).
13:58:43.211-[LAPTOP-FPFPK7D7][sys]-- WARN 58832 --- [oEventLoop-4-13] i.l.core.protocol.ConnectionWatchdog     : Cannot reconnect to [192.168.150.101/<unresolved>:6379]: connection timed out after 10000 ms: /192.168.150.101:6379
13:58:47.395-[LAPTOP-FPFPK7D7][sys]-- INFO 58832 --- [ecutorLoop-1-14] i.l.core.protocol.ConnectionWatchdog     : Reconnecting, last destination was 192.168.150.101/<unresolved>:6379
13:58:51.511-[LAPTOP-FPFPK7D7][sys]-- INFO 58832 --- [oEventLoop-4-14] i.l.core.protocol.ReconnectionHandler    : Reconnected to 192.168.150.101/<unresolved>:6379
13:58:57.051-[LAPTOP-FPFPK7D7][sys]--ERROR 58832 --- [isson-timer-7-1] o.r.c.handler.PingConnectionHandler      : Unable to send PING command over channel: [id: 0xe3b958e7, L:/192.168.150.1:59452 ! R:/192.168.150.101:6379]
io.netty.channel.StacklessClosedChannelException: null
	at io.netty.channel.AbstractChannel$AbstractUnsafe.write(Object, ChannelPromise)(Unknown Source) ~[netty-transport-4.1.114.Final.jar:4.1.114.Final]
13:58:57.052-[LAPTOP-FPFPK7D7][sys]--ERROR 58832 --- [isson-timer-7-1] o.r.c.handler.PingConnectionHandler      : Unable to send PING command over channel: [id: 0xa27324a8, L:/192.168.150.1:59453 ! R:/192.168.150.101:6379]
io.netty.channel.StacklessClosedChannelException: null
	at io.netty.channel.AbstractChannel$AbstractUnsafe.write(Object, ChannelPromise)(Unknown Source) ~[netty-transport-4.1.114.Final.jar:4.1.114.Final]
13:58:57.052-[LAPTOP-FPFPK7D7][sys]--ERROR 58832 --- [isson-timer-7-1] o.r.c.handler.PingConnectionHandler      : Unable to send PING command over channel: [id: 0x7aa49fcb, L:/192.168.150.1:59448 ! R:/192.168.150.101:6379]
io.netty.channel.StacklessClosedChannelException: null
	at io.netty.channel.AbstractChannel$AbstractUnsafe.write(Object, ChannelPromise)(Unknown Source) ~[netty-transport-4.1.114.Final.jar:4.1.114.Final]
13:58:57.053-[LAPTOP-FPFPK7D7][sys]--ERROR 58832 --- [isson-timer-7-1] o.r.c.handler.PingConnectionHandler      : Unable to send PING command over channel: [id: 0x07c1f161, L:/192.168.150.1:59454 ! R:/192.168.150.101:6379]
io.netty.channel.StacklessClosedChannelException: null
	at io.netty.channel.AbstractChannel$AbstractUnsafe.write(Object, ChannelPromise)(Unknown Source) ~[netty-transport-4.1.114.Final.jar:4.1.114.Final]
13:58:57.053-[LAPTOP-FPFPK7D7][sys]--ERROR 58832 --- [isson-timer-7-1] o.r.c.handler.PingConnectionHandler      : Unable to send PING command over channel: [id: 0x1ce5a114, L:/192.168.150.1:59447 ! R:/192.168.150.101:6379]
io.netty.channel.StacklessClosedChannelException: null
	at io.netty.channel.AbstractChannel$AbstractUnsafe.write(Object, ChannelPromise)(Unknown Source) ~[netty-transport-4.1.114.Final.jar:4.1.114.Final]
13:58:57.053-[LAPTOP-FPFPK7D7][sys]--ERROR 58832 --- [isson-timer-7-1] o.r.c.handler.PingConnectionHandler      : Unable to send PING command over channel: [id: 0xf69c7bbd, L:/192.168.150.1:59445 ! R:/192.168.150.101:6379]
io.netty.channel.StacklessClosedChannelException: null
	at io.netty.channel.AbstractChannel$AbstractUnsafe.write(Object, ChannelPromise)(Unknown Source) ~[netty-transport-4.1.114.Final.jar:4.1.114.Final]
13:58:57.053-[LAPTOP-FPFPK7D7][sys]--ERROR 58832 --- [isson-timer-7-1] o.r.c.handler.PingConnectionHandler      : Unable to send PING command over channel: [id: 0xb57478a4, L:/192.168.150.1:59451 ! R:/192.168.150.101:6379]
io.netty.channel.StacklessClosedChannelException: null
	at io.netty.channel.AbstractChannel$AbstractUnsafe.write(Object, ChannelPromise)(Unknown Source) ~[netty-transport-4.1.114.Final.jar:4.1.114.Final]
13:58:57.053-[LAPTOP-FPFPK7D7][sys]--ERROR 58832 --- [isson-timer-7-1] o.r.c.handler.PingConnectionHandler      : Unable to send PING command over channel: [id: 0xd10c03ba, L:/192.168.150.1:59449 ! R:/192.168.150.101:6379]
io.netty.channel.StacklessClosedChannelException: null
	at io.netty.channel.AbstractChannel$AbstractUnsafe.write(Object, ChannelPromise)(Unknown Source) ~[netty-transport-4.1.114.Final.jar:4.1.114.Final]
13:58:57.053-[LAPTOP-FPFPK7D7][sys]--ERROR 58832 --- [isson-timer-7-1] o.r.c.handler.PingConnectionHandler      : Unable to send PING command over channel: [id: 0x0d3d2b34, L:/192.168.150.1:59446 ! R:/192.168.150.101:6379]
io.netty.channel.StacklessClosedChannelException: null
	at io.netty.channel.AbstractChannel$AbstractUnsafe.write(Object, ChannelPromise)(Unknown Source) ~[netty-transport-4.1.114.Final.jar:4.1.114.Final]
13:58:57.054-[LAPTOP-FPFPK7D7][sys]--ERROR 58832 --- [isson-timer-7-1] o.r.c.handler.PingConnectionHandler      : Unable to send PING command over channel: [id: 0xb0f2659f, L:/192.168.150.1:59450 ! R:/192.168.150.101:6379]
io.netty.channel.StacklessClosedChannelException: null
	at io.netty.channel.AbstractChannel$AbstractUnsafe.write(Object, ChannelPromise)(Unknown Source) ~[netty-transport-4.1.114.Final.jar:4.1.114.Final]
13:58:57.054-[LAPTOP-FPFPK7D7][sys]--ERROR 58832 --- [isson-timer-7-1] o.r.c.handler.PingConnectionHandler      : Unable to send PING command over channel: [id: 0x049c1747, L:/192.168.150.1:59444 ! R:/192.168.150.101:6379]
io.netty.channel.StacklessClosedChannelException: null
	at io.netty.channel.AbstractChannel$AbstractUnsafe.write(Object, ChannelPromise)(Unknown Source) ~[netty-transport-4.1.114.Final.jar:4.1.114.Final]
13:58:57.054-[LAPTOP-FPFPK7D7][sys]--ERROR 58832 --- [isson-timer-7-1] o.r.c.handler.PingConnectionHandler      : Unable to send PING command over channel: [id: 0x8c380737, L:/192.168.150.1:59455 ! R:/192.168.150.101:6379]
io.netty.channel.StacklessClosedChannelException: null
	at io.netty.channel.AbstractChannel$AbstractUnsafe.write(Object, ChannelPromise)(Unknown Source) ~[netty-transport-4.1.114.Final.jar:4.1.114.Final]
13:58:57.054-[LAPTOP-FPFPK7D7][sys]--ERROR 58832 --- [isson-timer-7-1] o.r.c.handler.PingConnectionHandler      : Unable to send PING command over channel: [id: 0x0cbf52cb, L:/192.168.150.1:59457 ! R:/192.168.150.101:6379]
io.netty.channel.StacklessClosedChannelException: null
	at io.netty.channel.AbstractChannel$AbstractUnsafe.write(Object, ChannelPromise)(Unknown Source) ~[netty-transport-4.1.114.Final.jar:4.1.114.Final]
13:58:57.054-[LAPTOP-FPFPK7D7][sys]--ERROR 58832 --- [isson-timer-7-1] o.r.c.handler.PingConnectionHandler      : Unable to send PING command over channel: [id: 0x94cd6189, L:/192.168.150.1:59458 ! R:/192.168.150.101:6379]
io.netty.channel.StacklessClosedChannelException: null
	at io.netty.channel.AbstractChannel$AbstractUnsafe.write(Object, ChannelPromise)(Unknown Source) ~[netty-transport-4.1.114.Final.jar:4.1.114.Final]
13:58:57.054-[LAPTOP-FPFPK7D7][sys]--ERROR 58832 --- [isson-timer-7-1] o.r.c.handler.PingConnectionHandler      : Unable to send PING command over channel: [id: 0x889442b3, L:/192.168.150.1:59461 ! R:/192.168.150.101:6379]
io.netty.channel.StacklessClosedChannelException: null
	at io.netty.channel.AbstractChannel$AbstractUnsafe.write(Object, ChannelPromise)(Unknown Source) ~[netty-transport-4.1.114.Final.jar:4.1.114.Final]
13:58:57.054-[LAPTOP-FPFPK7D7][sys]--ERROR 58832 --- [isson-timer-7-1] o.r.c.handler.PingConnectionHandler      : Unable to send PING command over channel: [id: 0xcd2ce937, L:/192.168.150.1:59460 ! R:/192.168.150.101:6379]
io.netty.channel.StacklessClosedChannelException: null
	at io.netty.channel.AbstractChannel$AbstractUnsafe.write(Object, ChannelPromise)(Unknown Source) ~[netty-transport-4.1.114.Final.jar:4.1.114.Final]
13:58:57.055-[LAPTOP-FPFPK7D7][sys]--ERROR 58832 --- [isson-timer-7-1] o.r.c.handler.PingConnectionHandler      : Unable to send PING command over channel: [id: 0x9b410e6b, L:/192.168.150.1:59459 ! R:/192.168.150.101:6379]
io.netty.channel.StacklessClosedChannelException: null
	at io.netty.channel.AbstractChannel$AbstractUnsafe.write(Object, ChannelPromise)(Unknown Source) ~[netty-transport-4.1.114.Final.jar:4.1.114.Final]
13:58:57.055-[LAPTOP-FPFPK7D7][sys]--ERROR 58832 --- [isson-timer-7-1] o.r.c.handler.PingConnectionHandler      : Unable to send PING command over channel: [id: 0x0045bd2f, L:/192.168.150.1:59462 ! R:/192.168.150.101:6379]
io.netty.channel.StacklessClosedChannelException: null
	at io.netty.channel.AbstractChannel$AbstractUnsafe.write(Object, ChannelPromise)(Unknown Source) ~[netty-transport-4.1.114.Final.jar:4.1.114.Final]
13:58:57.055-[LAPTOP-FPFPK7D7][sys]--ERROR 58832 --- [isson-timer-7-1] o.r.c.handler.PingConnectionHandler      : Unable to send PING command over channel: [id: 0x104c8914, L:/192.168.150.1:59463 ! R:/192.168.150.101:6379]
io.netty.channel.StacklessClosedChannelException: null
	at io.netty.channel.AbstractChannel$AbstractUnsafe.write(Object, ChannelPromise)(Unknown Source) ~[netty-transport-4.1.114.Final.jar:4.1.114.Final]
13:58:57.055-[LAPTOP-FPFPK7D7][sys]--ERROR 58832 --- [isson-timer-7-1] o.r.c.handler.PingConnectionHandler      : Unable to send PING command over channel: [id: 0xb8c63769, L:/192.168.150.1:59464 ! R:/192.168.150.101:6379]
io.netty.channel.StacklessClosedChannelException: null
	at io.netty.channel.AbstractChannel$AbstractUnsafe.write(Object, ChannelPromise)(Unknown Source) ~[netty-transport-4.1.114.Final.jar:4.1.114.Final]
13:58:57.055-[LAPTOP-FPFPK7D7][sys]--ERROR 58832 --- [isson-timer-7-1] o.r.c.handler.PingConnectionHandler      : Unable to send PING command over channel: [id: 0x47013739, L:/192.168.150.1:59465 ! R:/192.168.150.101:6379]
io.netty.channel.StacklessClosedChannelException: null
	at io.netty.channel.AbstractChannel$AbstractUnsafe.write(Object, ChannelPromise)(Unknown Source) ~[netty-transport-4.1.114.Final.jar:4.1.114.Final]
13:58:57.055-[LAPTOP-FPFPK7D7][sys]--ERROR 58832 --- [isson-timer-7-1] o.r.c.handler.PingConnectionHandler      : Unable to send PING command over channel: [id: 0x689d98aa, L:/192.168.150.1:59467 ! R:/192.168.150.101:6379]
io.netty.channel.StacklessClosedChannelException: null
	at io.netty.channel.AbstractChannel$AbstractUnsafe.write(Object, ChannelPromise)(Unknown Source) ~[netty-transport-4.1.114.Final.jar:4.1.114.Final]
13:58:57.056-[LAPTOP-FPFPK7D7][sys]--ERROR 58832 --- [isson-timer-7-1] o.r.c.handler.PingConnectionHandler      : Unable to send PING command over channel: [id: 0x66e7563c, L:/192.168.150.1:59466 ! R:/192.168.150.101:6379]
io.netty.channel.StacklessClosedChannelException: null
	at io.netty.channel.AbstractChannel$AbstractUnsafe.write(Object, ChannelPromise)(Unknown Source) ~[netty-transport-4.1.114.Final.jar:4.1.114.Final]
13:58:57.056-[LAPTOP-FPFPK7D7][sys]--ERROR 58832 --- [isson-timer-7-1] o.r.c.handler.PingConnectionHandler      : Unable to send PING command over channel: [id: 0x636d4650, L:/192.168.150.1:59469 ! R:/192.168.150.101:6379]
io.netty.channel.StacklessClosedChannelException: null
	at io.netty.channel.AbstractChannel$AbstractUnsafe.write(Object, ChannelPromise)(Unknown Source) ~[netty-transport-4.1.114.Final.jar:4.1.114.Final]
13:58:57.056-[LAPTOP-FPFPK7D7][sys]--ERROR 58832 --- [isson-timer-7-1] o.r.c.handler.PingConnectionHandler      : Unable to send PING command over channel: [id: 0x8ea68032, L:/192.168.150.1:59468 ! R:/192.168.150.101:6379]
io.netty.channel.StacklessClosedChannelException: null
	at io.netty.channel.AbstractChannel$AbstractUnsafe.write(Object, ChannelPromise)(Unknown Source) ~[netty-transport-4.1.114.Final.jar:4.1.114.Final]
15:03:04.797-[LAPTOP-FPFPK7D7][6ea0af314bd04b5088830e3fe7df0d3c]--ERROR 58832 --- [io-8081-exec-10] c.t.c.a.m.advice.CommonExceptionAdvice   : 自定义异常 -> com.tianji.common.exceptions.BadRequestException , 状态码：400, 异常原因：token已过期  
15:03:04.798-[LAPTOP-FPFPK7D7][6ea0af314bd04b5088830e3fe7df0d3c]--DEBUG 58832 --- [io-8081-exec-10] c.t.c.a.m.advice.CommonExceptionAdvice   : 
com.tianji.common.exceptions.BadRequestException: token已过期
	at com.tianji.auth.util.JwtTool.parseRefreshToken(JwtTool.java:104) ~[classes/:na]
	at com.tianji.auth.service.impl.AccountServiceImpl.refreshToken(AccountServiceImpl.java:86) ~[classes/:na]
	at com.tianji.auth.controller.AccountController.refreshToken(AccountController.java:60) ~[classes/:na]
	at java.base/jdk.internal.reflect.NativeMethodAccessorImpl.invoke0(Native Method) ~[na:na]
	at java.base/jdk.internal.reflect.NativeMethodAccessorImpl.invoke(NativeMethodAccessorImpl.java:77) ~[na:na]
	at java.base/jdk.internal.reflect.DelegatingMethodAccessorImpl.invoke(DelegatingMethodAccessorImpl.java:43) ~[na:na]
	at java.base/java.lang.reflect.Method.invoke(Method.java:568) ~[na:na]
	at org.springframework.web.method.support.InvocableHandlerMethod.doInvoke(InvocableHandlerMethod.java:255) ~[spring-web-6.1.14.jar:6.1.14]
	at org.springframework.web.method.support.InvocableHandlerMethod.invokeForRequest(InvocableHandlerMethod.java:188) ~[spring-web-6.1.14.jar:6.1.14]
	at org.springframework.web.servlet.mvc.method.annotation.ServletInvocableHandlerMethod.invokeAndHandle(ServletInvocableHandlerMethod.java:118) ~[spring-webmvc-6.1.14.jar:6.1.14]
	at org.springframework.web.servlet.mvc.method.annotation.RequestMappingHandlerAdapter.invokeHandlerMethod(RequestMappingHandlerAdapter.java:926) ~[spring-webmvc-6.1.14.jar:6.1.14]
	at org.springframework.web.servlet.mvc.method.annotation.RequestMappingHandlerAdapter.handleInternal(RequestMappingHandlerAdapter.java:831) ~[spring-webmvc-6.1.14.jar:6.1.14]
	at org.springframework.web.servlet.mvc.method.AbstractHandlerMethodAdapter.handle(AbstractHandlerMethodAdapter.java:87) ~[spring-webmvc-6.1.14.jar:6.1.14]
	at org.springframework.web.servlet.DispatcherServlet.doDispatch(DispatcherServlet.java:1089) ~[spring-webmvc-6.1.14.jar:6.1.14]
	at org.springframework.web.servlet.DispatcherServlet.doService(DispatcherServlet.java:979) ~[spring-webmvc-6.1.14.jar:6.1.14]
	at org.springframework.web.servlet.FrameworkServlet.processRequest(FrameworkServlet.java:1014) ~[spring-webmvc-6.1.14.jar:6.1.14]
	at org.springframework.web.servlet.FrameworkServlet.doGet(FrameworkServlet.java:903) ~[spring-webmvc-6.1.14.jar:6.1.14]
	at jakarta.servlet.http.HttpServlet.service(HttpServlet.java:564) ~[tomcat-embed-core-10.1.31.jar:6.0]
	at org.springframework.web.servlet.FrameworkServlet.service(FrameworkServlet.java:885) ~[spring-webmvc-6.1.14.jar:6.1.14]
	at jakarta.servlet.http.HttpServlet.service(HttpServlet.java:658) ~[tomcat-embed-core-10.1.31.jar:6.0]
	at org.apache.catalina.core.ApplicationFilterChain.internalDoFilter(ApplicationFilterChain.java:195) ~[tomcat-embed-core-10.1.31.jar:10.1.31]
	at org.apache.catalina.core.ApplicationFilterChain.doFilter(ApplicationFilterChain.java:140) ~[tomcat-embed-core-10.1.31.jar:10.1.31]
	at org.apache.tomcat.websocket.server.WsFilter.doFilter(WsFilter.java:51) ~[tomcat-embed-websocket-10.1.31.jar:10.1.31]
	at org.apache.catalina.core.ApplicationFilterChain.internalDoFilter(ApplicationFilterChain.java:164) ~[tomcat-embed-core-10.1.31.jar:10.1.31]
	at org.apache.catalina.core.ApplicationFilterChain.doFilter(ApplicationFilterChain.java:140) ~[tomcat-embed-core-10.1.31.jar:10.1.31]
	at org.springframework.web.filter.RequestContextFilter.doFilterInternal(RequestContextFilter.java:100) ~[spring-web-6.1.14.jar:6.1.14]
	at org.springframework.web.filter.OncePerRequestFilter.doFilter(OncePerRequestFilter.java:116) ~[spring-web-6.1.14.jar:6.1.14]
	at org.apache.catalina.core.ApplicationFilterChain.internalDoFilter(ApplicationFilterChain.java:164) ~[tomcat-embed-core-10.1.31.jar:10.1.31]
	at org.apache.catalina.core.ApplicationFilterChain.doFilter(ApplicationFilterChain.java:140) ~[tomcat-embed-core-10.1.31.jar:10.1.31]
	at org.springframework.web.filter.FormContentFilter.doFilterInternal(FormContentFilter.java:93) ~[spring-web-6.1.14.jar:6.1.14]
	at org.springframework.web.filter.OncePerRequestFilter.doFilter(OncePerRequestFilter.java:116) ~[spring-web-6.1.14.jar:6.1.14]
	at org.apache.catalina.core.ApplicationFilterChain.internalDoFilter(ApplicationFilterChain.java:164) ~[tomcat-embed-core-10.1.31.jar:10.1.31]
	at org.apache.catalina.core.ApplicationFilterChain.doFilter(ApplicationFilterChain.java:140) ~[tomcat-embed-core-10.1.31.jar:10.1.31]
	at org.springframework.web.filter.CharacterEncodingFilter.doFilterInternal(CharacterEncodingFilter.java:201) ~[spring-web-6.1.14.jar:6.1.14]
	at org.springframework.web.filter.OncePerRequestFilter.doFilter(OncePerRequestFilter.java:116) ~[spring-web-6.1.14.jar:6.1.14]
	at org.apache.catalina.core.ApplicationFilterChain.internalDoFilter(ApplicationFilterChain.java:164) ~[tomcat-embed-core-10.1.31.jar:10.1.31]
	at org.apache.catalina.core.ApplicationFilterChain.doFilter(ApplicationFilterChain.java:140) ~[tomcat-embed-core-10.1.31.jar:10.1.31]
	at com.tianji.common.filters.RequestIdFilter.doFilter(RequestIdFilter.java:27) ~[classes/:na]
	at org.apache.catalina.core.ApplicationFilterChain.internalDoFilter(ApplicationFilterChain.java:164) ~[tomcat-embed-core-10.1.31.jar:10.1.31]
	at org.apache.catalina.core.ApplicationFilterChain.doFilter(ApplicationFilterChain.java:140) ~[tomcat-embed-core-10.1.31.jar:10.1.31]
	at org.apache.catalina.core.StandardWrapperValve.invoke(StandardWrapperValve.java:167) ~[tomcat-embed-core-10.1.31.jar:10.1.31]
	at org.apache.catalina.core.StandardContextValve.invoke(StandardContextValve.java:90) ~[tomcat-embed-core-10.1.31.jar:10.1.31]
	at org.apache.catalina.authenticator.AuthenticatorBase.invoke(AuthenticatorBase.java:483) ~[tomcat-embed-core-10.1.31.jar:10.1.31]
	at org.apache.catalina.core.StandardHostValve.invoke(StandardHostValve.java:115) ~[tomcat-embed-core-10.1.31.jar:10.1.31]
	at org.apache.catalina.valves.ErrorReportValve.invoke(ErrorReportValve.java:93) ~[tomcat-embed-core-10.1.31.jar:10.1.31]
	at org.apache.catalina.core.StandardEngineValve.invoke(StandardEngineValve.java:74) ~[tomcat-embed-core-10.1.31.jar:10.1.31]
	at org.apache.catalina.connector.CoyoteAdapter.service(CoyoteAdapter.java:344) ~[tomcat-embed-core-10.1.31.jar:10.1.31]
	at org.apache.coyote.http11.Http11Processor.service(Http11Processor.java:384) ~[tomcat-embed-core-10.1.31.jar:10.1.31]
	at org.apache.coyote.AbstractProcessorLight.process(AbstractProcessorLight.java:63) ~[tomcat-embed-core-10.1.31.jar:10.1.31]
	at org.apache.coyote.AbstractProtocol$ConnectionHandler.process(AbstractProtocol.java:905) ~[tomcat-embed-core-10.1.31.jar:10.1.31]
	at org.apache.tomcat.util.net.NioEndpoint$SocketProcessor.doRun(NioEndpoint.java:1741) ~[tomcat-embed-core-10.1.31.jar:10.1.31]
	at org.apache.tomcat.util.net.SocketProcessorBase.run(SocketProcessorBase.java:52) ~[tomcat-embed-core-10.1.31.jar:10.1.31]
	at org.apache.tomcat.util.threads.ThreadPoolExecutor.runWorker(ThreadPoolExecutor.java:1190) ~[tomcat-embed-core-10.1.31.jar:10.1.31]
	at org.apache.tomcat.util.threads.ThreadPoolExecutor$Worker.run(ThreadPoolExecutor.java:659) ~[tomcat-embed-core-10.1.31.jar:10.1.31]
	at org.apache.tomcat.util.threads.TaskThread$WrappingRunnable.run(TaskThread.java:63) ~[tomcat-embed-core-10.1.31.jar:10.1.31]
	at java.base/java.lang.Thread.run(Thread.java:842) ~[na:na]
15:03:04.841-[LAPTOP-FPFPK7D7][2f27f0034eee4aacbacff4181cbcbd3b]--ERROR 58832 --- [nio-8081-exec-1] c.t.c.a.m.advice.CommonExceptionAdvice   : 自定义异常 -> com.tianji.common.exceptions.BadRequestException , 状态码：400, 异常原因：token已过期  
15:03:04.841-[LAPTOP-FPFPK7D7][2f27f0034eee4aacbacff4181cbcbd3b]--DEBUG 58832 --- [nio-8081-exec-1] c.t.c.a.m.advice.CommonExceptionAdvice   : 
com.tianji.common.exceptions.BadRequestException: token已过期
	at com.tianji.auth.util.JwtTool.parseRefreshToken(JwtTool.java:104) ~[classes/:na]
	at com.tianji.auth.service.impl.AccountServiceImpl.refreshToken(AccountServiceImpl.java:86) ~[classes/:na]
	at com.tianji.auth.controller.AccountController.refreshToken(AccountController.java:60) ~[classes/:na]
	at java.base/jdk.internal.reflect.NativeMethodAccessorImpl.invoke0(Native Method) ~[na:na]
	at java.base/jdk.internal.reflect.NativeMethodAccessorImpl.invoke(NativeMethodAccessorImpl.java:77) ~[na:na]
	at java.base/jdk.internal.reflect.DelegatingMethodAccessorImpl.invoke(DelegatingMethodAccessorImpl.java:43) ~[na:na]
	at java.base/java.lang.reflect.Method.invoke(Method.java:568) ~[na:na]
	at org.springframework.web.method.support.InvocableHandlerMethod.doInvoke(InvocableHandlerMethod.java:255) ~[spring-web-6.1.14.jar:6.1.14]
	at org.springframework.web.method.support.InvocableHandlerMethod.invokeForRequest(InvocableHandlerMethod.java:188) ~[spring-web-6.1.14.jar:6.1.14]
	at org.springframework.web.servlet.mvc.method.annotation.ServletInvocableHandlerMethod.invokeAndHandle(ServletInvocableHandlerMethod.java:118) ~[spring-webmvc-6.1.14.jar:6.1.14]
	at org.springframework.web.servlet.mvc.method.annotation.RequestMappingHandlerAdapter.invokeHandlerMethod(RequestMappingHandlerAdapter.java:926) ~[spring-webmvc-6.1.14.jar:6.1.14]
	at org.springframework.web.servlet.mvc.method.annotation.RequestMappingHandlerAdapter.handleInternal(RequestMappingHandlerAdapter.java:831) ~[spring-webmvc-6.1.14.jar:6.1.14]
	at org.springframework.web.servlet.mvc.method.AbstractHandlerMethodAdapter.handle(AbstractHandlerMethodAdapter.java:87) ~[spring-webmvc-6.1.14.jar:6.1.14]
	at org.springframework.web.servlet.DispatcherServlet.doDispatch(DispatcherServlet.java:1089) ~[spring-webmvc-6.1.14.jar:6.1.14]
	at org.springframework.web.servlet.DispatcherServlet.doService(DispatcherServlet.java:979) ~[spring-webmvc-6.1.14.jar:6.1.14]
	at org.springframework.web.servlet.FrameworkServlet.processRequest(FrameworkServlet.java:1014) ~[spring-webmvc-6.1.14.jar:6.1.14]
	at org.springframework.web.servlet.FrameworkServlet.doGet(FrameworkServlet.java:903) ~[spring-webmvc-6.1.14.jar:6.1.14]
	at jakarta.servlet.http.HttpServlet.service(HttpServlet.java:564) ~[tomcat-embed-core-10.1.31.jar:6.0]
	at org.springframework.web.servlet.FrameworkServlet.service(FrameworkServlet.java:885) ~[spring-webmvc-6.1.14.jar:6.1.14]
	at jakarta.servlet.http.HttpServlet.service(HttpServlet.java:658) ~[tomcat-embed-core-10.1.31.jar:6.0]
	at org.apache.catalina.core.ApplicationFilterChain.internalDoFilter(ApplicationFilterChain.java:195) ~[tomcat-embed-core-10.1.31.jar:10.1.31]
	at org.apache.catalina.core.ApplicationFilterChain.doFilter(ApplicationFilterChain.java:140) ~[tomcat-embed-core-10.1.31.jar:10.1.31]
	at org.apache.tomcat.websocket.server.WsFilter.doFilter(WsFilter.java:51) ~[tomcat-embed-websocket-10.1.31.jar:10.1.31]
	at org.apache.catalina.core.ApplicationFilterChain.internalDoFilter(ApplicationFilterChain.java:164) ~[tomcat-embed-core-10.1.31.jar:10.1.31]
	at org.apache.catalina.core.ApplicationFilterChain.doFilter(ApplicationFilterChain.java:140) ~[tomcat-embed-core-10.1.31.jar:10.1.31]
	at org.springframework.web.filter.RequestContextFilter.doFilterInternal(RequestContextFilter.java:100) ~[spring-web-6.1.14.jar:6.1.14]
	at org.springframework.web.filter.OncePerRequestFilter.doFilter(OncePerRequestFilter.java:116) ~[spring-web-6.1.14.jar:6.1.14]
	at org.apache.catalina.core.ApplicationFilterChain.internalDoFilter(ApplicationFilterChain.java:164) ~[tomcat-embed-core-10.1.31.jar:10.1.31]
	at org.apache.catalina.core.ApplicationFilterChain.doFilter(ApplicationFilterChain.java:140) ~[tomcat-embed-core-10.1.31.jar:10.1.31]
	at org.springframework.web.filter.FormContentFilter.doFilterInternal(FormContentFilter.java:93) ~[spring-web-6.1.14.jar:6.1.14]
	at org.springframework.web.filter.OncePerRequestFilter.doFilter(OncePerRequestFilter.java:116) ~[spring-web-6.1.14.jar:6.1.14]
	at org.apache.catalina.core.ApplicationFilterChain.internalDoFilter(ApplicationFilterChain.java:164) ~[tomcat-embed-core-10.1.31.jar:10.1.31]
	at org.apache.catalina.core.ApplicationFilterChain.doFilter(ApplicationFilterChain.java:140) ~[tomcat-embed-core-10.1.31.jar:10.1.31]
	at org.springframework.web.filter.CharacterEncodingFilter.doFilterInternal(CharacterEncodingFilter.java:201) ~[spring-web-6.1.14.jar:6.1.14]
	at org.springframework.web.filter.OncePerRequestFilter.doFilter(OncePerRequestFilter.java:116) ~[spring-web-6.1.14.jar:6.1.14]
	at org.apache.catalina.core.ApplicationFilterChain.internalDoFilter(ApplicationFilterChain.java:164) ~[tomcat-embed-core-10.1.31.jar:10.1.31]
	at org.apache.catalina.core.ApplicationFilterChain.doFilter(ApplicationFilterChain.java:140) ~[tomcat-embed-core-10.1.31.jar:10.1.31]
	at com.tianji.common.filters.RequestIdFilter.doFilter(RequestIdFilter.java:27) ~[classes/:na]
	at org.apache.catalina.core.ApplicationFilterChain.internalDoFilter(ApplicationFilterChain.java:164) ~[tomcat-embed-core-10.1.31.jar:10.1.31]
	at org.apache.catalina.core.ApplicationFilterChain.doFilter(ApplicationFilterChain.java:140) ~[tomcat-embed-core-10.1.31.jar:10.1.31]
	at org.apache.catalina.core.StandardWrapperValve.invoke(StandardWrapperValve.java:167) ~[tomcat-embed-core-10.1.31.jar:10.1.31]
	at org.apache.catalina.core.StandardContextValve.invoke(StandardContextValve.java:90) ~[tomcat-embed-core-10.1.31.jar:10.1.31]
	at org.apache.catalina.authenticator.AuthenticatorBase.invoke(AuthenticatorBase.java:483) ~[tomcat-embed-core-10.1.31.jar:10.1.31]
	at org.apache.catalina.core.StandardHostValve.invoke(StandardHostValve.java:115) ~[tomcat-embed-core-10.1.31.jar:10.1.31]
	at org.apache.catalina.valves.ErrorReportValve.invoke(ErrorReportValve.java:93) ~[tomcat-embed-core-10.1.31.jar:10.1.31]
	at org.apache.catalina.core.StandardEngineValve.invoke(StandardEngineValve.java:74) ~[tomcat-embed-core-10.1.31.jar:10.1.31]
	at org.apache.catalina.connector.CoyoteAdapter.service(CoyoteAdapter.java:344) ~[tomcat-embed-core-10.1.31.jar:10.1.31]
	at org.apache.coyote.http11.Http11Processor.service(Http11Processor.java:384) ~[tomcat-embed-core-10.1.31.jar:10.1.31]
	at org.apache.coyote.AbstractProcessorLight.process(AbstractProcessorLight.java:63) ~[tomcat-embed-core-10.1.31.jar:10.1.31]
	at org.apache.coyote.AbstractProtocol$ConnectionHandler.process(AbstractProtocol.java:905) ~[tomcat-embed-core-10.1.31.jar:10.1.31]
	at org.apache.tomcat.util.net.NioEndpoint$SocketProcessor.doRun(NioEndpoint.java:1741) ~[tomcat-embed-core-10.1.31.jar:10.1.31]
	at org.apache.tomcat.util.net.SocketProcessorBase.run(SocketProcessorBase.java:52) ~[tomcat-embed-core-10.1.31.jar:10.1.31]
	at org.apache.tomcat.util.threads.ThreadPoolExecutor.runWorker(ThreadPoolExecutor.java:1190) ~[tomcat-embed-core-10.1.31.jar:10.1.31]
	at org.apache.tomcat.util.threads.ThreadPoolExecutor$Worker.run(ThreadPoolExecutor.java:659) ~[tomcat-embed-core-10.1.31.jar:10.1.31]
	at org.apache.tomcat.util.threads.TaskThread$WrappingRunnable.run(TaskThread.java:63) ~[tomcat-embed-core-10.1.31.jar:10.1.31]
	at java.base/java.lang.Thread.run(Thread.java:842) ~[na:na]
15:03:09.732-[LAPTOP-FPFPK7D7][998cf7f6b95244778edf42cfd390453f]--DEBUG 58832 --- [nio-8081-exec-2] com.tianji.common.utils.CookieBuilder    : 生成cookie，编码方式:UTF-8，【refresh=eyJ0eXAiOiJKV1QiLCJhbGciOiJSUzI1NiJ9.eyJqdGkiOiJiY2Q3Yzk3MWE2OTA0MDIyYjAxYzlmM2ZmOGE2YjQ1OCIsInVzZXIiOnsidXNlcklkIjoyLCJyb2xlSWQiOjIsInJlbWVtYmVyTWUiOmZhbHNlfSwiZXhwIjoxNzU3MDU3NTg5fQ.Z5DB1JPsTmp0hFkGPy8snyqHwgTr6xP3h4-3pto5V_OCGgocdI3fbnVEsD9PJx97Z5lOtBpvIGAxuzaNO9CguX92R2ewjf3IZdamEAb6iMW_JrLxJNIyeDmhHQPqy9gGQ2k3iJu6yNHfXWj2Hi_Is8HsZq4yCid265lm7_3zvjbqDnJvGKXUNensuAMyie4275k5Zi7Eeo7dBg9cDMqjSlramb46Kui_OgkOTLPY_jtptr-LBZIche9BL6Ai3DzX_NdSLd_X4j7upiVisGz_Avvv1dfnJPTxG2JdFTHMW9K5FJz9kWJA3L7qcuZ8-7_WZY245H79lxth_8vi4GRuhQ，domain:null;maxAge=-1;path=/;httpOnly=true】
15:03:09.751-[LAPTOP-FPFPK7D7][998cf7f6b95244778edf42cfd390453f]--DEBUG 58832 --- [-write-worker-2] c.t.a.mapper.LoginRecordMapper.insert    : ==>  Preparing: INSERT INTO login_record ( user_id, login_time, login_date, ipv4 ) VALUES ( ?, ?, ?, ? )
15:03:09.755-[LAPTOP-FPFPK7D7][998cf7f6b95244778edf42cfd390453f]--DEBUG 58832 --- [-write-worker-2] c.t.a.mapper.LoginRecordMapper.insert    : ==> Parameters: 2(Long), 2025-09-05T15:03:09.734659(LocalDateTime), 2025-09-05(LocalDate), 192.168.150.1(String)
15:03:09.794-[LAPTOP-FPFPK7D7][998cf7f6b95244778edf42cfd390453f]--DEBUG 58832 --- [-write-worker-2] c.t.a.mapper.LoginRecordMapper.insert    : <==    Updates: 1
16:04:53.640-[LAPTOP-FPFPK7D7][sys]--ERROR 58832 --- [isson-timer-7-1] o.r.c.handler.PingConnectionHandler      : Unable to send PING command over channel: [id: 0xdb2565a4, L:/192.168.150.1:56660 ! R:/192.168.150.101:6379]
org.redisson.client.RedisTimeoutException: Command execution timeout for command: (PING), params: [], Redis client: [addr=redis://192.168.150.101:6379]
	at org.redisson.client.RedisConnection.lambda$async$1(RedisConnection.java:207) ~[redisson-3.13.6.jar:3.13.6]
	at io.netty.util.HashedWheelTimer$HashedWheelTimeout.run(HashedWheelTimer.java:713) ~[netty-common-4.1.114.Final.jar:4.1.114.Final]
	at io.netty.util.concurrent.ImmediateExecutor.execute(ImmediateExecutor.java:34) ~[netty-common-4.1.114.Final.jar:4.1.114.Final]
	at io.netty.util.HashedWheelTimer$HashedWheelTimeout.expire(HashedWheelTimer.java:701) ~[netty-common-4.1.114.Final.jar:4.1.114.Final]
	at io.netty.util.HashedWheelTimer$HashedWheelBucket.expireTimeouts(HashedWheelTimer.java:788) ~[netty-common-4.1.114.Final.jar:4.1.114.Final]
	at io.netty.util.HashedWheelTimer$Worker.run(HashedWheelTimer.java:501) ~[netty-common-4.1.114.Final.jar:4.1.114.Final]
	at io.netty.util.concurrent.FastThreadLocalRunnable.run(FastThreadLocalRunnable.java:30) ~[netty-common-4.1.114.Final.jar:4.1.114.Final]
	at java.base/java.lang.Thread.run(Thread.java:842) ~[na:na]
16:04:53.644-[LAPTOP-FPFPK7D7][sys]--ERROR 58832 --- [isson-timer-7-1] o.r.c.handler.PingConnectionHandler      : Unable to send PING command over channel: [id: 0x25a6a9ef, L:/192.168.150.1:56661 ! R:/192.168.150.101:6379]
org.redisson.client.RedisTimeoutException: Command execution timeout for command: (PING), params: [], Redis client: [addr=redis://192.168.150.101:6379]
	at org.redisson.client.RedisConnection.lambda$async$1(RedisConnection.java:207) ~[redisson-3.13.6.jar:3.13.6]
	at io.netty.util.HashedWheelTimer$HashedWheelTimeout.run(HashedWheelTimer.java:713) ~[netty-common-4.1.114.Final.jar:4.1.114.Final]
	at io.netty.util.concurrent.ImmediateExecutor.execute(ImmediateExecutor.java:34) ~[netty-common-4.1.114.Final.jar:4.1.114.Final]
	at io.netty.util.HashedWheelTimer$HashedWheelTimeout.expire(HashedWheelTimer.java:701) ~[netty-common-4.1.114.Final.jar:4.1.114.Final]
	at io.netty.util.HashedWheelTimer$HashedWheelBucket.expireTimeouts(HashedWheelTimer.java:788) ~[netty-common-4.1.114.Final.jar:4.1.114.Final]
	at io.netty.util.HashedWheelTimer$Worker.run(HashedWheelTimer.java:501) ~[netty-common-4.1.114.Final.jar:4.1.114.Final]
	at io.netty.util.concurrent.FastThreadLocalRunnable.run(FastThreadLocalRunnable.java:30) ~[netty-common-4.1.114.Final.jar:4.1.114.Final]
	at java.base/java.lang.Thread.run(Thread.java:842) ~[na:na]
16:04:53.644-[LAPTOP-FPFPK7D7][sys]--ERROR 58832 --- [isson-timer-7-1] o.r.c.handler.PingConnectionHandler      : Unable to send PING command over channel: [id: 0x0d077872, L:/192.168.150.1:56658 ! R:/192.168.150.101:6379]
org.redisson.client.RedisTimeoutException: Command execution timeout for command: (PING), params: [], Redis client: [addr=redis://192.168.150.101:6379]
	at org.redisson.client.RedisConnection.lambda$async$1(RedisConnection.java:207) ~[redisson-3.13.6.jar:3.13.6]
	at io.netty.util.HashedWheelTimer$HashedWheelTimeout.run(HashedWheelTimer.java:713) ~[netty-common-4.1.114.Final.jar:4.1.114.Final]
	at io.netty.util.concurrent.ImmediateExecutor.execute(ImmediateExecutor.java:34) ~[netty-common-4.1.114.Final.jar:4.1.114.Final]
	at io.netty.util.HashedWheelTimer$HashedWheelTimeout.expire(HashedWheelTimer.java:701) ~[netty-common-4.1.114.Final.jar:4.1.114.Final]
	at io.netty.util.HashedWheelTimer$HashedWheelBucket.expireTimeouts(HashedWheelTimer.java:788) ~[netty-common-4.1.114.Final.jar:4.1.114.Final]
	at io.netty.util.HashedWheelTimer$Worker.run(HashedWheelTimer.java:501) ~[netty-common-4.1.114.Final.jar:4.1.114.Final]
	at io.netty.util.concurrent.FastThreadLocalRunnable.run(FastThreadLocalRunnable.java:30) ~[netty-common-4.1.114.Final.jar:4.1.114.Final]
	at java.base/java.lang.Thread.run(Thread.java:842) ~[na:na]
16:04:53.644-[LAPTOP-FPFPK7D7][sys]--ERROR 58832 --- [isson-timer-7-1] o.r.c.handler.PingConnectionHandler      : Unable to send PING command over channel: [id: 0xd86c0648, L:/192.168.150.1:56659 ! R:/192.168.150.101:6379]
org.redisson.client.RedisTimeoutException: Command execution timeout for command: (PING), params: [], Redis client: [addr=redis://192.168.150.101:6379]
	at org.redisson.client.RedisConnection.lambda$async$1(RedisConnection.java:207) ~[redisson-3.13.6.jar:3.13.6]
	at io.netty.util.HashedWheelTimer$HashedWheelTimeout.run(HashedWheelTimer.java:713) ~[netty-common-4.1.114.Final.jar:4.1.114.Final]
	at io.netty.util.concurrent.ImmediateExecutor.execute(ImmediateExecutor.java:34) ~[netty-common-4.1.114.Final.jar:4.1.114.Final]
	at io.netty.util.HashedWheelTimer$HashedWheelTimeout.expire(HashedWheelTimer.java:701) ~[netty-common-4.1.114.Final.jar:4.1.114.Final]
	at io.netty.util.HashedWheelTimer$HashedWheelBucket.expireTimeouts(HashedWheelTimer.java:788) ~[netty-common-4.1.114.Final.jar:4.1.114.Final]
	at io.netty.util.HashedWheelTimer$Worker.run(HashedWheelTimer.java:501) ~[netty-common-4.1.114.Final.jar:4.1.114.Final]
	at io.netty.util.concurrent.FastThreadLocalRunnable.run(FastThreadLocalRunnable.java:30) ~[netty-common-4.1.114.Final.jar:4.1.114.Final]
	at java.base/java.lang.Thread.run(Thread.java:842) ~[na:na]
16:05:16.840-[LAPTOP-FPFPK7D7][sys]--ERROR 58832 --- [isson-timer-7-1] o.r.c.handler.PingConnectionHandler      : Unable to send PING command over channel: [id: 0xf867b53d, L:/192.168.150.1:62186 ! R:/192.168.150.101:6379]
org.redisson.client.RedisTimeoutException: Command execution timeout for command: (PING), params: [], Redis client: [addr=redis://192.168.150.101:6379]
	at org.redisson.client.RedisConnection.lambda$async$1(RedisConnection.java:207) ~[redisson-3.13.6.jar:3.13.6]
	at io.netty.util.HashedWheelTimer$HashedWheelTimeout.run(HashedWheelTimer.java:713) ~[netty-common-4.1.114.Final.jar:4.1.114.Final]
	at io.netty.util.concurrent.ImmediateExecutor.execute(ImmediateExecutor.java:34) ~[netty-common-4.1.114.Final.jar:4.1.114.Final]
	at io.netty.util.HashedWheelTimer$HashedWheelTimeout.expire(HashedWheelTimer.java:701) ~[netty-common-4.1.114.Final.jar:4.1.114.Final]
	at io.netty.util.HashedWheelTimer$HashedWheelBucket.expireTimeouts(HashedWheelTimer.java:788) ~[netty-common-4.1.114.Final.jar:4.1.114.Final]
	at io.netty.util.HashedWheelTimer$Worker.run(HashedWheelTimer.java:501) ~[netty-common-4.1.114.Final.jar:4.1.114.Final]
	at io.netty.util.concurrent.FastThreadLocalRunnable.run(FastThreadLocalRunnable.java:30) ~[netty-common-4.1.114.Final.jar:4.1.114.Final]
	at java.base/java.lang.Thread.run(Thread.java:842) ~[na:na]
16:05:16.840-[LAPTOP-FPFPK7D7][sys]--ERROR 58832 --- [isson-timer-7-1] o.r.c.handler.PingConnectionHandler      : Unable to send PING command over channel: [id: 0xa63441ef, L:/192.168.150.1:62182 ! R:/192.168.150.101:6379]
org.redisson.client.RedisTimeoutException: Command execution timeout for command: (PING), params: [], Redis client: [addr=redis://192.168.150.101:6379]
	at org.redisson.client.RedisConnection.lambda$async$1(RedisConnection.java:207) ~[redisson-3.13.6.jar:3.13.6]
	at io.netty.util.HashedWheelTimer$HashedWheelTimeout.run(HashedWheelTimer.java:713) ~[netty-common-4.1.114.Final.jar:4.1.114.Final]
	at io.netty.util.concurrent.ImmediateExecutor.execute(ImmediateExecutor.java:34) ~[netty-common-4.1.114.Final.jar:4.1.114.Final]
	at io.netty.util.HashedWheelTimer$HashedWheelTimeout.expire(HashedWheelTimer.java:701) ~[netty-common-4.1.114.Final.jar:4.1.114.Final]
	at io.netty.util.HashedWheelTimer$HashedWheelBucket.expireTimeouts(HashedWheelTimer.java:788) ~[netty-common-4.1.114.Final.jar:4.1.114.Final]
	at io.netty.util.HashedWheelTimer$Worker.run(HashedWheelTimer.java:501) ~[netty-common-4.1.114.Final.jar:4.1.114.Final]
	at io.netty.util.concurrent.FastThreadLocalRunnable.run(FastThreadLocalRunnable.java:30) ~[netty-common-4.1.114.Final.jar:4.1.114.Final]
	at java.base/java.lang.Thread.run(Thread.java:842) ~[na:na]
16:05:16.840-[LAPTOP-FPFPK7D7][sys]--ERROR 58832 --- [isson-timer-7-1] o.r.c.handler.PingConnectionHandler      : Unable to send PING command over channel: [id: 0xe5607286, L:/192.168.150.1:62189 ! R:/192.168.150.101:6379]
org.redisson.client.RedisTimeoutException: Command execution timeout for command: (PING), params: [], Redis client: [addr=redis://192.168.150.101:6379]
	at org.redisson.client.RedisConnection.lambda$async$1(RedisConnection.java:207) ~[redisson-3.13.6.jar:3.13.6]
	at io.netty.util.HashedWheelTimer$HashedWheelTimeout.run(HashedWheelTimer.java:713) ~[netty-common-4.1.114.Final.jar:4.1.114.Final]
	at io.netty.util.concurrent.ImmediateExecutor.execute(ImmediateExecutor.java:34) ~[netty-common-4.1.114.Final.jar:4.1.114.Final]
	at io.netty.util.HashedWheelTimer$HashedWheelTimeout.expire(HashedWheelTimer.java:701) ~[netty-common-4.1.114.Final.jar:4.1.114.Final]
	at io.netty.util.HashedWheelTimer$HashedWheelBucket.expireTimeouts(HashedWheelTimer.java:788) ~[netty-common-4.1.114.Final.jar:4.1.114.Final]
	at io.netty.util.HashedWheelTimer$Worker.run(HashedWheelTimer.java:501) ~[netty-common-4.1.114.Final.jar:4.1.114.Final]
	at io.netty.util.concurrent.FastThreadLocalRunnable.run(FastThreadLocalRunnable.java:30) ~[netty-common-4.1.114.Final.jar:4.1.114.Final]
	at java.base/java.lang.Thread.run(Thread.java:842) ~[na:na]
16:05:16.840-[LAPTOP-FPFPK7D7][sys]--ERROR 58832 --- [isson-timer-7-1] o.r.c.handler.PingConnectionHandler      : Unable to send PING command over channel: [id: 0xdbc53bcc, L:/192.168.150.1:62187 ! R:/192.168.150.101:6379]
org.redisson.client.RedisTimeoutException: Command execution timeout for command: (PING), params: [], Redis client: [addr=redis://192.168.150.101:6379]
	at org.redisson.client.RedisConnection.lambda$async$1(RedisConnection.java:207) ~[redisson-3.13.6.jar:3.13.6]
	at io.netty.util.HashedWheelTimer$HashedWheelTimeout.run(HashedWheelTimer.java:713) ~[netty-common-4.1.114.Final.jar:4.1.114.Final]
	at io.netty.util.concurrent.ImmediateExecutor.execute(ImmediateExecutor.java:34) ~[netty-common-4.1.114.Final.jar:4.1.114.Final]
	at io.netty.util.HashedWheelTimer$HashedWheelTimeout.expire(HashedWheelTimer.java:701) ~[netty-common-4.1.114.Final.jar:4.1.114.Final]
	at io.netty.util.HashedWheelTimer$HashedWheelBucket.expireTimeouts(HashedWheelTimer.java:788) ~[netty-common-4.1.114.Final.jar:4.1.114.Final]
	at io.netty.util.HashedWheelTimer$Worker.run(HashedWheelTimer.java:501) ~[netty-common-4.1.114.Final.jar:4.1.114.Final]
	at io.netty.util.concurrent.FastThreadLocalRunnable.run(FastThreadLocalRunnable.java:30) ~[netty-common-4.1.114.Final.jar:4.1.114.Final]
	at java.base/java.lang.Thread.run(Thread.java:842) ~[na:na]
16:05:16.841-[LAPTOP-FPFPK7D7][sys]--ERROR 58832 --- [isson-timer-7-1] o.r.c.handler.PingConnectionHandler      : Unable to send PING command over channel: [id: 0x00868bd5, L:/192.168.150.1:62183 ! R:/192.168.150.101:6379]
org.redisson.client.RedisTimeoutException: Command execution timeout for command: (PING), params: [], Redis client: [addr=redis://192.168.150.101:6379]
	at org.redisson.client.RedisConnection.lambda$async$1(RedisConnection.java:207) ~[redisson-3.13.6.jar:3.13.6]
	at io.netty.util.HashedWheelTimer$HashedWheelTimeout.run(HashedWheelTimer.java:713) ~[netty-common-4.1.114.Final.jar:4.1.114.Final]
	at io.netty.util.concurrent.ImmediateExecutor.execute(ImmediateExecutor.java:34) ~[netty-common-4.1.114.Final.jar:4.1.114.Final]
	at io.netty.util.HashedWheelTimer$HashedWheelTimeout.expire(HashedWheelTimer.java:701) ~[netty-common-4.1.114.Final.jar:4.1.114.Final]
	at io.netty.util.HashedWheelTimer$HashedWheelBucket.expireTimeouts(HashedWheelTimer.java:788) ~[netty-common-4.1.114.Final.jar:4.1.114.Final]
	at io.netty.util.HashedWheelTimer$Worker.run(HashedWheelTimer.java:501) ~[netty-common-4.1.114.Final.jar:4.1.114.Final]
	at io.netty.util.concurrent.FastThreadLocalRunnable.run(FastThreadLocalRunnable.java:30) ~[netty-common-4.1.114.Final.jar:4.1.114.Final]
	at java.base/java.lang.Thread.run(Thread.java:842) ~[na:na]
16:05:16.841-[LAPTOP-FPFPK7D7][sys]--ERROR 58832 --- [isson-timer-7-1] o.r.c.handler.PingConnectionHandler      : Unable to send PING command over channel: [id: 0x7d361731, L:/192.168.150.1:62185 ! R:/192.168.150.101:6379]
org.redisson.client.RedisTimeoutException: Command execution timeout for command: (PING), params: [], Redis client: [addr=redis://192.168.150.101:6379]
	at org.redisson.client.RedisConnection.lambda$async$1(RedisConnection.java:207) ~[redisson-3.13.6.jar:3.13.6]
	at io.netty.util.HashedWheelTimer$HashedWheelTimeout.run(HashedWheelTimer.java:713) ~[netty-common-4.1.114.Final.jar:4.1.114.Final]
	at io.netty.util.concurrent.ImmediateExecutor.execute(ImmediateExecutor.java:34) ~[netty-common-4.1.114.Final.jar:4.1.114.Final]
	at io.netty.util.HashedWheelTimer$HashedWheelTimeout.expire(HashedWheelTimer.java:701) ~[netty-common-4.1.114.Final.jar:4.1.114.Final]
	at io.netty.util.HashedWheelTimer$HashedWheelBucket.expireTimeouts(HashedWheelTimer.java:788) ~[netty-common-4.1.114.Final.jar:4.1.114.Final]
	at io.netty.util.HashedWheelTimer$Worker.run(HashedWheelTimer.java:501) ~[netty-common-4.1.114.Final.jar:4.1.114.Final]
	at io.netty.util.concurrent.FastThreadLocalRunnable.run(FastThreadLocalRunnable.java:30) ~[netty-common-4.1.114.Final.jar:4.1.114.Final]
	at java.base/java.lang.Thread.run(Thread.java:842) ~[na:na]
16:05:16.841-[LAPTOP-FPFPK7D7][sys]--ERROR 58832 --- [isson-timer-7-1] o.r.c.handler.PingConnectionHandler      : Unable to send PING command over channel: [id: 0x1814896a, L:/192.168.150.1:62193 ! R:/192.168.150.101:6379]
org.redisson.client.RedisTimeoutException: Command execution timeout for command: (PING), params: [], Redis client: [addr=redis://192.168.150.101:6379]
	at org.redisson.client.RedisConnection.lambda$async$1(RedisConnection.java:207) ~[redisson-3.13.6.jar:3.13.6]
	at io.netty.util.HashedWheelTimer$HashedWheelTimeout.run(HashedWheelTimer.java:713) ~[netty-common-4.1.114.Final.jar:4.1.114.Final]
	at io.netty.util.concurrent.ImmediateExecutor.execute(ImmediateExecutor.java:34) ~[netty-common-4.1.114.Final.jar:4.1.114.Final]
	at io.netty.util.HashedWheelTimer$HashedWheelTimeout.expire(HashedWheelTimer.java:701) ~[netty-common-4.1.114.Final.jar:4.1.114.Final]
	at io.netty.util.HashedWheelTimer$HashedWheelBucket.expireTimeouts(HashedWheelTimer.java:788) ~[netty-common-4.1.114.Final.jar:4.1.114.Final]
	at io.netty.util.HashedWheelTimer$Worker.run(HashedWheelTimer.java:501) ~[netty-common-4.1.114.Final.jar:4.1.114.Final]
	at io.netty.util.concurrent.FastThreadLocalRunnable.run(FastThreadLocalRunnable.java:30) ~[netty-common-4.1.114.Final.jar:4.1.114.Final]
	at java.base/java.lang.Thread.run(Thread.java:842) ~[na:na]
16:05:16.841-[LAPTOP-FPFPK7D7][sys]--ERROR 58832 --- [isson-timer-7-1] o.r.c.handler.PingConnectionHandler      : Unable to send PING command over channel: [id: 0xc33b2f5d, L:/192.168.150.1:62190 ! R:/192.168.150.101:6379]
org.redisson.client.RedisTimeoutException: Command execution timeout for command: (PING), params: [], Redis client: [addr=redis://192.168.150.101:6379]
	at org.redisson.client.RedisConnection.lambda$async$1(RedisConnection.java:207) ~[redisson-3.13.6.jar:3.13.6]
	at io.netty.util.HashedWheelTimer$HashedWheelTimeout.run(HashedWheelTimer.java:713) ~[netty-common-4.1.114.Final.jar:4.1.114.Final]
	at io.netty.util.concurrent.ImmediateExecutor.execute(ImmediateExecutor.java:34) ~[netty-common-4.1.114.Final.jar:4.1.114.Final]
	at io.netty.util.HashedWheelTimer$HashedWheelTimeout.expire(HashedWheelTimer.java:701) ~[netty-common-4.1.114.Final.jar:4.1.114.Final]
	at io.netty.util.HashedWheelTimer$HashedWheelBucket.expireTimeouts(HashedWheelTimer.java:788) ~[netty-common-4.1.114.Final.jar:4.1.114.Final]
	at io.netty.util.HashedWheelTimer$Worker.run(HashedWheelTimer.java:501) ~[netty-common-4.1.114.Final.jar:4.1.114.Final]
	at io.netty.util.concurrent.FastThreadLocalRunnable.run(FastThreadLocalRunnable.java:30) ~[netty-common-4.1.114.Final.jar:4.1.114.Final]
	at java.base/java.lang.Thread.run(Thread.java:842) ~[na:na]
16:05:16.841-[LAPTOP-FPFPK7D7][sys]--ERROR 58832 --- [isson-timer-7-1] o.r.c.handler.PingConnectionHandler      : Unable to send PING command over channel: [id: 0x421b4d80, L:/192.168.150.1:62192 ! R:/192.168.150.101:6379]
org.redisson.client.RedisTimeoutException: Command execution timeout for command: (PING), params: [], Redis client: [addr=redis://192.168.150.101:6379]
	at org.redisson.client.RedisConnection.lambda$async$1(RedisConnection.java:207) ~[redisson-3.13.6.jar:3.13.6]
	at io.netty.util.HashedWheelTimer$HashedWheelTimeout.run(HashedWheelTimer.java:713) ~[netty-common-4.1.114.Final.jar:4.1.114.Final]
	at io.netty.util.concurrent.ImmediateExecutor.execute(ImmediateExecutor.java:34) ~[netty-common-4.1.114.Final.jar:4.1.114.Final]
	at io.netty.util.HashedWheelTimer$HashedWheelTimeout.expire(HashedWheelTimer.java:701) ~[netty-common-4.1.114.Final.jar:4.1.114.Final]
	at io.netty.util.HashedWheelTimer$HashedWheelBucket.expireTimeouts(HashedWheelTimer.java:788) ~[netty-common-4.1.114.Final.jar:4.1.114.Final]
	at io.netty.util.HashedWheelTimer$Worker.run(HashedWheelTimer.java:501) ~[netty-common-4.1.114.Final.jar:4.1.114.Final]
	at io.netty.util.concurrent.FastThreadLocalRunnable.run(FastThreadLocalRunnable.java:30) ~[netty-common-4.1.114.Final.jar:4.1.114.Final]
	at java.base/java.lang.Thread.run(Thread.java:842) ~[na:na]
16:05:16.841-[LAPTOP-FPFPK7D7][sys]--ERROR 58832 --- [isson-timer-7-1] o.r.c.handler.PingConnectionHandler      : Unable to send PING command over channel: [id: 0x57b79115, L:/192.168.150.1:62188 ! R:/192.168.150.101:6379]
org.redisson.client.RedisTimeoutException: Command execution timeout for command: (PING), params: [], Redis client: [addr=redis://192.168.150.101:6379]
	at org.redisson.client.RedisConnection.lambda$async$1(RedisConnection.java:207) ~[redisson-3.13.6.jar:3.13.6]
	at io.netty.util.HashedWheelTimer$HashedWheelTimeout.run(HashedWheelTimer.java:713) ~[netty-common-4.1.114.Final.jar:4.1.114.Final]
	at io.netty.util.concurrent.ImmediateExecutor.execute(ImmediateExecutor.java:34) ~[netty-common-4.1.114.Final.jar:4.1.114.Final]
	at io.netty.util.HashedWheelTimer$HashedWheelTimeout.expire(HashedWheelTimer.java:701) ~[netty-common-4.1.114.Final.jar:4.1.114.Final]
	at io.netty.util.HashedWheelTimer$HashedWheelBucket.expireTimeouts(HashedWheelTimer.java:788) ~[netty-common-4.1.114.Final.jar:4.1.114.Final]
	at io.netty.util.HashedWheelTimer$Worker.run(HashedWheelTimer.java:501) ~[netty-common-4.1.114.Final.jar:4.1.114.Final]
	at io.netty.util.concurrent.FastThreadLocalRunnable.run(FastThreadLocalRunnable.java:30) ~[netty-common-4.1.114.Final.jar:4.1.114.Final]
	at java.base/java.lang.Thread.run(Thread.java:842) ~[na:na]
16:05:16.841-[LAPTOP-FPFPK7D7][sys]--ERROR 58832 --- [isson-timer-7-1] o.r.c.handler.PingConnectionHandler      : Unable to send PING command over channel: [id: 0x62e23bea, L:/192.168.150.1:62191 ! R:/192.168.150.101:6379]
org.redisson.client.RedisTimeoutException: Command execution timeout for command: (PING), params: [], Redis client: [addr=redis://192.168.150.101:6379]
	at org.redisson.client.RedisConnection.lambda$async$1(RedisConnection.java:207) ~[redisson-3.13.6.jar:3.13.6]
	at io.netty.util.HashedWheelTimer$HashedWheelTimeout.run(HashedWheelTimer.java:713) ~[netty-common-4.1.114.Final.jar:4.1.114.Final]
	at io.netty.util.concurrent.ImmediateExecutor.execute(ImmediateExecutor.java:34) ~[netty-common-4.1.114.Final.jar:4.1.114.Final]
	at io.netty.util.HashedWheelTimer$HashedWheelTimeout.expire(HashedWheelTimer.java:701) ~[netty-common-4.1.114.Final.jar:4.1.114.Final]
	at io.netty.util.HashedWheelTimer$HashedWheelBucket.expireTimeouts(HashedWheelTimer.java:788) ~[netty-common-4.1.114.Final.jar:4.1.114.Final]
	at io.netty.util.HashedWheelTimer$Worker.run(HashedWheelTimer.java:501) ~[netty-common-4.1.114.Final.jar:4.1.114.Final]
	at io.netty.util.concurrent.FastThreadLocalRunnable.run(FastThreadLocalRunnable.java:30) ~[netty-common-4.1.114.Final.jar:4.1.114.Final]
	at java.base/java.lang.Thread.run(Thread.java:842) ~[na:na]
16:05:16.941-[LAPTOP-FPFPK7D7][sys]--ERROR 58832 --- [isson-timer-7-1] o.r.c.handler.PingConnectionHandler      : Unable to send PING command over channel: [id: 0xa7cbb1aa, L:/192.168.150.1:62201 ! R:/192.168.150.101:6379]
org.redisson.client.RedisTimeoutException: Command execution timeout for command: (PING), params: [], Redis client: [addr=redis://192.168.150.101:6379]
	at org.redisson.client.RedisConnection.lambda$async$1(RedisConnection.java:207) ~[redisson-3.13.6.jar:3.13.6]
	at io.netty.util.HashedWheelTimer$HashedWheelTimeout.run(HashedWheelTimer.java:713) ~[netty-common-4.1.114.Final.jar:4.1.114.Final]
	at io.netty.util.concurrent.ImmediateExecutor.execute(ImmediateExecutor.java:34) ~[netty-common-4.1.114.Final.jar:4.1.114.Final]
	at io.netty.util.HashedWheelTimer$HashedWheelTimeout.expire(HashedWheelTimer.java:701) ~[netty-common-4.1.114.Final.jar:4.1.114.Final]
	at io.netty.util.HashedWheelTimer$HashedWheelBucket.expireTimeouts(HashedWheelTimer.java:788) ~[netty-common-4.1.114.Final.jar:4.1.114.Final]
	at io.netty.util.HashedWheelTimer$Worker.run(HashedWheelTimer.java:501) ~[netty-common-4.1.114.Final.jar:4.1.114.Final]
	at io.netty.util.concurrent.FastThreadLocalRunnable.run(FastThreadLocalRunnable.java:30) ~[netty-common-4.1.114.Final.jar:4.1.114.Final]
	at java.base/java.lang.Thread.run(Thread.java:842) ~[na:na]
16:05:16.941-[LAPTOP-FPFPK7D7][sys]--ERROR 58832 --- [isson-timer-7-1] o.r.c.handler.PingConnectionHandler      : Unable to send PING command over channel: [id: 0xbd25282e, L:/192.168.150.1:62203 ! R:/192.168.150.101:6379]
org.redisson.client.RedisTimeoutException: Command execution timeout for command: (PING), params: [], Redis client: [addr=redis://192.168.150.101:6379]
	at org.redisson.client.RedisConnection.lambda$async$1(RedisConnection.java:207) ~[redisson-3.13.6.jar:3.13.6]
	at io.netty.util.HashedWheelTimer$HashedWheelTimeout.run(HashedWheelTimer.java:713) ~[netty-common-4.1.114.Final.jar:4.1.114.Final]
	at io.netty.util.concurrent.ImmediateExecutor.execute(ImmediateExecutor.java:34) ~[netty-common-4.1.114.Final.jar:4.1.114.Final]
	at io.netty.util.HashedWheelTimer$HashedWheelTimeout.expire(HashedWheelTimer.java:701) ~[netty-common-4.1.114.Final.jar:4.1.114.Final]
	at io.netty.util.HashedWheelTimer$HashedWheelBucket.expireTimeouts(HashedWheelTimer.java:788) ~[netty-common-4.1.114.Final.jar:4.1.114.Final]
	at io.netty.util.HashedWheelTimer$Worker.run(HashedWheelTimer.java:501) ~[netty-common-4.1.114.Final.jar:4.1.114.Final]
	at io.netty.util.concurrent.FastThreadLocalRunnable.run(FastThreadLocalRunnable.java:30) ~[netty-common-4.1.114.Final.jar:4.1.114.Final]
	at java.base/java.lang.Thread.run(Thread.java:842) ~[na:na]
16:05:16.942-[LAPTOP-FPFPK7D7][sys]--ERROR 58832 --- [isson-timer-7-1] o.r.c.handler.PingConnectionHandler      : Unable to send PING command over channel: [id: 0xc0ef688c, L:/192.168.150.1:62200 ! R:/192.168.150.101:6379]
org.redisson.client.RedisTimeoutException: Command execution timeout for command: (PING), params: [], Redis client: [addr=redis://192.168.150.101:6379]
	at org.redisson.client.RedisConnection.lambda$async$1(RedisConnection.java:207) ~[redisson-3.13.6.jar:3.13.6]
	at io.netty.util.HashedWheelTimer$HashedWheelTimeout.run(HashedWheelTimer.java:713) ~[netty-common-4.1.114.Final.jar:4.1.114.Final]
	at io.netty.util.concurrent.ImmediateExecutor.execute(ImmediateExecutor.java:34) ~[netty-common-4.1.114.Final.jar:4.1.114.Final]
	at io.netty.util.HashedWheelTimer$HashedWheelTimeout.expire(HashedWheelTimer.java:701) ~[netty-common-4.1.114.Final.jar:4.1.114.Final]
	at io.netty.util.HashedWheelTimer$HashedWheelBucket.expireTimeouts(HashedWheelTimer.java:788) ~[netty-common-4.1.114.Final.jar:4.1.114.Final]
	at io.netty.util.HashedWheelTimer$Worker.run(HashedWheelTimer.java:501) ~[netty-common-4.1.114.Final.jar:4.1.114.Final]
	at io.netty.util.concurrent.FastThreadLocalRunnable.run(FastThreadLocalRunnable.java:30) ~[netty-common-4.1.114.Final.jar:4.1.114.Final]
	at java.base/java.lang.Thread.run(Thread.java:842) ~[na:na]
16:05:16.942-[LAPTOP-FPFPK7D7][sys]--ERROR 58832 --- [isson-timer-7-1] o.r.c.handler.PingConnectionHandler      : Unable to send PING command over channel: [id: 0xb6bf4a2f, L:/192.168.150.1:62202 ! R:/192.168.150.101:6379]
org.redisson.client.RedisTimeoutException: Command execution timeout for command: (PING), params: [], Redis client: [addr=redis://192.168.150.101:6379]
	at org.redisson.client.RedisConnection.lambda$async$1(RedisConnection.java:207) ~[redisson-3.13.6.jar:3.13.6]
	at io.netty.util.HashedWheelTimer$HashedWheelTimeout.run(HashedWheelTimer.java:713) ~[netty-common-4.1.114.Final.jar:4.1.114.Final]
	at io.netty.util.concurrent.ImmediateExecutor.execute(ImmediateExecutor.java:34) ~[netty-common-4.1.114.Final.jar:4.1.114.Final]
	at io.netty.util.HashedWheelTimer$HashedWheelTimeout.expire(HashedWheelTimer.java:701) ~[netty-common-4.1.114.Final.jar:4.1.114.Final]
	at io.netty.util.HashedWheelTimer$HashedWheelBucket.expireTimeouts(HashedWheelTimer.java:788) ~[netty-common-4.1.114.Final.jar:4.1.114.Final]
	at io.netty.util.HashedWheelTimer$Worker.run(HashedWheelTimer.java:501) ~[netty-common-4.1.114.Final.jar:4.1.114.Final]
	at io.netty.util.concurrent.FastThreadLocalRunnable.run(FastThreadLocalRunnable.java:30) ~[netty-common-4.1.114.Final.jar:4.1.114.Final]
	at java.base/java.lang.Thread.run(Thread.java:842) ~[na:na]
16:05:16.942-[LAPTOP-FPFPK7D7][sys]--ERROR 58832 --- [isson-timer-7-1] o.r.c.handler.PingConnectionHandler      : Unable to send PING command over channel: [id: 0x88a8de04, L:/192.168.150.1:62199 ! R:/192.168.150.101:6379]
org.redisson.client.RedisTimeoutException: Command execution timeout for command: (PING), params: [], Redis client: [addr=redis://192.168.150.101:6379]
	at org.redisson.client.RedisConnection.lambda$async$1(RedisConnection.java:207) ~[redisson-3.13.6.jar:3.13.6]
	at io.netty.util.HashedWheelTimer$HashedWheelTimeout.run(HashedWheelTimer.java:713) ~[netty-common-4.1.114.Final.jar:4.1.114.Final]
	at io.netty.util.concurrent.ImmediateExecutor.execute(ImmediateExecutor.java:34) ~[netty-common-4.1.114.Final.jar:4.1.114.Final]
	at io.netty.util.HashedWheelTimer$HashedWheelTimeout.expire(HashedWheelTimer.java:701) ~[netty-common-4.1.114.Final.jar:4.1.114.Final]
	at io.netty.util.HashedWheelTimer$HashedWheelBucket.expireTimeouts(HashedWheelTimer.java:788) ~[netty-common-4.1.114.Final.jar:4.1.114.Final]
	at io.netty.util.HashedWheelTimer$Worker.run(HashedWheelTimer.java:501) ~[netty-common-4.1.114.Final.jar:4.1.114.Final]
	at io.netty.util.concurrent.FastThreadLocalRunnable.run(FastThreadLocalRunnable.java:30) ~[netty-common-4.1.114.Final.jar:4.1.114.Final]
	at java.base/java.lang.Thread.run(Thread.java:842) ~[na:na]
16:05:16.942-[LAPTOP-FPFPK7D7][sys]--ERROR 58832 --- [isson-timer-7-1] o.r.c.handler.PingConnectionHandler      : Unable to send PING command over channel: [id: 0x22c6618c, L:/192.168.150.1:62194 ! R:/192.168.150.101:6379]
org.redisson.client.RedisTimeoutException: Command execution timeout for command: (PING), params: [], Redis client: [addr=redis://192.168.150.101:6379]
	at org.redisson.client.RedisConnection.lambda$async$1(RedisConnection.java:207) ~[redisson-3.13.6.jar:3.13.6]
	at io.netty.util.HashedWheelTimer$HashedWheelTimeout.run(HashedWheelTimer.java:713) ~[netty-common-4.1.114.Final.jar:4.1.114.Final]
	at io.netty.util.concurrent.ImmediateExecutor.execute(ImmediateExecutor.java:34) ~[netty-common-4.1.114.Final.jar:4.1.114.Final]
	at io.netty.util.HashedWheelTimer$HashedWheelTimeout.expire(HashedWheelTimer.java:701) ~[netty-common-4.1.114.Final.jar:4.1.114.Final]
	at io.netty.util.HashedWheelTimer$HashedWheelBucket.expireTimeouts(HashedWheelTimer.java:788) ~[netty-common-4.1.114.Final.jar:4.1.114.Final]
	at io.netty.util.HashedWheelTimer$Worker.run(HashedWheelTimer.java:501) ~[netty-common-4.1.114.Final.jar:4.1.114.Final]
	at io.netty.util.concurrent.FastThreadLocalRunnable.run(FastThreadLocalRunnable.java:30) ~[netty-common-4.1.114.Final.jar:4.1.114.Final]
	at java.base/java.lang.Thread.run(Thread.java:842) ~[na:na]
16:05:16.942-[LAPTOP-FPFPK7D7][sys]--ERROR 58832 --- [isson-timer-7-1] o.r.c.handler.PingConnectionHandler      : Unable to send PING command over channel: [id: 0xc267bc2e, L:/192.168.150.1:62197 ! R:/192.168.150.101:6379]
org.redisson.client.RedisTimeoutException: Command execution timeout for command: (PING), params: [], Redis client: [addr=redis://192.168.150.101:6379]
	at org.redisson.client.RedisConnection.lambda$async$1(RedisConnection.java:207) ~[redisson-3.13.6.jar:3.13.6]
	at io.netty.util.HashedWheelTimer$HashedWheelTimeout.run(HashedWheelTimer.java:713) ~[netty-common-4.1.114.Final.jar:4.1.114.Final]
	at io.netty.util.concurrent.ImmediateExecutor.execute(ImmediateExecutor.java:34) ~[netty-common-4.1.114.Final.jar:4.1.114.Final]
	at io.netty.util.HashedWheelTimer$HashedWheelTimeout.expire(HashedWheelTimer.java:701) ~[netty-common-4.1.114.Final.jar:4.1.114.Final]
	at io.netty.util.HashedWheelTimer$HashedWheelBucket.expireTimeouts(HashedWheelTimer.java:788) ~[netty-common-4.1.114.Final.jar:4.1.114.Final]
	at io.netty.util.HashedWheelTimer$Worker.run(HashedWheelTimer.java:501) ~[netty-common-4.1.114.Final.jar:4.1.114.Final]
	at io.netty.util.concurrent.FastThreadLocalRunnable.run(FastThreadLocalRunnable.java:30) ~[netty-common-4.1.114.Final.jar:4.1.114.Final]
	at java.base/java.lang.Thread.run(Thread.java:842) ~[na:na]
16:05:16.942-[LAPTOP-FPFPK7D7][sys]--ERROR 58832 --- [isson-timer-7-1] o.r.c.handler.PingConnectionHandler      : Unable to send PING command over channel: [id: 0x1613b147, L:/192.168.150.1:62196 ! R:/192.168.150.101:6379]
org.redisson.client.RedisTimeoutException: Command execution timeout for command: (PING), params: [], Redis client: [addr=redis://192.168.150.101:6379]
	at org.redisson.client.RedisConnection.lambda$async$1(RedisConnection.java:207) ~[redisson-3.13.6.jar:3.13.6]
	at io.netty.util.HashedWheelTimer$HashedWheelTimeout.run(HashedWheelTimer.java:713) ~[netty-common-4.1.114.Final.jar:4.1.114.Final]
	at io.netty.util.concurrent.ImmediateExecutor.execute(ImmediateExecutor.java:34) ~[netty-common-4.1.114.Final.jar:4.1.114.Final]
	at io.netty.util.HashedWheelTimer$HashedWheelTimeout.expire(HashedWheelTimer.java:701) ~[netty-common-4.1.114.Final.jar:4.1.114.Final]
	at io.netty.util.HashedWheelTimer$HashedWheelBucket.expireTimeouts(HashedWheelTimer.java:788) ~[netty-common-4.1.114.Final.jar:4.1.114.Final]
	at io.netty.util.HashedWheelTimer$Worker.run(HashedWheelTimer.java:501) ~[netty-common-4.1.114.Final.jar:4.1.114.Final]
	at io.netty.util.concurrent.FastThreadLocalRunnable.run(FastThreadLocalRunnable.java:30) ~[netty-common-4.1.114.Final.jar:4.1.114.Final]
	at java.base/java.lang.Thread.run(Thread.java:842) ~[na:na]
16:05:16.943-[LAPTOP-FPFPK7D7][sys]--ERROR 58832 --- [isson-timer-7-1] o.r.c.handler.PingConnectionHandler      : Unable to send PING command over channel: [id: 0x6512fff9, L:/192.168.150.1:62198 ! R:/192.168.150.101:6379]
org.redisson.client.RedisTimeoutException: Command execution timeout for command: (PING), params: [], Redis client: [addr=redis://192.168.150.101:6379]
	at org.redisson.client.RedisConnection.lambda$async$1(RedisConnection.java:207) ~[redisson-3.13.6.jar:3.13.6]
	at io.netty.util.HashedWheelTimer$HashedWheelTimeout.run(HashedWheelTimer.java:713) ~[netty-common-4.1.114.Final.jar:4.1.114.Final]
	at io.netty.util.concurrent.ImmediateExecutor.execute(ImmediateExecutor.java:34) ~[netty-common-4.1.114.Final.jar:4.1.114.Final]
	at io.netty.util.HashedWheelTimer$HashedWheelTimeout.expire(HashedWheelTimer.java:701) ~[netty-common-4.1.114.Final.jar:4.1.114.Final]
	at io.netty.util.HashedWheelTimer$HashedWheelBucket.expireTimeouts(HashedWheelTimer.java:788) ~[netty-common-4.1.114.Final.jar:4.1.114.Final]
	at io.netty.util.HashedWheelTimer$Worker.run(HashedWheelTimer.java:501) ~[netty-common-4.1.114.Final.jar:4.1.114.Final]
	at io.netty.util.concurrent.FastThreadLocalRunnable.run(FastThreadLocalRunnable.java:30) ~[netty-common-4.1.114.Final.jar:4.1.114.Final]
	at java.base/java.lang.Thread.run(Thread.java:842) ~[na:na]
16:05:16.943-[LAPTOP-FPFPK7D7][sys]--ERROR 58832 --- [isson-timer-7-1] o.r.c.handler.PingConnectionHandler      : Unable to send PING command over channel: [id: 0x9676ceff, L:/192.168.150.1:62195 ! R:/192.168.150.101:6379]
org.redisson.client.RedisTimeoutException: Command execution timeout for command: (PING), params: [], Redis client: [addr=redis://192.168.150.101:6379]
	at org.redisson.client.RedisConnection.lambda$async$1(RedisConnection.java:207) ~[redisson-3.13.6.jar:3.13.6]
	at io.netty.util.HashedWheelTimer$HashedWheelTimeout.run(HashedWheelTimer.java:713) ~[netty-common-4.1.114.Final.jar:4.1.114.Final]
	at io.netty.util.concurrent.ImmediateExecutor.execute(ImmediateExecutor.java:34) ~[netty-common-4.1.114.Final.jar:4.1.114.Final]
	at io.netty.util.HashedWheelTimer$HashedWheelTimeout.expire(HashedWheelTimer.java:701) ~[netty-common-4.1.114.Final.jar:4.1.114.Final]
	at io.netty.util.HashedWheelTimer$HashedWheelBucket.expireTimeouts(HashedWheelTimer.java:788) ~[netty-common-4.1.114.Final.jar:4.1.114.Final]
	at io.netty.util.HashedWheelTimer$Worker.run(HashedWheelTimer.java:501) ~[netty-common-4.1.114.Final.jar:4.1.114.Final]
	at io.netty.util.concurrent.FastThreadLocalRunnable.run(FastThreadLocalRunnable.java:30) ~[netty-common-4.1.114.Final.jar:4.1.114.Final]
	at java.base/java.lang.Thread.run(Thread.java:842) ~[na:na]
16:07:27.576-[LAPTOP-FPFPK7D7][sys]-- WARN 58832 --- [      Thread-13] c.a.n.common.http.HttpClientBeanHolder   : [HttpClientBeanHolder] Start destroying common HttpClient
16:07:27.576-[LAPTOP-FPFPK7D7][sys]-- WARN 58832 --- [       Thread-2] c.a.n.common.executor.ThreadPoolManager  : [ThreadPoolManager] Start destroying ThreadPool
16:07:27.576-[LAPTOP-FPFPK7D7][sys]-- WARN 58832 --- [      Thread-15] c.a.nacos.common.notify.NotifyCenter     : [NotifyCenter] Start destroying Publisher
16:07:27.577-[LAPTOP-FPFPK7D7][sys]-- WARN 58832 --- [      Thread-15] c.a.nacos.common.notify.NotifyCenter     : [NotifyCenter] Destruction of the end
16:07:27.578-[LAPTOP-FPFPK7D7][sys]-- WARN 58832 --- [       Thread-2] c.a.n.common.executor.ThreadPoolManager  : [ThreadPoolManager] Destruction of the end
16:07:27.584-[LAPTOP-FPFPK7D7][sys]-- WARN 58832 --- [      Thread-13] c.a.n.common.http.HttpClientBeanHolder   : [HttpClientBeanHolder] Destruction of the end
16:07:27.942-[LAPTOP-FPFPK7D7][sys]-- INFO 58832 --- [ionShutdownHook] c.a.c.n.registry.NacosServiceRegistry    : De-registering from Nacos Server now...
16:07:28.416-[LAPTOP-FPFPK7D7][sys]--ERROR 58832 --- [ionShutdownHook] c.a.c.n.registry.NacosServiceRegistry    : ERR_NACOS_DEREGISTER, de-register failed...NacosRegistration{nacosDiscoveryProperties=NacosDiscoveryProperties{serverAddr='null', username='******', password='******', endpoint='null', namespace='null', watchDelay=30000, logName='null', service='null', weight=1.0, clusterName='null', group='DEFAULT_GROUP', namingLoadCacheAtStart='false', metadata={}, registerEnabled=true, ip='null', networkInterface='', port=-1, secure=false, accessKey='null', secretKey='null', heartBeatInterval=null, heartBeatTimeout=null, ipDeleteTimeout=null, instanceEnabled=true, ephemeral=true, failureToleranceEnabled=false}, ipDeleteTimeout=null, failFast=true}},
com.alibaba.nacos.api.exception.NacosException: Client not connected, current status:UNHEALTHY
	at com.alibaba.nacos.common.remote.client.RpcClient.request(RpcClient.java:645) ~[nacos-client-2.4.2.jar:na]
	at com.alibaba.nacos.common.remote.client.RpcClient.request(RpcClient.java:624) ~[nacos-client-2.4.2.jar:na]
	at com.alibaba.nacos.client.naming.remote.gprc.NamingGrpcClientProxy.requestToServer(NamingGrpcClientProxy.java:447) ~[nacos-client-2.4.2.jar:na]
	at com.alibaba.nacos.client.naming.remote.gprc.NamingGrpcClientProxy.doDeregisterService(NamingGrpcClientProxy.java:308) ~[nacos-client-2.4.2.jar:na]
	at com.alibaba.nacos.client.naming.remote.gprc.NamingGrpcClientProxy.deregisterServiceForEphemeral(NamingGrpcClientProxy.java:293) ~[nacos-client-2.4.2.jar:na]
	at com.alibaba.nacos.client.naming.remote.gprc.NamingGrpcClientProxy.deregisterService(NamingGrpcClientProxy.java:275) ~[nacos-client-2.4.2.jar:na]
	at com.alibaba.nacos.client.naming.remote.NamingClientProxyDelegate.deregisterService(NamingClientProxyDelegate.java:122) ~[nacos-client-2.4.2.jar:na]
	at com.alibaba.nacos.client.naming.NacosNamingService.deregisterInstance(NacosNamingService.java:211) ~[nacos-client-2.4.2.jar:na]
	at com.alibaba.nacos.client.naming.NacosNamingService.deregisterInstance(NacosNamingService.java:199) ~[nacos-client-2.4.2.jar:na]
	at com.alibaba.cloud.nacos.registry.NacosServiceRegistry.deregister(NacosServiceRegistry.java:107) ~[spring-cloud-starter-alibaba-nacos-discovery-2023.0.3.2.jar:2023.0.3.2]
	at org.springframework.cloud.client.serviceregistry.AbstractAutoServiceRegistration.deregister(AbstractAutoServiceRegistration.java:281) ~[spring-cloud-commons-4.1.4.jar:4.1.4]
	at org.springframework.cloud.client.serviceregistry.AbstractAutoServiceRegistration.stop(AbstractAutoServiceRegistration.java:299) ~[spring-cloud-commons-4.1.4.jar:4.1.4]
	at org.springframework.cloud.client.serviceregistry.AbstractAutoServiceRegistration.destroy(AbstractAutoServiceRegistration.java:233) ~[spring-cloud-commons-4.1.4.jar:4.1.4]
	at java.base/jdk.internal.reflect.NativeMethodAccessorImpl.invoke0(Native Method) ~[na:na]
	at java.base/jdk.internal.reflect.NativeMethodAccessorImpl.invoke(NativeMethodAccessorImpl.java:77) ~[na:na]
	at java.base/jdk.internal.reflect.DelegatingMethodAccessorImpl.invoke(DelegatingMethodAccessorImpl.java:43) ~[na:na]
	at java.base/java.lang.reflect.Method.invoke(Method.java:568) ~[na:na]
	at org.springframework.beans.factory.annotation.InitDestroyAnnotationBeanPostProcessor$LifecycleMethod.invoke(InitDestroyAnnotationBeanPostProcessor.java:457) ~[spring-beans-6.1.14.jar:6.1.14]
	at org.springframework.beans.factory.annotation.InitDestroyAnnotationBeanPostProcessor$LifecycleMetadata.invokeDestroyMethods(InitDestroyAnnotationBeanPostProcessor.java:415) ~[spring-beans-6.1.14.jar:6.1.14]
	at org.springframework.beans.factory.annotation.InitDestroyAnnotationBeanPostProcessor.postProcessBeforeDestruction(InitDestroyAnnotationBeanPostProcessor.java:239) ~[spring-beans-6.1.14.jar:6.1.14]
	at org.springframework.beans.factory.support.DisposableBeanAdapter.destroy(DisposableBeanAdapter.java:202) ~[spring-beans-6.1.14.jar:6.1.14]
	at org.springframework.beans.factory.support.DefaultSingletonBeanRegistry.destroyBean(DefaultSingletonBeanRegistry.java:587) ~[spring-beans-6.1.14.jar:6.1.14]
	at org.springframework.beans.factory.support.DefaultSingletonBeanRegistry.destroySingleton(DefaultSingletonBeanRegistry.java:559) ~[spring-beans-6.1.14.jar:6.1.14]
	at org.springframework.beans.factory.support.DefaultListableBeanFactory.destroySingleton(DefaultListableBeanFactory.java:1202) ~[spring-beans-6.1.14.jar:6.1.14]
	at org.springframework.beans.factory.support.DefaultSingletonBeanRegistry.destroySingletons(DefaultSingletonBeanRegistry.java:520) ~[spring-beans-6.1.14.jar:6.1.14]
	at org.springframework.beans.factory.support.DefaultListableBeanFactory.destroySingletons(DefaultListableBeanFactory.java:1195) ~[spring-beans-6.1.14.jar:6.1.14]
	at org.springframework.context.support.AbstractApplicationContext.destroyBeans(AbstractApplicationContext.java:1195) ~[spring-context-6.1.14.jar:6.1.14]
	at org.springframework.context.support.AbstractApplicationContext.doClose(AbstractApplicationContext.java:1156) ~[spring-context-6.1.14.jar:6.1.14]
	at org.springframework.boot.web.servlet.context.ServletWebServerApplicationContext.doClose(ServletWebServerApplicationContext.java:174) ~[spring-boot-3.3.5.jar:3.3.5]
	at org.springframework.context.support.AbstractApplicationContext.close(AbstractApplicationContext.java:1102) ~[spring-context-6.1.14.jar:6.1.14]
	at org.springframework.boot.SpringApplicationShutdownHook.closeAndWait(SpringApplicationShutdownHook.java:145) ~[spring-boot-3.3.5.jar:3.3.5]
	at java.base/java.lang.Iterable.forEach(Iterable.java:75) ~[na:na]
	at org.springframework.boot.SpringApplicationShutdownHook.run(SpringApplicationShutdownHook.java:114) ~[spring-boot-3.3.5.jar:3.3.5]
	at java.base/java.lang.Thread.run(Thread.java:842) ~[na:na]
16:07:28.419-[LAPTOP-FPFPK7D7][sys]-- INFO 58832 --- [ionShutdownHook] c.a.c.n.registry.NacosServiceRegistry    : De-registration finished.
16:07:28.453-[LAPTOP-FPFPK7D7][sys]-- INFO 58832 --- [ionShutdownHook] com.zaxxer.hikari.HikariDataSource       : HikariPool-1 - Shutdown initiated...
