11:15:45.533-[LAPTOP-FPFPK7D7][sys]-- INFO 11820 --- [           main] com.tianji.AIGCApplication               : The following 1 profile is active: "local"
11:15:45.558-[LAPTOP-FPFPK7D7][sys]-- INFO 11820 --- [           main] c.a.c.n.c.NacosConfigDataLoader          : [Nacos Config] Load config[dataId=shared-mybatis.yaml, group=DEFAULT_GROUP] success
11:15:45.558-[LAPTOP-FPFPK7D7][sys]-- INFO 11820 --- [           main] c.a.c.n.c.NacosConfigDataLoader          : [Nacos Config] Load config[dataId=shared-feign.yaml, group=DEFAULT_GROUP] success
11:15:45.558-[LAPTOP-FPFPK7D7][sys]-- INFO 11820 --- [           main] c.a.c.n.c.NacosConfigDataLoader          : [Nacos Config] Load config[dataId=shared-logs.yaml, group=DEFAULT_GROUP] success
11:15:45.559-[LAPTOP-FPFPK7D7][sys]-- INFO 11820 --- [           main] c.a.c.n.c.NacosConfigDataLoader          : [Nacos Config] Load config[dataId=shared-redis.yaml, group=DEFAULT_GROUP] success
11:15:45.559-[LAPTOP-FPFPK7D7][sys]-- INFO 11820 --- [           main] c.a.c.n.c.NacosConfigDataLoader          : [Nacos Config] Load config[dataId=shared-spring.yaml, group=DEFAULT_GROUP] success
11:15:45.559-[LAPTOP-FPFPK7D7][sys]-- INFO 11820 --- [           main] c.a.c.n.c.NacosConfigDataLoader          : [Nacos Config] Load config[dataId=aigc-service.yaml, group=DEFAULT_GROUP] success
11:15:46.520-[LAPTOP-FPFPK7D7][sys]-- INFO 11820 --- [           main] .s.d.r.c.RepositoryConfigurationDelegate : Multiple Spring Data modules found, entering strict repository configuration mode
11:15:46.523-[LAPTOP-FPFPK7D7][sys]-- INFO 11820 --- [           main] .s.d.r.c.RepositoryConfigurationDelegate : Bootstrapping Spring Data Redis repositories in DEFAULT mode.
11:15:46.590-[LAPTOP-FPFPK7D7][sys]-- INFO 11820 --- [           main] .s.d.r.c.RepositoryConfigurationDelegate : Finished Spring Data repository scanning in 53 ms. Found 0 Redis repository interfaces.
11:15:46.929-[LAPTOP-FPFPK7D7][sys]-- INFO 11820 --- [           main] o.s.cloud.context.scope.GenericScope     : BeanFactory id=fd1c3c9a-2e9a-34e7-ae4f-0a718fb3f55d
11:15:46.968-[LAPTOP-FPFPK7D7][sys]-- WARN 11820 --- [           main] trationDelegate$BeanPostProcessorChecker : Bean 'com.alibaba.cloud.nacos.NacosConfigAutoConfiguration' of type [com.alibaba.cloud.nacos.NacosConfigAutoConfiguration] is not eligible for getting processed by all BeanPostProcessors (for example: not eligible for auto-proxying). The currently created BeanPostProcessor [nacosAnnotationProcessor] is declared through a non-static factory method on that class; consider declaring it as static instead.
11:15:47.243-[LAPTOP-FPFPK7D7][sys]-- WARN 11820 --- [           main] trationDelegate$BeanPostProcessorChecker : Bean 'org.springframework.cloud.client.loadbalancer.LoadBalancerAutoConfiguration$DeferringLoadBalancerInterceptorConfig' of type [org.springframework.cloud.client.loadbalancer.LoadBalancerAutoConfiguration$DeferringLoadBalancerInterceptorConfig] is not eligible for getting processed by all BeanPostProcessors (for example: not eligible for auto-proxying). The currently created BeanPostProcessor [lbRestClientPostProcessor] is declared through a non-static factory method on that class; consider declaring it as static instead.
11:15:47.246-[LAPTOP-FPFPK7D7][sys]-- WARN 11820 --- [           main] trationDelegate$BeanPostProcessorChecker : Bean 'deferringLoadBalancerInterceptor' of type [org.springframework.cloud.client.loadbalancer.DeferringLoadBalancerInterceptor] is not eligible for getting processed by all BeanPostProcessors (for example: not eligible for auto-proxying). Is this bean getting eagerly injected/applied to a currently created BeanPostProcessor [lbRestClientPostProcessor]? Check the corresponding BeanPostProcessor declaration and its dependencies/advisors. If this bean does not have to be post-processed, declare it with ROLE_INFRASTRUCTURE.
11:15:47.249-[LAPTOP-FPFPK7D7][sys]-- WARN 11820 --- [           main] trationDelegate$BeanPostProcessorChecker : Bean 'org.springframework.cloud.client.loadbalancer.reactive.LoadBalancerBeanPostProcessorAutoConfiguration' of type [org.springframework.cloud.client.loadbalancer.reactive.LoadBalancerBeanPostProcessorAutoConfiguration] is not eligible for getting processed by all BeanPostProcessors (for example: not eligible for auto-proxying). The currently created BeanPostProcessor [loadBalancerWebClientBuilderBeanPostProcessor] is declared through a non-static factory method on that class; consider declaring it as static instead.
11:15:47.251-[LAPTOP-FPFPK7D7][sys]-- WARN 11820 --- [           main] trationDelegate$BeanPostProcessorChecker : Bean 'org.springframework.cloud.client.loadbalancer.reactive.LoadBalancerBeanPostProcessorAutoConfiguration$ReactorDeferringLoadBalancerFilterConfig' of type [org.springframework.cloud.client.loadbalancer.reactive.LoadBalancerBeanPostProcessorAutoConfiguration$ReactorDeferringLoadBalancerFilterConfig] is not eligible for getting processed by all BeanPostProcessors (for example: not eligible for auto-proxying). Is this bean getting eagerly injected/applied to a currently created BeanPostProcessor [loadBalancerWebClientBuilderBeanPostProcessor]? Check the corresponding BeanPostProcessor declaration and its dependencies/advisors. If this bean does not have to be post-processed, declare it with ROLE_INFRASTRUCTURE.
11:15:47.253-[LAPTOP-FPFPK7D7][sys]-- WARN 11820 --- [           main] trationDelegate$BeanPostProcessorChecker : Bean 'reactorDeferringLoadBalancerExchangeFilterFunction' of type [org.springframework.cloud.client.loadbalancer.reactive.DeferringLoadBalancerExchangeFilterFunction] is not eligible for getting processed by all BeanPostProcessors (for example: not eligible for auto-proxying). Is this bean getting eagerly injected/applied to a currently created BeanPostProcessor [loadBalancerWebClientBuilderBeanPostProcessor]? Check the corresponding BeanPostProcessor declaration and its dependencies/advisors. If this bean does not have to be post-processed, declare it with ROLE_INFRASTRUCTURE.
11:15:47.530-[LAPTOP-FPFPK7D7][sys]-- INFO 11820 --- [           main] o.s.b.w.embedded.tomcat.TomcatWebServer  : Tomcat initialized with port 8094 (http)
11:15:47.550-[LAPTOP-FPFPK7D7][sys]-- INFO 11820 --- [           main] o.apache.catalina.core.StandardService   : Starting service [Tomcat]
11:15:47.551-[LAPTOP-FPFPK7D7][sys]-- INFO 11820 --- [           main] o.apache.catalina.core.StandardEngine    : Starting Servlet engine: [Apache Tomcat/10.1.31]
11:15:47.650-[LAPTOP-FPFPK7D7][sys]-- INFO 11820 --- [           main] o.a.c.c.C.[Tomcat].[localhost].[/]       : Initializing Spring embedded WebApplicationContext
11:15:47.650-[LAPTOP-FPFPK7D7][sys]-- INFO 11820 --- [           main] w.s.c.ServletWebServerApplicationContext : Root WebApplicationContext: initialization completed in 2091 ms
11:15:48.742-[LAPTOP-FPFPK7D7][sys]-- INFO 11820 --- [           main] o.s.c.openfeign.FeignClientFactoryBean   : For 'course-service' URL not provided. Will try picking an instance via load-balancing.
11:15:48.808-[LAPTOP-FPFPK7D7][sys]-- INFO 11820 --- [           main] o.s.c.openfeign.FeignClientFactoryBean   : For 'trade-service' URL not provided. Will try picking an instance via load-balancing.
11:15:51.424-[LAPTOP-FPFPK7D7][sys]-- INFO 11820 --- [           main] c.a.c.sentinel.SentinelWebMvcConfigurer  : [Sentinel Starter] register SentinelWebInterceptor with urlPatterns: [/**].
11:15:53.053-[LAPTOP-FPFPK7D7][sys]-- INFO 11820 --- [           main] o.s.cloud.commons.util.InetUtils         : Cannot determine local hostname
11:15:53.110-[LAPTOP-FPFPK7D7][sys]-- INFO 11820 --- [           main] o.s.c.openfeign.FeignClientFactoryBean   : For 'course-service' URL not provided. Will try picking an instance via load-balancing.
11:15:53.135-[LAPTOP-FPFPK7D7][sys]-- INFO 11820 --- [           main] o.s.c.openfeign.FeignClientFactoryBean   : For 'auth-service' URL not provided. Will try picking an instance via load-balancing.
11:15:53.851-[LAPTOP-FPFPK7D7][sys]-- INFO 11820 --- [           main] o.s.b.w.embedded.tomcat.TomcatWebServer  : Tomcat started on port 8094 (http) with context path '/'
11:15:54.162-[LAPTOP-FPFPK7D7][sys]-- INFO 11820 --- [           main] c.a.n.p.a.s.c.ClientAuthPluginManager    : [ClientAuthPluginManager] Load ClientAuthService com.alibaba.nacos.client.auth.impl.NacosClientAuthServiceImpl success.
11:15:54.162-[LAPTOP-FPFPK7D7][sys]-- INFO 11820 --- [           main] c.a.n.p.a.s.c.ClientAuthPluginManager    : [ClientAuthPluginManager] Load ClientAuthService com.alibaba.nacos.client.auth.ram.RamClientAuthServiceImpl success.
11:15:54.255-[LAPTOP-FPFPK7D7][sys]-- INFO 11820 --- [           main] c.a.c.n.registry.NacosServiceRegistry    : nacos registry, DEFAULT_GROUP aigc-service 192.168.150.1:8094 register finished
11:15:54.600-[LAPTOP-FPFPK7D7][sys]-- INFO 11820 --- [           main] com.tianji.AIGCApplication               : Started AIGCApplication in 13.269 seconds (process running for 14.021)
11:15:54.613-[LAPTOP-FPFPK7D7][sys]-- INFO 11820 --- [           main] c.a.c.n.refresh.NacosContextRefresher    : [Nacos Config] Listening config: dataId=aigc-service.yaml, group=DEFAULT_GROUP
11:15:54.615-[LAPTOP-FPFPK7D7][sys]-- INFO 11820 --- [           main] c.a.c.n.refresh.NacosContextRefresher    : [Nacos Config] Listening config: dataId=shared-redis.yaml, group=DEFAULT_GROUP
11:15:54.615-[LAPTOP-FPFPK7D7][sys]-- INFO 11820 --- [           main] c.a.c.n.refresh.NacosContextRefresher    : [Nacos Config] Listening config: dataId=shared-spring.yaml, group=DEFAULT_GROUP
11:15:54.616-[LAPTOP-FPFPK7D7][sys]-- INFO 11820 --- [           main] c.a.c.n.refresh.NacosContextRefresher    : [Nacos Config] Listening config: dataId=shared-mybatis.yaml, group=DEFAULT_GROUP
11:15:54.617-[LAPTOP-FPFPK7D7][sys]-- INFO 11820 --- [           main] c.a.c.n.refresh.NacosContextRefresher    : [Nacos Config] Listening config: dataId=shared-feign.yaml, group=DEFAULT_GROUP
11:15:54.618-[LAPTOP-FPFPK7D7][sys]-- INFO 11820 --- [           main] c.a.c.n.refresh.NacosContextRefresher    : [Nacos Config] Listening config: dataId=shared-logs.yaml, group=DEFAULT_GROUP
11:15:54.620-[LAPTOP-FPFPK7D7][sys]-- INFO 11820 --- [           main] com.tianji.AIGCApplication               : --/
---------------------------------------------------------------------------------------
	Application 'aigc-service' is running! Access URLs:
	Local: 		http://localhost:8094
	External: 	http://10.254.2.55:8094
	Profile(s): 	[local]
---------------------------------------------------------------------------------------
11:18:45.002-[LAPTOP-FPFPK7D7][sys]-- INFO 11820 --- [nio-8094-exec-2] o.a.c.c.C.[Tomcat].[localhost].[/]       : Initializing Spring DispatcherServlet 'dispatcherServlet'
11:18:45.002-[LAPTOP-FPFPK7D7][sys]-- INFO 11820 --- [nio-8094-exec-2] o.s.web.servlet.DispatcherServlet        : Initializing Servlet 'dispatcherServlet'
11:18:45.004-[LAPTOP-FPFPK7D7][sys]-- INFO 11820 --- [nio-8094-exec-2] o.s.web.servlet.DispatcherServlet        : Completed initialization in 1 ms
11:18:45.181-[LAPTOP-FPFPK7D7][f7baaaa6f52c407e88131645c320e082]--ERROR 11820 --- [nio-8094-exec-1] c.t.c.a.m.advice.CommonExceptionAdvice   : 参数异常 -> ServletException，No static resource chat/templates.
11:18:45.181-[LAPTOP-FPFPK7D7][f7baaaa6f52c407e88131645c320e082]--DEBUG 11820 --- [nio-8094-exec-1] c.t.c.a.m.advice.CommonExceptionAdvice   : 
org.springframework.web.servlet.resource.NoResourceFoundException: No static resource chat/templates.
	at org.springframework.web.servlet.resource.ResourceHttpRequestHandler.handleRequest(ResourceHttpRequestHandler.java:585) ~[spring-webmvc-6.1.14.jar:6.1.14]
	at org.springframework.web.servlet.mvc.HttpRequestHandlerAdapter.handle(HttpRequestHandlerAdapter.java:52) ~[spring-webmvc-6.1.14.jar:6.1.14]
	at org.springframework.web.servlet.DispatcherServlet.doDispatch(DispatcherServlet.java:1089) ~[spring-webmvc-6.1.14.jar:6.1.14]
	at org.springframework.web.servlet.DispatcherServlet.doService(DispatcherServlet.java:979) ~[spring-webmvc-6.1.14.jar:6.1.14]
	at org.springframework.web.servlet.FrameworkServlet.processRequest(FrameworkServlet.java:1014) ~[spring-webmvc-6.1.14.jar:6.1.14]
	at org.springframework.web.servlet.FrameworkServlet.doGet(FrameworkServlet.java:903) ~[spring-webmvc-6.1.14.jar:6.1.14]
	at jakarta.servlet.http.HttpServlet.service(HttpServlet.java:564) ~[tomcat-embed-core-10.1.31.jar:6.0]
	at org.springframework.web.servlet.FrameworkServlet.service(FrameworkServlet.java:885) ~[spring-webmvc-6.1.14.jar:6.1.14]
	at jakarta.servlet.http.HttpServlet.service(HttpServlet.java:658) ~[tomcat-embed-core-10.1.31.jar:6.0]
	at org.apache.catalina.core.ApplicationFilterChain.internalDoFilter(ApplicationFilterChain.java:195) ~[tomcat-embed-core-10.1.31.jar:10.1.31]
	at org.apache.catalina.core.ApplicationFilterChain.doFilter(ApplicationFilterChain.java:140) ~[tomcat-embed-core-10.1.31.jar:10.1.31]
	at org.apache.tomcat.websocket.server.WsFilter.doFilter(WsFilter.java:51) ~[tomcat-embed-websocket-10.1.31.jar:10.1.31]
	at org.apache.catalina.core.ApplicationFilterChain.internalDoFilter(ApplicationFilterChain.java:164) ~[tomcat-embed-core-10.1.31.jar:10.1.31]
	at org.apache.catalina.core.ApplicationFilterChain.doFilter(ApplicationFilterChain.java:140) ~[tomcat-embed-core-10.1.31.jar:10.1.31]
	at org.springframework.web.filter.RequestContextFilter.doFilterInternal(RequestContextFilter.java:100) ~[spring-web-6.1.14.jar:6.1.14]
	at org.springframework.web.filter.OncePerRequestFilter.doFilter(OncePerRequestFilter.java:116) ~[spring-web-6.1.14.jar:6.1.14]
	at org.apache.catalina.core.ApplicationFilterChain.internalDoFilter(ApplicationFilterChain.java:164) ~[tomcat-embed-core-10.1.31.jar:10.1.31]
	at org.apache.catalina.core.ApplicationFilterChain.doFilter(ApplicationFilterChain.java:140) ~[tomcat-embed-core-10.1.31.jar:10.1.31]
	at org.springframework.web.filter.FormContentFilter.doFilterInternal(FormContentFilter.java:93) ~[spring-web-6.1.14.jar:6.1.14]
	at org.springframework.web.filter.OncePerRequestFilter.doFilter(OncePerRequestFilter.java:116) ~[spring-web-6.1.14.jar:6.1.14]
	at org.apache.catalina.core.ApplicationFilterChain.internalDoFilter(ApplicationFilterChain.java:164) ~[tomcat-embed-core-10.1.31.jar:10.1.31]
	at org.apache.catalina.core.ApplicationFilterChain.doFilter(ApplicationFilterChain.java:140) ~[tomcat-embed-core-10.1.31.jar:10.1.31]
	at org.springframework.web.filter.CharacterEncodingFilter.doFilterInternal(CharacterEncodingFilter.java:201) ~[spring-web-6.1.14.jar:6.1.14]
	at org.springframework.web.filter.OncePerRequestFilter.doFilter(OncePerRequestFilter.java:116) ~[spring-web-6.1.14.jar:6.1.14]
	at org.apache.catalina.core.ApplicationFilterChain.internalDoFilter(ApplicationFilterChain.java:164) ~[tomcat-embed-core-10.1.31.jar:10.1.31]
	at org.apache.catalina.core.ApplicationFilterChain.doFilter(ApplicationFilterChain.java:140) ~[tomcat-embed-core-10.1.31.jar:10.1.31]
	at com.tianji.common.filters.RequestIdFilter.doFilter(RequestIdFilter.java:27) ~[classes/:na]
	at org.apache.catalina.core.ApplicationFilterChain.internalDoFilter(ApplicationFilterChain.java:164) ~[tomcat-embed-core-10.1.31.jar:10.1.31]
	at org.apache.catalina.core.ApplicationFilterChain.doFilter(ApplicationFilterChain.java:140) ~[tomcat-embed-core-10.1.31.jar:10.1.31]
	at org.apache.catalina.core.StandardWrapperValve.invoke(StandardWrapperValve.java:167) ~[tomcat-embed-core-10.1.31.jar:10.1.31]
	at org.apache.catalina.core.StandardContextValve.invoke(StandardContextValve.java:90) ~[tomcat-embed-core-10.1.31.jar:10.1.31]
	at org.apache.catalina.authenticator.AuthenticatorBase.invoke(AuthenticatorBase.java:483) ~[tomcat-embed-core-10.1.31.jar:10.1.31]
	at org.apache.catalina.core.StandardHostValve.invoke(StandardHostValve.java:115) ~[tomcat-embed-core-10.1.31.jar:10.1.31]
	at org.apache.catalina.valves.ErrorReportValve.invoke(ErrorReportValve.java:93) ~[tomcat-embed-core-10.1.31.jar:10.1.31]
	at org.apache.catalina.core.StandardEngineValve.invoke(StandardEngineValve.java:74) ~[tomcat-embed-core-10.1.31.jar:10.1.31]
	at org.apache.catalina.connector.CoyoteAdapter.service(CoyoteAdapter.java:344) ~[tomcat-embed-core-10.1.31.jar:10.1.31]
	at org.apache.coyote.http11.Http11Processor.service(Http11Processor.java:384) ~[tomcat-embed-core-10.1.31.jar:10.1.31]
	at org.apache.coyote.AbstractProcessorLight.process(AbstractProcessorLight.java:63) ~[tomcat-embed-core-10.1.31.jar:10.1.31]
	at org.apache.coyote.AbstractProtocol$ConnectionHandler.process(AbstractProtocol.java:905) ~[tomcat-embed-core-10.1.31.jar:10.1.31]
	at org.apache.tomcat.util.net.NioEndpoint$SocketProcessor.doRun(NioEndpoint.java:1741) ~[tomcat-embed-core-10.1.31.jar:10.1.31]
	at org.apache.tomcat.util.net.SocketProcessorBase.run(SocketProcessorBase.java:52) ~[tomcat-embed-core-10.1.31.jar:10.1.31]
	at org.apache.tomcat.util.threads.ThreadPoolExecutor.runWorker(ThreadPoolExecutor.java:1190) ~[tomcat-embed-core-10.1.31.jar:10.1.31]
	at org.apache.tomcat.util.threads.ThreadPoolExecutor$Worker.run(ThreadPoolExecutor.java:659) ~[tomcat-embed-core-10.1.31.jar:10.1.31]
	at org.apache.tomcat.util.threads.TaskThread$WrappingRunnable.run(TaskThread.java:63) ~[tomcat-embed-core-10.1.31.jar:10.1.31]
	at java.base/java.lang.Thread.run(Thread.java:842) ~[na:na]
11:18:45.381-[LAPTOP-FPFPK7D7][1538d2ede3954b7db6314e2e14d64ce3]-- INFO 11820 --- [nio-8094-exec-4] com.zaxxer.hikari.HikariDataSource       : HikariPool-1 - Starting...
11:18:45.717-[LAPTOP-FPFPK7D7][1538d2ede3954b7db6314e2e14d64ce3]-- INFO 11820 --- [nio-8094-exec-4] com.zaxxer.hikari.pool.HikariPool        : HikariPool-1 - Added connection com.mysql.cj.jdbc.ConnectionImpl@3050fb95
11:18:45.720-[LAPTOP-FPFPK7D7][1538d2ede3954b7db6314e2e14d64ce3]-- INFO 11820 --- [nio-8094-exec-4] com.zaxxer.hikari.HikariDataSource       : HikariPool-1 - Start completed.
11:18:45.734-[LAPTOP-FPFPK7D7][1538d2ede3954b7db6314e2e14d64ce3]--DEBUG 11820 --- [nio-8094-exec-4] c.t.a.mapper.ChatSessionMapper.insert    : ==>  Preparing: INSERT INTO chat_session ( id, session_id, user_id, creater, updater ) VALUES ( ?, ?, ?, ?, ? )
11:18:45.746-[LAPTOP-FPFPK7D7][fe7309e41e144539aa198abaa6cecc21]--DEBUG 11820 --- [nio-8094-exec-2] c.t.a.m.ChatSessionMapper.selectList     : ==>  Preparing: SELECT id,session_id,user_id,title,create_time,update_time,creater,updater FROM chat_session WHERE (user_id = ?) ORDER BY update_time DESC limit 30
11:18:45.774-[LAPTOP-FPFPK7D7][fe7309e41e144539aa198abaa6cecc21]--DEBUG 11820 --- [nio-8094-exec-2] c.t.a.m.ChatSessionMapper.selectList     : ==> Parameters: 2(Long)
11:18:45.774-[LAPTOP-FPFPK7D7][1538d2ede3954b7db6314e2e14d64ce3]--DEBUG 11820 --- [nio-8094-exec-4] c.t.a.mapper.ChatSessionMapper.insert    : ==> Parameters: 1963803963929157633(Long), dd2f5f2f54af4c19abf6586f2717bf3c(String), 2(Long), 2(Long), 2(Long)
11:18:45.812-[LAPTOP-FPFPK7D7][1538d2ede3954b7db6314e2e14d64ce3]--DEBUG 11820 --- [nio-8094-exec-4] c.t.a.mapper.ChatSessionMapper.insert    : <==    Updates: 1
11:18:45.867-[LAPTOP-FPFPK7D7][fe7309e41e144539aa198abaa6cecc21]--DEBUG 11820 --- [nio-8094-exec-2] c.t.a.m.ChatSessionMapper.selectList     : <==      Total: 19
11:18:48.214-[LAPTOP-FPFPK7D7][d1cc5a90e6f7402485bde3affb6955ce]--DEBUG 11820 --- [nio-8094-exec-6] c.t.a.m.ChatSessionMapper.selectList     : ==>  Preparing: SELECT id,session_id,user_id,title,create_time,update_time,creater,updater FROM chat_session WHERE (user_id = ?) ORDER BY update_time DESC limit 30
11:18:48.215-[LAPTOP-FPFPK7D7][d1cc5a90e6f7402485bde3affb6955ce]--DEBUG 11820 --- [nio-8094-exec-6] c.t.a.m.ChatSessionMapper.selectList     : ==> Parameters: 2(Long)
11:18:48.220-[LAPTOP-FPFPK7D7][d1cc5a90e6f7402485bde3affb6955ce]--DEBUG 11820 --- [nio-8094-exec-6] c.t.a.m.ChatSessionMapper.selectList     : <==      Total: 20
11:24:42.789-[LAPTOP-FPFPK7D7][9bed559019604948904d5f10843e9c5b]--DEBUG 11820 --- [nio-8094-exec-9] c.t.a.m.ChatSessionMapper.selectList     : ==>  Preparing: SELECT id,session_id,user_id,title,create_time,update_time,creater,updater FROM chat_session WHERE (user_id = ?) ORDER BY update_time DESC limit 30
11:24:42.789-[LAPTOP-FPFPK7D7][9bed559019604948904d5f10843e9c5b]--DEBUG 11820 --- [nio-8094-exec-9] c.t.a.m.ChatSessionMapper.selectList     : ==> Parameters: 2(Long)
11:24:42.795-[LAPTOP-FPFPK7D7][9bed559019604948904d5f10843e9c5b]--DEBUG 11820 --- [nio-8094-exec-9] c.t.a.m.ChatSessionMapper.selectList     : <==      Total: 20
11:24:42.807-[LAPTOP-FPFPK7D7][dc1d081c611540c8a740d78fe997eb47]--DEBUG 11820 --- [nio-8094-exec-1] c.t.a.mapper.ChatSessionMapper.insert    : ==>  Preparing: INSERT INTO chat_session ( id, session_id, user_id, creater, updater ) VALUES ( ?, ?, ?, ?, ? )
11:24:42.807-[LAPTOP-FPFPK7D7][dc1d081c611540c8a740d78fe997eb47]--DEBUG 11820 --- [nio-8094-exec-1] c.t.a.mapper.ChatSessionMapper.insert    : ==> Parameters: 1963805463120207873(Long), 25bcc4fe9f504bceaa367e3a042ef0f9(String), 2(Long), 2(Long), 2(Long)
11:24:42.816-[LAPTOP-FPFPK7D7][dc1d081c611540c8a740d78fe997eb47]--DEBUG 11820 --- [nio-8094-exec-1] c.t.a.mapper.ChatSessionMapper.insert    : <==    Updates: 1
11:24:42.823-[LAPTOP-FPFPK7D7][733d126474b648468f38ecb4a8fbf4b1]--ERROR 11820 --- [nio-8094-exec-3] c.t.c.a.m.advice.CommonExceptionAdvice   : 参数异常 -> ServletException，No static resource chat/templates.
11:24:42.823-[LAPTOP-FPFPK7D7][733d126474b648468f38ecb4a8fbf4b1]--DEBUG 11820 --- [nio-8094-exec-3] c.t.c.a.m.advice.CommonExceptionAdvice   : 
org.springframework.web.servlet.resource.NoResourceFoundException: No static resource chat/templates.
	at org.springframework.web.servlet.resource.ResourceHttpRequestHandler.handleRequest(ResourceHttpRequestHandler.java:585) ~[spring-webmvc-6.1.14.jar:6.1.14]
	at org.springframework.web.servlet.mvc.HttpRequestHandlerAdapter.handle(HttpRequestHandlerAdapter.java:52) ~[spring-webmvc-6.1.14.jar:6.1.14]
	at org.springframework.web.servlet.DispatcherServlet.doDispatch(DispatcherServlet.java:1089) ~[spring-webmvc-6.1.14.jar:6.1.14]
	at org.springframework.web.servlet.DispatcherServlet.doService(DispatcherServlet.java:979) ~[spring-webmvc-6.1.14.jar:6.1.14]
	at org.springframework.web.servlet.FrameworkServlet.processRequest(FrameworkServlet.java:1014) ~[spring-webmvc-6.1.14.jar:6.1.14]
	at org.springframework.web.servlet.FrameworkServlet.doGet(FrameworkServlet.java:903) ~[spring-webmvc-6.1.14.jar:6.1.14]
	at jakarta.servlet.http.HttpServlet.service(HttpServlet.java:564) ~[tomcat-embed-core-10.1.31.jar:6.0]
	at org.springframework.web.servlet.FrameworkServlet.service(FrameworkServlet.java:885) ~[spring-webmvc-6.1.14.jar:6.1.14]
	at jakarta.servlet.http.HttpServlet.service(HttpServlet.java:658) ~[tomcat-embed-core-10.1.31.jar:6.0]
	at org.apache.catalina.core.ApplicationFilterChain.internalDoFilter(ApplicationFilterChain.java:195) ~[tomcat-embed-core-10.1.31.jar:10.1.31]
	at org.apache.catalina.core.ApplicationFilterChain.doFilter(ApplicationFilterChain.java:140) ~[tomcat-embed-core-10.1.31.jar:10.1.31]
	at org.apache.tomcat.websocket.server.WsFilter.doFilter(WsFilter.java:51) ~[tomcat-embed-websocket-10.1.31.jar:10.1.31]
	at org.apache.catalina.core.ApplicationFilterChain.internalDoFilter(ApplicationFilterChain.java:164) ~[tomcat-embed-core-10.1.31.jar:10.1.31]
	at org.apache.catalina.core.ApplicationFilterChain.doFilter(ApplicationFilterChain.java:140) ~[tomcat-embed-core-10.1.31.jar:10.1.31]
	at org.springframework.web.filter.RequestContextFilter.doFilterInternal(RequestContextFilter.java:100) ~[spring-web-6.1.14.jar:6.1.14]
	at org.springframework.web.filter.OncePerRequestFilter.doFilter(OncePerRequestFilter.java:116) ~[spring-web-6.1.14.jar:6.1.14]
	at org.apache.catalina.core.ApplicationFilterChain.internalDoFilter(ApplicationFilterChain.java:164) ~[tomcat-embed-core-10.1.31.jar:10.1.31]
	at org.apache.catalina.core.ApplicationFilterChain.doFilter(ApplicationFilterChain.java:140) ~[tomcat-embed-core-10.1.31.jar:10.1.31]
	at org.springframework.web.filter.FormContentFilter.doFilterInternal(FormContentFilter.java:93) ~[spring-web-6.1.14.jar:6.1.14]
	at org.springframework.web.filter.OncePerRequestFilter.doFilter(OncePerRequestFilter.java:116) ~[spring-web-6.1.14.jar:6.1.14]
	at org.apache.catalina.core.ApplicationFilterChain.internalDoFilter(ApplicationFilterChain.java:164) ~[tomcat-embed-core-10.1.31.jar:10.1.31]
	at org.apache.catalina.core.ApplicationFilterChain.doFilter(ApplicationFilterChain.java:140) ~[tomcat-embed-core-10.1.31.jar:10.1.31]
	at org.springframework.web.filter.CharacterEncodingFilter.doFilterInternal(CharacterEncodingFilter.java:201) ~[spring-web-6.1.14.jar:6.1.14]
	at org.springframework.web.filter.OncePerRequestFilter.doFilter(OncePerRequestFilter.java:116) ~[spring-web-6.1.14.jar:6.1.14]
	at org.apache.catalina.core.ApplicationFilterChain.internalDoFilter(ApplicationFilterChain.java:164) ~[tomcat-embed-core-10.1.31.jar:10.1.31]
	at org.apache.catalina.core.ApplicationFilterChain.doFilter(ApplicationFilterChain.java:140) ~[tomcat-embed-core-10.1.31.jar:10.1.31]
	at com.tianji.common.filters.RequestIdFilter.doFilter(RequestIdFilter.java:27) ~[classes/:na]
	at org.apache.catalina.core.ApplicationFilterChain.internalDoFilter(ApplicationFilterChain.java:164) ~[tomcat-embed-core-10.1.31.jar:10.1.31]
	at org.apache.catalina.core.ApplicationFilterChain.doFilter(ApplicationFilterChain.java:140) ~[tomcat-embed-core-10.1.31.jar:10.1.31]
	at org.apache.catalina.core.StandardWrapperValve.invoke(StandardWrapperValve.java:167) ~[tomcat-embed-core-10.1.31.jar:10.1.31]
	at org.apache.catalina.core.StandardContextValve.invoke(StandardContextValve.java:90) ~[tomcat-embed-core-10.1.31.jar:10.1.31]
	at org.apache.catalina.authenticator.AuthenticatorBase.invoke(AuthenticatorBase.java:483) ~[tomcat-embed-core-10.1.31.jar:10.1.31]
	at org.apache.catalina.core.StandardHostValve.invoke(StandardHostValve.java:115) ~[tomcat-embed-core-10.1.31.jar:10.1.31]
	at org.apache.catalina.valves.ErrorReportValve.invoke(ErrorReportValve.java:93) ~[tomcat-embed-core-10.1.31.jar:10.1.31]
	at org.apache.catalina.core.StandardEngineValve.invoke(StandardEngineValve.java:74) ~[tomcat-embed-core-10.1.31.jar:10.1.31]
	at org.apache.catalina.connector.CoyoteAdapter.service(CoyoteAdapter.java:344) ~[tomcat-embed-core-10.1.31.jar:10.1.31]
	at org.apache.coyote.http11.Http11Processor.service(Http11Processor.java:384) ~[tomcat-embed-core-10.1.31.jar:10.1.31]
	at org.apache.coyote.AbstractProcessorLight.process(AbstractProcessorLight.java:63) ~[tomcat-embed-core-10.1.31.jar:10.1.31]
	at org.apache.coyote.AbstractProtocol$ConnectionHandler.process(AbstractProtocol.java:905) ~[tomcat-embed-core-10.1.31.jar:10.1.31]
	at org.apache.tomcat.util.net.NioEndpoint$SocketProcessor.doRun(NioEndpoint.java:1741) ~[tomcat-embed-core-10.1.31.jar:10.1.31]
	at org.apache.tomcat.util.net.SocketProcessorBase.run(SocketProcessorBase.java:52) ~[tomcat-embed-core-10.1.31.jar:10.1.31]
	at org.apache.tomcat.util.threads.ThreadPoolExecutor.runWorker(ThreadPoolExecutor.java:1190) ~[tomcat-embed-core-10.1.31.jar:10.1.31]
	at org.apache.tomcat.util.threads.ThreadPoolExecutor$Worker.run(ThreadPoolExecutor.java:659) ~[tomcat-embed-core-10.1.31.jar:10.1.31]
	at org.apache.tomcat.util.threads.TaskThread$WrappingRunnable.run(TaskThread.java:63) ~[tomcat-embed-core-10.1.31.jar:10.1.31]
	at java.base/java.lang.Thread.run(Thread.java:842) ~[na:na]
11:24:45.986-[LAPTOP-FPFPK7D7][809f8107766c4e96b22da81f1941ae70]--DEBUG 11820 --- [nio-8094-exec-4] c.t.a.m.ChatSessionMapper.selectList     : ==>  Preparing: SELECT id,session_id,user_id,title,create_time,update_time,creater,updater FROM chat_session WHERE (user_id = ?) ORDER BY update_time DESC limit 30
11:24:45.986-[LAPTOP-FPFPK7D7][809f8107766c4e96b22da81f1941ae70]--DEBUG 11820 --- [nio-8094-exec-4] c.t.a.m.ChatSessionMapper.selectList     : ==> Parameters: 2(Long)
11:24:45.990-[LAPTOP-FPFPK7D7][809f8107766c4e96b22da81f1941ae70]--DEBUG 11820 --- [nio-8094-exec-4] c.t.a.m.ChatSessionMapper.selectList     : <==      Total: 21
11:25:07.185-[LAPTOP-FPFPK7D7][2178e42024704909bc81ce0f9b67ee29]--DEBUG 11820 --- [nio-8094-exec-2] c.t.a.m.ChatSessionMapper.selectList     : ==>  Preparing: SELECT id,session_id,user_id,title,create_time,update_time,creater,updater FROM chat_session WHERE (user_id = ?) ORDER BY update_time DESC limit 30
11:25:07.185-[LAPTOP-FPFPK7D7][2178e42024704909bc81ce0f9b67ee29]--DEBUG 11820 --- [nio-8094-exec-2] c.t.a.m.ChatSessionMapper.selectList     : ==> Parameters: 2(Long)
11:25:07.187-[LAPTOP-FPFPK7D7][2178e42024704909bc81ce0f9b67ee29]--DEBUG 11820 --- [nio-8094-exec-2] c.t.a.m.ChatSessionMapper.selectList     : <==      Total: 21
11:25:10.245-[LAPTOP-FPFPK7D7][95e4796c04b14487870a033ef8b8faa3]--DEBUG 11820 --- [nio-8094-exec-7] c.t.a.m.ChatSessionMapper.selectList     : ==>  Preparing: SELECT id,session_id,user_id,title,create_time,update_time,creater,updater FROM chat_session WHERE (session_id = ?)
11:25:10.246-[LAPTOP-FPFPK7D7][95e4796c04b14487870a033ef8b8faa3]--DEBUG 11820 --- [nio-8094-exec-7] c.t.a.m.ChatSessionMapper.selectList     : ==> Parameters: b9ad73a9ac8e4f42bc7a9cd1c6065a7c(String)
11:25:10.247-[LAPTOP-FPFPK7D7][95e4796c04b14487870a033ef8b8faa3]--DEBUG 11820 --- [nio-8094-exec-7] c.t.a.m.ChatSessionMapper.selectList     : <==      Total: 1
11:25:12.946-[LAPTOP-FPFPK7D7][5b35b1eb44f84620bac344b36a77d9fe]--DEBUG 11820 --- [nio-8094-exec-5] c.t.a.m.ChatSessionMapper.selectList     : ==>  Preparing: SELECT id,session_id,user_id,title,create_time,update_time,creater,updater FROM chat_session WHERE (user_id = ?) ORDER BY update_time DESC limit 30
11:25:12.946-[LAPTOP-FPFPK7D7][5b35b1eb44f84620bac344b36a77d9fe]--DEBUG 11820 --- [nio-8094-exec-5] c.t.a.m.ChatSessionMapper.selectList     : ==> Parameters: 2(Long)
11:25:12.951-[LAPTOP-FPFPK7D7][5b35b1eb44f84620bac344b36a77d9fe]--DEBUG 11820 --- [nio-8094-exec-5] c.t.a.m.ChatSessionMapper.selectList     : <==      Total: 21
11:25:14.393-[LAPTOP-FPFPK7D7][408e695e03d1495e9ac70c1f1acb016e]--DEBUG 11820 --- [io-8094-exec-10] c.t.a.m.ChatSessionMapper.selectList     : ==>  Preparing: SELECT id,session_id,user_id,title,create_time,update_time,creater,updater FROM chat_session WHERE (session_id = ?)
11:25:14.394-[LAPTOP-FPFPK7D7][408e695e03d1495e9ac70c1f1acb016e]--DEBUG 11820 --- [io-8094-exec-10] c.t.a.m.ChatSessionMapper.selectList     : ==> Parameters: dbb2cbde4046427a966b3fd82c68309e(String)
11:25:14.397-[LAPTOP-FPFPK7D7][408e695e03d1495e9ac70c1f1acb016e]--DEBUG 11820 --- [io-8094-exec-10] c.t.a.m.ChatSessionMapper.selectList     : <==      Total: 1
12:21:07.656-[LAPTOP-FPFPK7D7][sys]-- INFO 11820 --- [ioEventLoop-4-1] i.lettuce.core.protocol.CommandHandler   : null Unexpected exception during request: java.net.SocketException: Connection reset
java.net.SocketException: Connection reset
	at java.base/sun.nio.ch.SocketChannelImpl.throwConnectionReset(SocketChannelImpl.java:394) ~[na:na]
	at java.base/sun.nio.ch.SocketChannelImpl.read(SocketChannelImpl.java:426) ~[na:na]
	at io.netty.buffer.PooledByteBuf.setBytes(PooledByteBuf.java:255) ~[netty-buffer-4.1.114.Final.jar:4.1.114.Final]
	at io.netty.buffer.AbstractByteBuf.writeBytes(AbstractByteBuf.java:1132) ~[netty-buffer-4.1.114.Final.jar:4.1.114.Final]
	at io.netty.channel.socket.nio.NioSocketChannel.doReadBytes(NioSocketChannel.java:356) ~[netty-transport-4.1.114.Final.jar:4.1.114.Final]
	at io.netty.channel.nio.AbstractNioByteChannel$NioByteUnsafe.read(AbstractNioByteChannel.java:151) ~[netty-transport-4.1.114.Final.jar:4.1.114.Final]
	at io.netty.channel.nio.NioEventLoop.processSelectedKey(NioEventLoop.java:788) ~[netty-transport-4.1.114.Final.jar:4.1.114.Final]
	at io.netty.channel.nio.NioEventLoop.processSelectedKeysOptimized(NioEventLoop.java:724) ~[netty-transport-4.1.114.Final.jar:4.1.114.Final]
	at io.netty.channel.nio.NioEventLoop.processSelectedKeys(NioEventLoop.java:650) ~[netty-transport-4.1.114.Final.jar:4.1.114.Final]
	at io.netty.channel.nio.NioEventLoop.run(NioEventLoop.java:562) ~[netty-transport-4.1.114.Final.jar:4.1.114.Final]
	at io.netty.util.concurrent.SingleThreadEventExecutor$4.run(SingleThreadEventExecutor.java:997) ~[netty-common-4.1.114.Final.jar:4.1.114.Final]
	at io.netty.util.internal.ThreadExecutorMap$2.run(ThreadExecutorMap.java:74) ~[netty-common-4.1.114.Final.jar:4.1.114.Final]
	at io.netty.util.concurrent.FastThreadLocalRunnable.run(FastThreadLocalRunnable.java:30) ~[netty-common-4.1.114.Final.jar:4.1.114.Final]
	at java.base/java.lang.Thread.run(Thread.java:842) ~[na:na]
13:58:27.332-[LAPTOP-FPFPK7D7][sys]-- INFO 11820 --- [xecutorLoop-1-2] i.l.core.protocol.ConnectionWatchdog     : Reconnecting, last destination was /192.168.150.101:6379
13:58:28.158-[LAPTOP-FPFPK7D7][sys]-- WARN 11820 --- [ioEventLoop-4-2] i.l.core.protocol.ConnectionWatchdog     : Cannot reconnect to [192.168.150.101/<unresolved>:6379]: No route to host: no further information: /192.168.150.101:6379
io.netty.channel.AbstractChannel$AnnotatedNoRouteToHostException: No route to host: no further information: /192.168.150.101:6379
Caused by: java.net.NoRouteToHostException: No route to host: no further information
	at java.base/sun.nio.ch.Net.pollConnect(Native Method) ~[na:na]
	at java.base/sun.nio.ch.Net.pollConnectNow(Net.java:672) ~[na:na]
	at java.base/sun.nio.ch.SocketChannelImpl.finishConnect(SocketChannelImpl.java:946) ~[na:na]
	at io.netty.channel.socket.nio.NioSocketChannel.doFinishConnect(NioSocketChannel.java:336) ~[netty-transport-4.1.114.Final.jar:4.1.114.Final]
	at io.netty.channel.nio.AbstractNioChannel$AbstractNioUnsafe.finishConnect(AbstractNioChannel.java:339) ~[netty-transport-4.1.114.Final.jar:4.1.114.Final]
	at io.netty.channel.nio.NioEventLoop.processSelectedKey(NioEventLoop.java:776) ~[netty-transport-4.1.114.Final.jar:4.1.114.Final]
	at io.netty.channel.nio.NioEventLoop.processSelectedKeysOptimized(NioEventLoop.java:724) ~[netty-transport-4.1.114.Final.jar:4.1.114.Final]
	at io.netty.channel.nio.NioEventLoop.processSelectedKeys(NioEventLoop.java:650) ~[netty-transport-4.1.114.Final.jar:4.1.114.Final]
	at io.netty.channel.nio.NioEventLoop.run(NioEventLoop.java:562) ~[netty-transport-4.1.114.Final.jar:4.1.114.Final]
	at io.netty.util.concurrent.SingleThreadEventExecutor$4.run(SingleThreadEventExecutor.java:997) ~[netty-common-4.1.114.Final.jar:4.1.114.Final]
	at io.netty.util.internal.ThreadExecutorMap$2.run(ThreadExecutorMap.java:74) ~[netty-common-4.1.114.Final.jar:4.1.114.Final]
	at io.netty.util.concurrent.FastThreadLocalRunnable.run(FastThreadLocalRunnable.java:30) ~[netty-common-4.1.114.Final.jar:4.1.114.Final]
	at java.base/java.lang.Thread.run(Thread.java:842) ~[na:na]
13:58:28.728-[LAPTOP-FPFPK7D7][sys]-- INFO 11820 --- [xecutorLoop-1-3] i.l.core.protocol.ConnectionWatchdog     : Reconnecting, last destination was 192.168.150.101/<unresolved>:6379
13:58:28.804-[LAPTOP-FPFPK7D7][sys]-- WARN 11820 --- [ioEventLoop-4-3] i.l.core.protocol.ConnectionWatchdog     : Cannot reconnect to [192.168.150.101/<unresolved>:6379]: No route to host: no further information: /192.168.150.101:6379
io.netty.channel.AbstractChannel$AnnotatedNoRouteToHostException: No route to host: no further information: /192.168.150.101:6379
Caused by: java.net.NoRouteToHostException: No route to host: no further information
	at java.base/sun.nio.ch.Net.pollConnect(Native Method) ~[na:na]
	at java.base/sun.nio.ch.Net.pollConnectNow(Net.java:672) ~[na:na]
	at java.base/sun.nio.ch.SocketChannelImpl.finishConnect(SocketChannelImpl.java:946) ~[na:na]
	at io.netty.channel.socket.nio.NioSocketChannel.doFinishConnect(NioSocketChannel.java:336) ~[netty-transport-4.1.114.Final.jar:4.1.114.Final]
	at io.netty.channel.nio.AbstractNioChannel$AbstractNioUnsafe.finishConnect(AbstractNioChannel.java:339) ~[netty-transport-4.1.114.Final.jar:4.1.114.Final]
	at io.netty.channel.nio.NioEventLoop.processSelectedKey(NioEventLoop.java:776) ~[netty-transport-4.1.114.Final.jar:4.1.114.Final]
	at io.netty.channel.nio.NioEventLoop.processSelectedKeysOptimized(NioEventLoop.java:724) ~[netty-transport-4.1.114.Final.jar:4.1.114.Final]
	at io.netty.channel.nio.NioEventLoop.processSelectedKeys(NioEventLoop.java:650) ~[netty-transport-4.1.114.Final.jar:4.1.114.Final]
	at io.netty.channel.nio.NioEventLoop.run(NioEventLoop.java:562) ~[netty-transport-4.1.114.Final.jar:4.1.114.Final]
	at io.netty.util.concurrent.SingleThreadEventExecutor$4.run(SingleThreadEventExecutor.java:997) ~[netty-common-4.1.114.Final.jar:4.1.114.Final]
	at io.netty.util.internal.ThreadExecutorMap$2.run(ThreadExecutorMap.java:74) ~[netty-common-4.1.114.Final.jar:4.1.114.Final]
	at io.netty.util.concurrent.FastThreadLocalRunnable.run(FastThreadLocalRunnable.java:30) ~[netty-common-4.1.114.Final.jar:4.1.114.Final]
	at java.base/java.lang.Thread.run(Thread.java:842) ~[na:na]
13:58:31.597-[LAPTOP-FPFPK7D7][sys]-- WARN 11820 --- [l-1 housekeeper] com.zaxxer.hikari.pool.HikariPool        : HikariPool-1 - Thread starvation or clock leap detected (housekeeper delta=1h37m52s335ms444µs100ns).
13:58:33.843-[LAPTOP-FPFPK7D7][sys]-- INFO 11820 --- [ecutorLoop-1-13] i.l.core.protocol.ConnectionWatchdog     : Reconnecting, last destination was 192.168.150.101/<unresolved>:6379
13:58:43.851-[LAPTOP-FPFPK7D7][sys]-- WARN 11820 --- [oEventLoop-4-13] i.l.core.protocol.ConnectionWatchdog     : Cannot reconnect to [192.168.150.101/<unresolved>:6379]: connection timed out after 10000 ms: /192.168.150.101:6379
13:58:48.044-[LAPTOP-FPFPK7D7][sys]-- INFO 11820 --- [ecutorLoop-1-14] i.l.core.protocol.ConnectionWatchdog     : Reconnecting, last destination was 192.168.150.101/<unresolved>:6379
13:58:51.088-[LAPTOP-FPFPK7D7][sys]-- INFO 11820 --- [oEventLoop-4-14] i.l.core.protocol.ReconnectionHandler    : Reconnected to 192.168.150.101/<unresolved>:6379
14:37:33.126-[LAPTOP-FPFPK7D7][sys]-- INFO 11820 --- [listener.task-0] c.a.c.n.refresh.NacosContextRefresher    : [Nacos Config] Receive Nacos config change: dataId=aigc-service.yaml, group=DEFAULT_GROUP
14:37:34.928-[LAPTOP-FPFPK7D7][sys]-- INFO 11820 --- [listener.task-0] o.s.cloud.commons.util.InetUtils         : Cannot determine local hostname
14:37:35.279-[LAPTOP-FPFPK7D7][sys]-- INFO 11820 --- [listener.task-0] o.s.boot.SpringApplication               : The following 1 profile is active: "local"
14:37:35.290-[LAPTOP-FPFPK7D7][sys]-- INFO 11820 --- [listener.task-0] o.s.boot.SpringApplication               : Started application in 1.853 seconds (process running for 12122.258)
14:37:35.581-[LAPTOP-FPFPK7D7][sys]-- INFO 11820 --- [listener.task-0] o.s.c.e.event.RefreshEventListener       : Refresh keys changed: [spring.cloud.client.hostname]
14:37:48.655-[LAPTOP-FPFPK7D7][sys]-- WARN 11820 --- [       Thread-2] c.a.n.common.executor.ThreadPoolManager  : [ThreadPoolManager] Start destroying ThreadPool
14:37:48.656-[LAPTOP-FPFPK7D7][sys]-- WARN 11820 --- [      Thread-13] c.a.n.common.http.HttpClientBeanHolder   : [HttpClientBeanHolder] Start destroying common HttpClient
14:37:48.656-[LAPTOP-FPFPK7D7][sys]-- WARN 11820 --- [      Thread-15] c.a.nacos.common.notify.NotifyCenter     : [NotifyCenter] Start destroying Publisher
14:37:48.656-[LAPTOP-FPFPK7D7][sys]-- WARN 11820 --- [      Thread-15] c.a.nacos.common.notify.NotifyCenter     : [NotifyCenter] Destruction of the end
14:37:48.656-[LAPTOP-FPFPK7D7][sys]-- WARN 11820 --- [       Thread-2] c.a.n.common.executor.ThreadPoolManager  : [ThreadPoolManager] Destruction of the end
14:37:48.658-[LAPTOP-FPFPK7D7][sys]-- WARN 11820 --- [      Thread-13] c.a.n.common.http.HttpClientBeanHolder   : [HttpClientBeanHolder] Destruction of the end
14:37:48.903-[LAPTOP-FPFPK7D7][sys]-- INFO 11820 --- [ionShutdownHook] c.a.c.n.registry.NacosServiceRegistry    : De-registering from Nacos Server now...
14:37:48.922-[LAPTOP-FPFPK7D7][sys]-- INFO 11820 --- [ionShutdownHook] c.a.c.n.registry.NacosServiceRegistry    : De-registration finished.
14:37:48.933-[LAPTOP-FPFPK7D7][sys]-- INFO 11820 --- [ionShutdownHook] com.zaxxer.hikari.HikariDataSource       : HikariPool-1 - Shutdown initiated...
14:37:48.947-[LAPTOP-FPFPK7D7][sys]-- INFO 11820 --- [ionShutdownHook] com.zaxxer.hikari.HikariDataSource       : HikariPool-1 - Shutdown completed.
14:38:04.614-[LAPTOP-FPFPK7D7][sys]-- INFO 78676 --- [           main] com.tianji.AIGCApplication               : The following 1 profile is active: "local"
14:38:04.632-[LAPTOP-FPFPK7D7][sys]-- INFO 78676 --- [           main] c.a.c.n.c.NacosConfigDataLoader          : [Nacos Config] Load config[dataId=shared-mybatis.yaml, group=DEFAULT_GROUP] success
14:38:04.633-[LAPTOP-FPFPK7D7][sys]-- INFO 78676 --- [           main] c.a.c.n.c.NacosConfigDataLoader          : [Nacos Config] Load config[dataId=shared-feign.yaml, group=DEFAULT_GROUP] success
14:38:04.633-[LAPTOP-FPFPK7D7][sys]-- INFO 78676 --- [           main] c.a.c.n.c.NacosConfigDataLoader          : [Nacos Config] Load config[dataId=shared-logs.yaml, group=DEFAULT_GROUP] success
14:38:04.633-[LAPTOP-FPFPK7D7][sys]-- INFO 78676 --- [           main] c.a.c.n.c.NacosConfigDataLoader          : [Nacos Config] Load config[dataId=shared-redis.yaml, group=DEFAULT_GROUP] success
14:38:04.633-[LAPTOP-FPFPK7D7][sys]-- INFO 78676 --- [           main] c.a.c.n.c.NacosConfigDataLoader          : [Nacos Config] Load config[dataId=shared-spring.yaml, group=DEFAULT_GROUP] success
14:38:04.633-[LAPTOP-FPFPK7D7][sys]-- INFO 78676 --- [           main] c.a.c.n.c.NacosConfigDataLoader          : [Nacos Config] Load config[dataId=aigc-service.yaml, group=DEFAULT_GROUP] success
14:38:05.792-[LAPTOP-FPFPK7D7][sys]-- INFO 78676 --- [           main] .s.d.r.c.RepositoryConfigurationDelegate : Multiple Spring Data modules found, entering strict repository configuration mode
14:38:05.795-[LAPTOP-FPFPK7D7][sys]-- INFO 78676 --- [           main] .s.d.r.c.RepositoryConfigurationDelegate : Bootstrapping Spring Data Redis repositories in DEFAULT mode.
14:38:05.857-[LAPTOP-FPFPK7D7][sys]-- INFO 78676 --- [           main] .s.d.r.c.RepositoryConfigurationDelegate : Finished Spring Data repository scanning in 45 ms. Found 0 Redis repository interfaces.
14:38:06.220-[LAPTOP-FPFPK7D7][sys]-- INFO 78676 --- [           main] o.s.cloud.context.scope.GenericScope     : BeanFactory id=fd1c3c9a-2e9a-34e7-ae4f-0a718fb3f55d
14:38:06.264-[LAPTOP-FPFPK7D7][sys]-- WARN 78676 --- [           main] trationDelegate$BeanPostProcessorChecker : Bean 'com.alibaba.cloud.nacos.NacosConfigAutoConfiguration' of type [com.alibaba.cloud.nacos.NacosConfigAutoConfiguration] is not eligible for getting processed by all BeanPostProcessors (for example: not eligible for auto-proxying). The currently created BeanPostProcessor [nacosAnnotationProcessor] is declared through a non-static factory method on that class; consider declaring it as static instead.
14:38:06.647-[LAPTOP-FPFPK7D7][sys]-- WARN 78676 --- [           main] trationDelegate$BeanPostProcessorChecker : Bean 'org.springframework.cloud.client.loadbalancer.LoadBalancerAutoConfiguration$DeferringLoadBalancerInterceptorConfig' of type [org.springframework.cloud.client.loadbalancer.LoadBalancerAutoConfiguration$DeferringLoadBalancerInterceptorConfig] is not eligible for getting processed by all BeanPostProcessors (for example: not eligible for auto-proxying). The currently created BeanPostProcessor [lbRestClientPostProcessor] is declared through a non-static factory method on that class; consider declaring it as static instead.
14:38:06.651-[LAPTOP-FPFPK7D7][sys]-- WARN 78676 --- [           main] trationDelegate$BeanPostProcessorChecker : Bean 'deferringLoadBalancerInterceptor' of type [org.springframework.cloud.client.loadbalancer.DeferringLoadBalancerInterceptor] is not eligible for getting processed by all BeanPostProcessors (for example: not eligible for auto-proxying). Is this bean getting eagerly injected/applied to a currently created BeanPostProcessor [lbRestClientPostProcessor]? Check the corresponding BeanPostProcessor declaration and its dependencies/advisors. If this bean does not have to be post-processed, declare it with ROLE_INFRASTRUCTURE.
14:38:06.654-[LAPTOP-FPFPK7D7][sys]-- WARN 78676 --- [           main] trationDelegate$BeanPostProcessorChecker : Bean 'org.springframework.cloud.client.loadbalancer.reactive.LoadBalancerBeanPostProcessorAutoConfiguration' of type [org.springframework.cloud.client.loadbalancer.reactive.LoadBalancerBeanPostProcessorAutoConfiguration] is not eligible for getting processed by all BeanPostProcessors (for example: not eligible for auto-proxying). The currently created BeanPostProcessor [loadBalancerWebClientBuilderBeanPostProcessor] is declared through a non-static factory method on that class; consider declaring it as static instead.
14:38:06.656-[LAPTOP-FPFPK7D7][sys]-- WARN 78676 --- [           main] trationDelegate$BeanPostProcessorChecker : Bean 'org.springframework.cloud.client.loadbalancer.reactive.LoadBalancerBeanPostProcessorAutoConfiguration$ReactorDeferringLoadBalancerFilterConfig' of type [org.springframework.cloud.client.loadbalancer.reactive.LoadBalancerBeanPostProcessorAutoConfiguration$ReactorDeferringLoadBalancerFilterConfig] is not eligible for getting processed by all BeanPostProcessors (for example: not eligible for auto-proxying). Is this bean getting eagerly injected/applied to a currently created BeanPostProcessor [loadBalancerWebClientBuilderBeanPostProcessor]? Check the corresponding BeanPostProcessor declaration and its dependencies/advisors. If this bean does not have to be post-processed, declare it with ROLE_INFRASTRUCTURE.
14:38:06.658-[LAPTOP-FPFPK7D7][sys]-- WARN 78676 --- [           main] trationDelegate$BeanPostProcessorChecker : Bean 'reactorDeferringLoadBalancerExchangeFilterFunction' of type [org.springframework.cloud.client.loadbalancer.reactive.DeferringLoadBalancerExchangeFilterFunction] is not eligible for getting processed by all BeanPostProcessors (for example: not eligible for auto-proxying). Is this bean getting eagerly injected/applied to a currently created BeanPostProcessor [loadBalancerWebClientBuilderBeanPostProcessor]? Check the corresponding BeanPostProcessor declaration and its dependencies/advisors. If this bean does not have to be post-processed, declare it with ROLE_INFRASTRUCTURE.
14:38:06.981-[LAPTOP-FPFPK7D7][sys]-- INFO 78676 --- [           main] o.s.b.w.embedded.tomcat.TomcatWebServer  : Tomcat initialized with port 8094 (http)
14:38:06.997-[LAPTOP-FPFPK7D7][sys]-- INFO 78676 --- [           main] o.apache.catalina.core.StandardService   : Starting service [Tomcat]
14:38:06.998-[LAPTOP-FPFPK7D7][sys]-- INFO 78676 --- [           main] o.apache.catalina.core.StandardEngine    : Starting Servlet engine: [Apache Tomcat/10.1.31]
14:38:07.113-[LAPTOP-FPFPK7D7][sys]-- INFO 78676 --- [           main] o.a.c.c.C.[Tomcat].[localhost].[/]       : Initializing Spring embedded WebApplicationContext
14:38:07.114-[LAPTOP-FPFPK7D7][sys]-- INFO 78676 --- [           main] w.s.c.ServletWebServerApplicationContext : Root WebApplicationContext: initialization completed in 2481 ms
14:38:08.509-[LAPTOP-FPFPK7D7][sys]-- INFO 78676 --- [           main] o.s.c.openfeign.FeignClientFactoryBean   : For 'course-service' URL not provided. Will try picking an instance via load-balancing.
14:38:08.573-[LAPTOP-FPFPK7D7][sys]-- INFO 78676 --- [           main] o.s.c.openfeign.FeignClientFactoryBean   : For 'trade-service' URL not provided. Will try picking an instance via load-balancing.
14:38:10.876-[LAPTOP-FPFPK7D7][sys]-- INFO 78676 --- [           main] c.a.c.sentinel.SentinelWebMvcConfigurer  : [Sentinel Starter] register SentinelWebInterceptor with urlPatterns: [/**].
14:38:12.587-[LAPTOP-FPFPK7D7][sys]-- INFO 78676 --- [           main] o.s.cloud.commons.util.InetUtils         : Cannot determine local hostname
14:38:12.658-[LAPTOP-FPFPK7D7][sys]-- INFO 78676 --- [           main] o.s.c.openfeign.FeignClientFactoryBean   : For 'course-service' URL not provided. Will try picking an instance via load-balancing.
14:38:12.689-[LAPTOP-FPFPK7D7][sys]-- INFO 78676 --- [           main] o.s.c.openfeign.FeignClientFactoryBean   : For 'auth-service' URL not provided. Will try picking an instance via load-balancing.
14:38:13.529-[LAPTOP-FPFPK7D7][sys]-- INFO 78676 --- [           main] o.s.b.w.embedded.tomcat.TomcatWebServer  : Tomcat started on port 8094 (http) with context path '/'
14:38:13.956-[LAPTOP-FPFPK7D7][sys]-- INFO 78676 --- [           main] c.a.n.p.a.s.c.ClientAuthPluginManager    : [ClientAuthPluginManager] Load ClientAuthService com.alibaba.nacos.client.auth.impl.NacosClientAuthServiceImpl success.
14:38:13.956-[LAPTOP-FPFPK7D7][sys]-- INFO 78676 --- [           main] c.a.n.p.a.s.c.ClientAuthPluginManager    : [ClientAuthPluginManager] Load ClientAuthService com.alibaba.nacos.client.auth.ram.RamClientAuthServiceImpl success.
14:38:14.056-[LAPTOP-FPFPK7D7][sys]-- INFO 78676 --- [           main] c.a.c.n.registry.NacosServiceRegistry    : nacos registry, DEFAULT_GROUP aigc-service 192.168.150.1:8094 register finished
14:38:14.460-[LAPTOP-FPFPK7D7][sys]-- INFO 78676 --- [           main] com.tianji.AIGCApplication               : Started AIGCApplication in 14.645 seconds (process running for 15.787)
14:38:14.481-[LAPTOP-FPFPK7D7][sys]-- INFO 78676 --- [           main] c.a.c.n.refresh.NacosContextRefresher    : [Nacos Config] Listening config: dataId=aigc-service.yaml, group=DEFAULT_GROUP
14:38:14.481-[LAPTOP-FPFPK7D7][sys]-- INFO 78676 --- [           main] c.a.c.n.refresh.NacosContextRefresher    : [Nacos Config] Listening config: dataId=shared-redis.yaml, group=DEFAULT_GROUP
14:38:14.483-[LAPTOP-FPFPK7D7][sys]-- INFO 78676 --- [           main] c.a.c.n.refresh.NacosContextRefresher    : [Nacos Config] Listening config: dataId=shared-spring.yaml, group=DEFAULT_GROUP
14:38:14.485-[LAPTOP-FPFPK7D7][sys]-- INFO 78676 --- [           main] c.a.c.n.refresh.NacosContextRefresher    : [Nacos Config] Listening config: dataId=shared-mybatis.yaml, group=DEFAULT_GROUP
14:38:14.486-[LAPTOP-FPFPK7D7][sys]-- INFO 78676 --- [           main] c.a.c.n.refresh.NacosContextRefresher    : [Nacos Config] Listening config: dataId=shared-feign.yaml, group=DEFAULT_GROUP
14:38:14.488-[LAPTOP-FPFPK7D7][sys]-- INFO 78676 --- [           main] c.a.c.n.refresh.NacosContextRefresher    : [Nacos Config] Listening config: dataId=shared-logs.yaml, group=DEFAULT_GROUP
14:38:14.491-[LAPTOP-FPFPK7D7][sys]-- INFO 78676 --- [           main] com.tianji.AIGCApplication               : --/
---------------------------------------------------------------------------------------
	Application 'aigc-service' is running! Access URLs:
	Local: 		http://localhost:8094
	External: 	http://10.254.4.11:8094
	Profile(s): 	[local]
---------------------------------------------------------------------------------------
14:38:42.662-[LAPTOP-FPFPK7D7][sys]-- INFO 78676 --- [nio-8094-exec-1] o.a.c.c.C.[Tomcat].[localhost].[/]       : Initializing Spring DispatcherServlet 'dispatcherServlet'
14:38:42.663-[LAPTOP-FPFPK7D7][sys]-- INFO 78676 --- [nio-8094-exec-1] o.s.web.servlet.DispatcherServlet        : Initializing Servlet 'dispatcherServlet'
14:38:42.664-[LAPTOP-FPFPK7D7][sys]-- INFO 78676 --- [nio-8094-exec-1] o.s.web.servlet.DispatcherServlet        : Completed initialization in 1 ms
14:39:01.515-[LAPTOP-FPFPK7D7][aa3d9cf6bce044ba9f9ef701b881fbf0]--ERROR 78676 --- [nio-8094-exec-1] c.t.c.a.m.advice.CommonExceptionAdvice   : 其他异常 uri : /chat/text -> 
java.lang.NullPointerException: Cannot invoke "Object.toString()" because the return value of "com.tianji.aigc.tools.result.ToolResultHolder.get(String, String)" is null
	at com.tianji.aigc.memory.RedisChatMemory.lambda$add$0(RedisChatMemory.java:52) ~[classes/:na]
	at java.base/java.util.stream.ReferencePipeline$3$1.accept(ReferencePipeline.java:197) ~[na:na]
	at java.base/java.util.AbstractList$RandomAccessSpliterator.forEachRemaining(AbstractList.java:720) ~[na:na]
	at java.base/java.util.stream.AbstractPipeline.copyInto(AbstractPipeline.java:509) ~[na:na]
	at java.base/java.util.stream.AbstractPipeline.wrapAndCopyInto(AbstractPipeline.java:499) ~[na:na]
	at java.base/java.util.stream.ReduceOps$ReduceOp.evaluateSequential(ReduceOps.java:921) ~[na:na]
	at java.base/java.util.stream.AbstractPipeline.evaluate(AbstractPipeline.java:234) ~[na:na]
	at java.base/java.util.stream.ReferencePipeline.collect(ReferencePipeline.java:682) ~[na:na]
	at com.tianji.aigc.memory.RedisChatMemory.add(RedisChatMemory.java:63) ~[classes/:na]
	at org.springframework.ai.chat.client.advisor.MessageChatMemoryAdvisor.observeAfter(MessageChatMemoryAdvisor.java:111) ~[spring-ai-core-1.0.0-M6.jar:1.0.0-M6]
	at org.springframework.ai.chat.client.advisor.MessageChatMemoryAdvisor.aroundCall(MessageChatMemoryAdvisor.java:66) ~[spring-ai-core-1.0.0-M6.jar:1.0.0-M6]
	at org.springframework.ai.chat.client.advisor.DefaultAroundAdvisorChain.lambda$nextAroundCall$1(DefaultAroundAdvisorChain.java:98) ~[spring-ai-core-1.0.0-M6.jar:1.0.0-M6]
	at io.micrometer.observation.Observation.observe(Observation.java:565) ~[micrometer-observation-1.13.6.jar:1.13.6]
	at org.springframework.ai.chat.client.advisor.DefaultAroundAdvisorChain.nextAroundCall(DefaultAroundAdvisorChain.java:98) ~[spring-ai-core-1.0.0-M6.jar:1.0.0-M6]
	at org.springframework.ai.chat.client.DefaultChatClient$DefaultCallResponseSpec.doGetChatResponse(DefaultChatClient.java:493) ~[spring-ai-core-1.0.0-M6.jar:1.0.0-M6]
	at org.springframework.ai.chat.client.DefaultChatClient$DefaultCallResponseSpec.lambda$doGetObservableChatResponse$1(DefaultChatClient.java:482) ~[spring-ai-core-1.0.0-M6.jar:1.0.0-M6]
	at io.micrometer.observation.Observation.observe(Observation.java:565) ~[micrometer-observation-1.13.6.jar:1.13.6]
	at org.springframework.ai.chat.client.DefaultChatClient$DefaultCallResponseSpec.doGetObservableChatResponse(DefaultChatClient.java:482) ~[spring-ai-core-1.0.0-M6.jar:1.0.0-M6]
	at org.springframework.ai.chat.client.DefaultChatClient$DefaultCallResponseSpec.doGetChatResponse(DefaultChatClient.java:466) ~[spring-ai-core-1.0.0-M6.jar:1.0.0-M6]
	at org.springframework.ai.chat.client.DefaultChatClient$DefaultCallResponseSpec.content(DefaultChatClient.java:516) ~[spring-ai-core-1.0.0-M6.jar:1.0.0-M6]
	at com.tianji.aigc.service.impl.ChatServiceImpl.chatText(ChatServiceImpl.java:170) ~[classes/:na]
	at com.tianji.aigc.controller.ChatController.chatText(ChatController.java:58) ~[classes/:na]
	at java.base/jdk.internal.reflect.NativeMethodAccessorImpl.invoke0(Native Method) ~[na:na]
	at java.base/jdk.internal.reflect.NativeMethodAccessorImpl.invoke(NativeMethodAccessorImpl.java:77) ~[na:na]
	at java.base/jdk.internal.reflect.DelegatingMethodAccessorImpl.invoke(DelegatingMethodAccessorImpl.java:43) ~[na:na]
	at java.base/java.lang.reflect.Method.invoke(Method.java:568) ~[na:na]
	at org.springframework.web.method.support.InvocableHandlerMethod.doInvoke(InvocableHandlerMethod.java:255) ~[spring-web-6.1.14.jar:6.1.14]
	at org.springframework.web.method.support.InvocableHandlerMethod.invokeForRequest(InvocableHandlerMethod.java:188) ~[spring-web-6.1.14.jar:6.1.14]
	at org.springframework.web.servlet.mvc.method.annotation.ServletInvocableHandlerMethod.invokeAndHandle(ServletInvocableHandlerMethod.java:118) ~[spring-webmvc-6.1.14.jar:6.1.14]
	at org.springframework.web.servlet.mvc.method.annotation.RequestMappingHandlerAdapter.invokeHandlerMethod(RequestMappingHandlerAdapter.java:926) ~[spring-webmvc-6.1.14.jar:6.1.14]
	at org.springframework.web.servlet.mvc.method.annotation.RequestMappingHandlerAdapter.handleInternal(RequestMappingHandlerAdapter.java:831) ~[spring-webmvc-6.1.14.jar:6.1.14]
	at org.springframework.web.servlet.mvc.method.AbstractHandlerMethodAdapter.handle(AbstractHandlerMethodAdapter.java:87) ~[spring-webmvc-6.1.14.jar:6.1.14]
	at org.springframework.web.servlet.DispatcherServlet.doDispatch(DispatcherServlet.java:1089) ~[spring-webmvc-6.1.14.jar:6.1.14]
	at org.springframework.web.servlet.DispatcherServlet.doService(DispatcherServlet.java:979) ~[spring-webmvc-6.1.14.jar:6.1.14]
	at org.springframework.web.servlet.FrameworkServlet.processRequest(FrameworkServlet.java:1014) ~[spring-webmvc-6.1.14.jar:6.1.14]
	at org.springframework.web.servlet.FrameworkServlet.doPost(FrameworkServlet.java:914) ~[spring-webmvc-6.1.14.jar:6.1.14]
	at jakarta.servlet.http.HttpServlet.service(HttpServlet.java:590) ~[tomcat-embed-core-10.1.31.jar:6.0]
	at org.springframework.web.servlet.FrameworkServlet.service(FrameworkServlet.java:885) ~[spring-webmvc-6.1.14.jar:6.1.14]
	at jakarta.servlet.http.HttpServlet.service(HttpServlet.java:658) ~[tomcat-embed-core-10.1.31.jar:6.0]
	at org.apache.catalina.core.ApplicationFilterChain.internalDoFilter(ApplicationFilterChain.java:195) ~[tomcat-embed-core-10.1.31.jar:10.1.31]
	at org.apache.catalina.core.ApplicationFilterChain.doFilter(ApplicationFilterChain.java:140) ~[tomcat-embed-core-10.1.31.jar:10.1.31]
	at org.apache.tomcat.websocket.server.WsFilter.doFilter(WsFilter.java:51) ~[tomcat-embed-websocket-10.1.31.jar:10.1.31]
	at org.apache.catalina.core.ApplicationFilterChain.internalDoFilter(ApplicationFilterChain.java:164) ~[tomcat-embed-core-10.1.31.jar:10.1.31]
	at org.apache.catalina.core.ApplicationFilterChain.doFilter(ApplicationFilterChain.java:140) ~[tomcat-embed-core-10.1.31.jar:10.1.31]
	at org.springframework.web.filter.RequestContextFilter.doFilterInternal(RequestContextFilter.java:100) ~[spring-web-6.1.14.jar:6.1.14]
	at org.springframework.web.filter.OncePerRequestFilter.doFilter(OncePerRequestFilter.java:116) ~[spring-web-6.1.14.jar:6.1.14]
	at org.apache.catalina.core.ApplicationFilterChain.internalDoFilter(ApplicationFilterChain.java:164) ~[tomcat-embed-core-10.1.31.jar:10.1.31]
	at org.apache.catalina.core.ApplicationFilterChain.doFilter(ApplicationFilterChain.java:140) ~[tomcat-embed-core-10.1.31.jar:10.1.31]
	at org.springframework.web.filter.FormContentFilter.doFilterInternal(FormContentFilter.java:93) ~[spring-web-6.1.14.jar:6.1.14]
	at org.springframework.web.filter.OncePerRequestFilter.doFilter(OncePerRequestFilter.java:116) ~[spring-web-6.1.14.jar:6.1.14]
	at org.apache.catalina.core.ApplicationFilterChain.internalDoFilter(ApplicationFilterChain.java:164) ~[tomcat-embed-core-10.1.31.jar:10.1.31]
	at org.apache.catalina.core.ApplicationFilterChain.doFilter(ApplicationFilterChain.java:140) ~[tomcat-embed-core-10.1.31.jar:10.1.31]
	at org.springframework.web.filter.CharacterEncodingFilter.doFilterInternal(CharacterEncodingFilter.java:201) ~[spring-web-6.1.14.jar:6.1.14]
	at org.springframework.web.filter.OncePerRequestFilter.doFilter(OncePerRequestFilter.java:116) ~[spring-web-6.1.14.jar:6.1.14]
	at org.apache.catalina.core.ApplicationFilterChain.internalDoFilter(ApplicationFilterChain.java:164) ~[tomcat-embed-core-10.1.31.jar:10.1.31]
	at org.apache.catalina.core.ApplicationFilterChain.doFilter(ApplicationFilterChain.java:140) ~[tomcat-embed-core-10.1.31.jar:10.1.31]
	at com.tianji.common.filters.RequestIdFilter.doFilter(RequestIdFilter.java:27) ~[classes/:na]
	at org.apache.catalina.core.ApplicationFilterChain.internalDoFilter(ApplicationFilterChain.java:164) ~[tomcat-embed-core-10.1.31.jar:10.1.31]
	at org.apache.catalina.core.ApplicationFilterChain.doFilter(ApplicationFilterChain.java:140) ~[tomcat-embed-core-10.1.31.jar:10.1.31]
	at org.apache.catalina.core.StandardWrapperValve.invoke(StandardWrapperValve.java:167) ~[tomcat-embed-core-10.1.31.jar:10.1.31]
	at org.apache.catalina.core.StandardContextValve.invoke(StandardContextValve.java:90) ~[tomcat-embed-core-10.1.31.jar:10.1.31]
	at org.apache.catalina.authenticator.AuthenticatorBase.invoke(AuthenticatorBase.java:483) ~[tomcat-embed-core-10.1.31.jar:10.1.31]
	at org.apache.catalina.core.StandardHostValve.invoke(StandardHostValve.java:115) ~[tomcat-embed-core-10.1.31.jar:10.1.31]
	at org.apache.catalina.valves.ErrorReportValve.invoke(ErrorReportValve.java:93) ~[tomcat-embed-core-10.1.31.jar:10.1.31]
	at org.apache.catalina.core.StandardEngineValve.invoke(StandardEngineValve.java:74) ~[tomcat-embed-core-10.1.31.jar:10.1.31]
	at org.apache.catalina.connector.CoyoteAdapter.service(CoyoteAdapter.java:344) ~[tomcat-embed-core-10.1.31.jar:10.1.31]
	at org.apache.coyote.http11.Http11Processor.service(Http11Processor.java:384) ~[tomcat-embed-core-10.1.31.jar:10.1.31]
	at org.apache.coyote.AbstractProcessorLight.process(AbstractProcessorLight.java:63) ~[tomcat-embed-core-10.1.31.jar:10.1.31]
	at org.apache.coyote.AbstractProtocol$ConnectionHandler.process(AbstractProtocol.java:905) ~[tomcat-embed-core-10.1.31.jar:10.1.31]
	at org.apache.tomcat.util.net.NioEndpoint$SocketProcessor.doRun(NioEndpoint.java:1741) ~[tomcat-embed-core-10.1.31.jar:10.1.31]
	at org.apache.tomcat.util.net.SocketProcessorBase.run(SocketProcessorBase.java:52) ~[tomcat-embed-core-10.1.31.jar:10.1.31]
	at org.apache.tomcat.util.threads.ThreadPoolExecutor.runWorker(ThreadPoolExecutor.java:1190) ~[tomcat-embed-core-10.1.31.jar:10.1.31]
	at org.apache.tomcat.util.threads.ThreadPoolExecutor$Worker.run(ThreadPoolExecutor.java:659) ~[tomcat-embed-core-10.1.31.jar:10.1.31]
	at org.apache.tomcat.util.threads.TaskThread$WrappingRunnable.run(TaskThread.java:63) ~[tomcat-embed-core-10.1.31.jar:10.1.31]
	at java.base/java.lang.Thread.run(Thread.java:842) ~[na:na]
14:57:10.102-[LAPTOP-FPFPK7D7][sys]-- WARN 78676 --- [      Thread-13] c.a.n.common.http.HttpClientBeanHolder   : [HttpClientBeanHolder] Start destroying common HttpClient
14:57:10.102-[LAPTOP-FPFPK7D7][sys]-- WARN 78676 --- [       Thread-2] c.a.n.common.executor.ThreadPoolManager  : [ThreadPoolManager] Start destroying ThreadPool
14:57:10.102-[LAPTOP-FPFPK7D7][sys]-- WARN 78676 --- [      Thread-15] c.a.nacos.common.notify.NotifyCenter     : [NotifyCenter] Start destroying Publisher
14:57:10.103-[LAPTOP-FPFPK7D7][sys]-- WARN 78676 --- [      Thread-15] c.a.nacos.common.notify.NotifyCenter     : [NotifyCenter] Destruction of the end
14:57:10.103-[LAPTOP-FPFPK7D7][sys]-- WARN 78676 --- [       Thread-2] c.a.n.common.executor.ThreadPoolManager  : [ThreadPoolManager] Destruction of the end
14:57:10.104-[LAPTOP-FPFPK7D7][sys]-- WARN 78676 --- [      Thread-13] c.a.n.common.http.HttpClientBeanHolder   : [HttpClientBeanHolder] Destruction of the end
14:57:10.181-[LAPTOP-FPFPK7D7][sys]-- INFO 78676 --- [ionShutdownHook] c.a.c.n.registry.NacosServiceRegistry    : De-registering from Nacos Server now...
14:57:10.188-[LAPTOP-FPFPK7D7][sys]-- INFO 78676 --- [ionShutdownHook] c.a.c.n.registry.NacosServiceRegistry    : De-registration finished.
14:57:19.300-[LAPTOP-FPFPK7D7][sys]-- INFO 48456 --- [           main] com.tianji.AIGCApplication               : The following 1 profile is active: "local"
14:57:19.318-[LAPTOP-FPFPK7D7][sys]-- INFO 48456 --- [           main] c.a.c.n.c.NacosConfigDataLoader          : [Nacos Config] Load config[dataId=shared-mybatis.yaml, group=DEFAULT_GROUP] success
14:57:19.318-[LAPTOP-FPFPK7D7][sys]-- INFO 48456 --- [           main] c.a.c.n.c.NacosConfigDataLoader          : [Nacos Config] Load config[dataId=shared-feign.yaml, group=DEFAULT_GROUP] success
14:57:19.318-[LAPTOP-FPFPK7D7][sys]-- INFO 48456 --- [           main] c.a.c.n.c.NacosConfigDataLoader          : [Nacos Config] Load config[dataId=shared-logs.yaml, group=DEFAULT_GROUP] success
14:57:19.318-[LAPTOP-FPFPK7D7][sys]-- INFO 48456 --- [           main] c.a.c.n.c.NacosConfigDataLoader          : [Nacos Config] Load config[dataId=shared-redis.yaml, group=DEFAULT_GROUP] success
14:57:19.318-[LAPTOP-FPFPK7D7][sys]-- INFO 48456 --- [           main] c.a.c.n.c.NacosConfigDataLoader          : [Nacos Config] Load config[dataId=shared-spring.yaml, group=DEFAULT_GROUP] success
14:57:19.318-[LAPTOP-FPFPK7D7][sys]-- INFO 48456 --- [           main] c.a.c.n.c.NacosConfigDataLoader          : [Nacos Config] Load config[dataId=aigc-service.yaml, group=DEFAULT_GROUP] success
14:57:20.315-[LAPTOP-FPFPK7D7][sys]-- INFO 48456 --- [           main] .s.d.r.c.RepositoryConfigurationDelegate : Multiple Spring Data modules found, entering strict repository configuration mode
14:57:20.318-[LAPTOP-FPFPK7D7][sys]-- INFO 48456 --- [           main] .s.d.r.c.RepositoryConfigurationDelegate : Bootstrapping Spring Data Redis repositories in DEFAULT mode.
14:57:20.378-[LAPTOP-FPFPK7D7][sys]-- INFO 48456 --- [           main] .s.d.r.c.RepositoryConfigurationDelegate : Finished Spring Data repository scanning in 47 ms. Found 0 Redis repository interfaces.
14:57:20.713-[LAPTOP-FPFPK7D7][sys]-- INFO 48456 --- [           main] o.s.cloud.context.scope.GenericScope     : BeanFactory id=583acbf0-b154-3c03-84d9-4d7dcf6596c3
14:57:20.752-[LAPTOP-FPFPK7D7][sys]-- WARN 48456 --- [           main] trationDelegate$BeanPostProcessorChecker : Bean 'com.alibaba.cloud.nacos.NacosConfigAutoConfiguration' of type [com.alibaba.cloud.nacos.NacosConfigAutoConfiguration] is not eligible for getting processed by all BeanPostProcessors (for example: not eligible for auto-proxying). The currently created BeanPostProcessor [nacosAnnotationProcessor] is declared through a non-static factory method on that class; consider declaring it as static instead.
14:57:21.027-[LAPTOP-FPFPK7D7][sys]-- WARN 48456 --- [           main] trationDelegate$BeanPostProcessorChecker : Bean 'org.springframework.cloud.client.loadbalancer.LoadBalancerAutoConfiguration$DeferringLoadBalancerInterceptorConfig' of type [org.springframework.cloud.client.loadbalancer.LoadBalancerAutoConfiguration$DeferringLoadBalancerInterceptorConfig] is not eligible for getting processed by all BeanPostProcessors (for example: not eligible for auto-proxying). The currently created BeanPostProcessor [lbRestClientPostProcessor] is declared through a non-static factory method on that class; consider declaring it as static instead.
14:57:21.031-[LAPTOP-FPFPK7D7][sys]-- WARN 48456 --- [           main] trationDelegate$BeanPostProcessorChecker : Bean 'deferringLoadBalancerInterceptor' of type [org.springframework.cloud.client.loadbalancer.DeferringLoadBalancerInterceptor] is not eligible for getting processed by all BeanPostProcessors (for example: not eligible for auto-proxying). Is this bean getting eagerly injected/applied to a currently created BeanPostProcessor [lbRestClientPostProcessor]? Check the corresponding BeanPostProcessor declaration and its dependencies/advisors. If this bean does not have to be post-processed, declare it with ROLE_INFRASTRUCTURE.
14:57:21.034-[LAPTOP-FPFPK7D7][sys]-- WARN 48456 --- [           main] trationDelegate$BeanPostProcessorChecker : Bean 'org.springframework.cloud.client.loadbalancer.reactive.LoadBalancerBeanPostProcessorAutoConfiguration' of type [org.springframework.cloud.client.loadbalancer.reactive.LoadBalancerBeanPostProcessorAutoConfiguration] is not eligible for getting processed by all BeanPostProcessors (for example: not eligible for auto-proxying). The currently created BeanPostProcessor [loadBalancerWebClientBuilderBeanPostProcessor] is declared through a non-static factory method on that class; consider declaring it as static instead.
14:57:21.036-[LAPTOP-FPFPK7D7][sys]-- WARN 48456 --- [           main] trationDelegate$BeanPostProcessorChecker : Bean 'org.springframework.cloud.client.loadbalancer.reactive.LoadBalancerBeanPostProcessorAutoConfiguration$ReactorDeferringLoadBalancerFilterConfig' of type [org.springframework.cloud.client.loadbalancer.reactive.LoadBalancerBeanPostProcessorAutoConfiguration$ReactorDeferringLoadBalancerFilterConfig] is not eligible for getting processed by all BeanPostProcessors (for example: not eligible for auto-proxying). Is this bean getting eagerly injected/applied to a currently created BeanPostProcessor [loadBalancerWebClientBuilderBeanPostProcessor]? Check the corresponding BeanPostProcessor declaration and its dependencies/advisors. If this bean does not have to be post-processed, declare it with ROLE_INFRASTRUCTURE.
14:57:21.038-[LAPTOP-FPFPK7D7][sys]-- WARN 48456 --- [           main] trationDelegate$BeanPostProcessorChecker : Bean 'reactorDeferringLoadBalancerExchangeFilterFunction' of type [org.springframework.cloud.client.loadbalancer.reactive.DeferringLoadBalancerExchangeFilterFunction] is not eligible for getting processed by all BeanPostProcessors (for example: not eligible for auto-proxying). Is this bean getting eagerly injected/applied to a currently created BeanPostProcessor [loadBalancerWebClientBuilderBeanPostProcessor]? Check the corresponding BeanPostProcessor declaration and its dependencies/advisors. If this bean does not have to be post-processed, declare it with ROLE_INFRASTRUCTURE.
14:57:21.305-[LAPTOP-FPFPK7D7][sys]-- INFO 48456 --- [           main] o.s.b.w.embedded.tomcat.TomcatWebServer  : Tomcat initialized with port 8094 (http)
14:57:21.325-[LAPTOP-FPFPK7D7][sys]-- INFO 48456 --- [           main] o.apache.catalina.core.StandardService   : Starting service [Tomcat]
14:57:21.325-[LAPTOP-FPFPK7D7][sys]-- INFO 48456 --- [           main] o.apache.catalina.core.StandardEngine    : Starting Servlet engine: [Apache Tomcat/10.1.31]
14:57:21.435-[LAPTOP-FPFPK7D7][sys]-- INFO 48456 --- [           main] o.a.c.c.C.[Tomcat].[localhost].[/]       : Initializing Spring embedded WebApplicationContext
14:57:21.436-[LAPTOP-FPFPK7D7][sys]-- INFO 48456 --- [           main] w.s.c.ServletWebServerApplicationContext : Root WebApplicationContext: initialization completed in 2117 ms
14:57:22.517-[LAPTOP-FPFPK7D7][sys]-- INFO 48456 --- [           main] o.s.c.openfeign.FeignClientFactoryBean   : For 'course-service' URL not provided. Will try picking an instance via load-balancing.
14:57:22.584-[LAPTOP-FPFPK7D7][sys]-- INFO 48456 --- [           main] o.s.c.openfeign.FeignClientFactoryBean   : For 'trade-service' URL not provided. Will try picking an instance via load-balancing.
14:57:23.922-[LAPTOP-FPFPK7D7][sys]-- INFO 48456 --- [           main] c.a.c.sentinel.SentinelWebMvcConfigurer  : [Sentinel Starter] register SentinelWebInterceptor with urlPatterns: [/**].
14:57:25.559-[LAPTOP-FPFPK7D7][sys]-- INFO 48456 --- [           main] o.s.cloud.commons.util.InetUtils         : Cannot determine local hostname
14:57:25.624-[LAPTOP-FPFPK7D7][sys]-- INFO 48456 --- [           main] o.s.c.openfeign.FeignClientFactoryBean   : For 'course-service' URL not provided. Will try picking an instance via load-balancing.
14:57:25.650-[LAPTOP-FPFPK7D7][sys]-- INFO 48456 --- [           main] o.s.c.openfeign.FeignClientFactoryBean   : For 'auth-service' URL not provided. Will try picking an instance via load-balancing.
14:57:26.333-[LAPTOP-FPFPK7D7][sys]-- INFO 48456 --- [           main] o.s.b.w.embedded.tomcat.TomcatWebServer  : Tomcat started on port 8094 (http) with context path '/'
14:57:26.674-[LAPTOP-FPFPK7D7][sys]-- INFO 48456 --- [           main] c.a.n.p.a.s.c.ClientAuthPluginManager    : [ClientAuthPluginManager] Load ClientAuthService com.alibaba.nacos.client.auth.impl.NacosClientAuthServiceImpl success.
14:57:26.674-[LAPTOP-FPFPK7D7][sys]-- INFO 48456 --- [           main] c.a.n.p.a.s.c.ClientAuthPluginManager    : [ClientAuthPluginManager] Load ClientAuthService com.alibaba.nacos.client.auth.ram.RamClientAuthServiceImpl success.
14:57:26.766-[LAPTOP-FPFPK7D7][sys]-- INFO 48456 --- [           main] c.a.c.n.registry.NacosServiceRegistry    : nacos registry, DEFAULT_GROUP aigc-service 192.168.150.1:8094 register finished
14:57:27.078-[LAPTOP-FPFPK7D7][sys]-- INFO 48456 --- [           main] com.tianji.AIGCApplication               : Started AIGCApplication in 12.244 seconds (process running for 13.035)
14:57:27.093-[LAPTOP-FPFPK7D7][sys]-- INFO 48456 --- [           main] c.a.c.n.refresh.NacosContextRefresher    : [Nacos Config] Listening config: dataId=aigc-service.yaml, group=DEFAULT_GROUP
14:57:27.094-[LAPTOP-FPFPK7D7][sys]-- INFO 48456 --- [           main] c.a.c.n.refresh.NacosContextRefresher    : [Nacos Config] Listening config: dataId=shared-redis.yaml, group=DEFAULT_GROUP
14:57:27.095-[LAPTOP-FPFPK7D7][sys]-- INFO 48456 --- [           main] c.a.c.n.refresh.NacosContextRefresher    : [Nacos Config] Listening config: dataId=shared-spring.yaml, group=DEFAULT_GROUP
14:57:27.096-[LAPTOP-FPFPK7D7][sys]-- INFO 48456 --- [           main] c.a.c.n.refresh.NacosContextRefresher    : [Nacos Config] Listening config: dataId=shared-mybatis.yaml, group=DEFAULT_GROUP
14:57:27.097-[LAPTOP-FPFPK7D7][sys]-- INFO 48456 --- [           main] c.a.c.n.refresh.NacosContextRefresher    : [Nacos Config] Listening config: dataId=shared-feign.yaml, group=DEFAULT_GROUP
14:57:27.099-[LAPTOP-FPFPK7D7][sys]-- INFO 48456 --- [           main] c.a.c.n.refresh.NacosContextRefresher    : [Nacos Config] Listening config: dataId=shared-logs.yaml, group=DEFAULT_GROUP
14:57:27.101-[LAPTOP-FPFPK7D7][sys]-- INFO 48456 --- [           main] com.tianji.AIGCApplication               : --/
---------------------------------------------------------------------------------------
	Application 'aigc-service' is running! Access URLs:
	Local: 		http://localhost:8094
	External: 	http://10.254.4.11:8094
	Profile(s): 	[local]
---------------------------------------------------------------------------------------
14:57:36.242-[LAPTOP-FPFPK7D7][sys]-- INFO 48456 --- [nio-8094-exec-1] o.a.c.c.C.[Tomcat].[localhost].[/]       : Initializing Spring DispatcherServlet 'dispatcherServlet'
14:57:36.243-[LAPTOP-FPFPK7D7][sys]-- INFO 48456 --- [nio-8094-exec-1] o.s.web.servlet.DispatcherServlet        : Initializing Servlet 'dispatcherServlet'
14:57:36.244-[LAPTOP-FPFPK7D7][sys]-- INFO 48456 --- [nio-8094-exec-1] o.s.web.servlet.DispatcherServlet        : Completed initialization in 1 ms
14:57:37.014-[LAPTOP-FPFPK7D7][c5760b8d39e0437b85855613ae731797]--DEBUG 48456 --- [nio-8094-exec-1] o.s.a.c.c.advisor.SimpleLoggerAdvisor    : request: AdvisedRequest[chatModel=com.alibaba.cloud.ai.dashscope.chat.DashScopeChatModel@65b1e6b1, userText=Java是什么
, systemText=角色
你是一名非常出色的IT行业的内容创作者，你的任务是负责内容的帮写、续写、润色和精简。你的目标是帮助学员完成内容的创作，确保内容的合理性。

技能
技能 1: 内容帮写
1. 基于用户提供的主题/关键词，智能生成完整的文案内容，帮助用户快速搭建内容框架。

技能 2: 内容续写
1. 在用户已有文本基础上，自动延续写作思路生成后续内容，保持上下文逻辑连贯性。

技能 3: 内容润色
1. 对现有文本进行语言优化，包括调整句式结构、替换精准词汇、统一行文风格等

技能 4: 内容精简
1. 通过语义分析智能提炼核心信息，删除冗余表达，将长文本压缩为简洁版本

限制:
- AI创作必须严格遵循法律法规和伦理准则，禁止生成危害国家安全、宣扬恐怖极端思想、传播虚假谣言、侵犯他人隐私及知识产权的内容，不得涉及暴力色情、种族宗教歧视、历史虚无主义等违背公序良俗的表述，同时要特别注意避免教唆犯罪、诱导危险行为、损害未成年人身心健康，并在医疗、金融、新闻等专业领域确保内容真实性和安全性，始终以社会主义核心价值观为框架，履行技术向善的社会责任
, chatOptions=DashScopeChatOptions: {"model":"qwen-plus","temperature":0.8,"enable_search":false,"incremental_output":true,"multi_model":false}, media=[], functionNames=[], functionCallbacks=[MethodToolCallback{toolDefinition=DefaultToolDefinition[name=queryCourseById, description=根据课程ID查询课程详情, inputSchema={
  "$schema" : "https://json-schema.org/draft/2020-12/schema",
  "type" : "object",
  "properties" : {
    "id" : {
      "type" : "integer",
      "format" : "int64",
      "description" : "课程ID"
    },
    "toolContext" : {
      "type" : "object",
      "properties" : {
        "context" : {
          "type" : "object"
        }
      },
      "required" : [ "context" ]
    }
  },
  "required" : [ "id", "toolContext" ],
  "additionalProperties" : false
}], toolMetadata=DefaultToolMetadata[returnDirect=false]}, MethodToolCallback{toolDefinition=DefaultToolDefinition[name=prePlaceOrder, description=根据课程ID下单, inputSchema={
  "$schema" : "https://json-schema.org/draft/2020-12/schema",
  "type" : "object",
  "properties" : {
    "courseId" : {
      "type" : "integer",
      "format" : "int64",
      "description" : "课程ID"
    },
    "toolContext" : {
      "type" : "object",
      "properties" : {
        "context" : {
          "type" : "object"
        }
      },
      "required" : [ "context" ]
    }
  },
  "required" : [ "courseId", "toolContext" ],
  "additionalProperties" : false
}], toolMetadata=DefaultToolMetadata[returnDirect=false]}], messages=[UserMessage{content='Java是什么
', properties={messageType=USER}, messageType=USER}], userParams={}, systemParams={}, advisors=[org.springframework.ai.chat.client.DefaultChatClient$DefaultChatClientRequestSpec$1@4bd914dd, org.springframework.ai.chat.client.DefaultChatClient$DefaultChatClientRequestSpec$2@3e8aae16, SimpleLoggerAdvisor, org.springframework.ai.chat.client.advisor.MessageChatMemoryAdvisor@976e63, org.springframework.ai.chat.client.DefaultChatClient$DefaultChatClientRequestSpec$1@5ce6f55b, org.springframework.ai.chat.client.DefaultChatClient$DefaultChatClientRequestSpec$2@5f9a7de6], advisorParams={}, adviseContext={}, toolContext={}]
14:57:53.265-[LAPTOP-FPFPK7D7][c5760b8d39e0437b85855613ae731797]--DEBUG 48456 --- [nio-8094-exec-1] o.s.a.c.c.advisor.SimpleLoggerAdvisor    : response: {
  "result" : {
    "output" : {
      "messageType" : "ASSISTANT",
      "metadata" : {
        "finishReason" : "STOP",
        "id" : "b3fc318f-c476-45df-bef3-175cbed7eb2c",
        "role" : "ASSISTANT",
        "messageType" : "ASSISTANT",
        "reasoningContent" : ""
      },
      "toolCalls" : [ ],
      "media" : [ ],
      "text" : "Java 是一种广泛使用的高级编程语言，由 Sun Microsystems（现为 Oracle 公司的一部分）于 1995 年正式发布。它的设计目标是实现“一次编写，到处运行”（Write Once, Run Anywhere, WORA）的理念，这意味着 Java 程序可以在任何支持 Java 虚拟机（JVM）的设备上运行，而无需重新编译。\n\n### Java 的特点\n\n1. **跨平台性**  \n   Java 程序运行在 JVM 上，而不是直接运行在操作系统上。这使得 Java 具有极强的跨平台能力，只需安装对应的 JVM，程序就可以在不同操作系统（如 Windows、macOS、Linux）上运行。\n\n2. **面向对象**  \n   Java 是一种面向对象的编程语言，支持封装、继承、多态等特性，有助于开发结构清晰、易于维护的程序。\n\n3. **安全性**  \n   Java 提供了多层次的安全机制，防止恶意代码和未经授权的访问。例如，Java 的安全管理器可以控制程序的行为，防止对系统资源的非法操作。\n\n4. **自动内存管理**  \n   Java 使用垃圾回收机制（Garbage Collection, GC）自动管理内存，程序员无需手动分配和释放内存，从而减少了内存泄漏和指针错误的风险。\n\n5. **丰富的类库**  \n   Java 提供了大量的标准类库（Java Standard Library），涵盖了数据结构、网络通信、图形界面、数据库连接等多个方面，极大地提高了开发效率。\n\n6. **多线程支持**  \n   Java 内建支持多线程编程，允许程序同时执行多个任务，提升了程序的性能和响应能力。\n\n### Java 的应用场景\n\n1. **企业级应用开发**  \n   Java EE（Java Platform, Enterprise Edition）用于开发大型企业级应用程序，支持分布式架构、Web 服务、事务处理等。\n\n2. **移动应用开发**  \n   Android 应用开发主要使用 Java（或 Kotlin），Java 在移动开发领域拥有广泛的用户基础。\n\n3. **Web 开发**  \n   Java 可用于构建动态网页和后端服务，常见的框架包括 Spring、Hibernate、Struts 等。\n\n4. **大数据与云计算**  \n   许多大数据技术（如 Hadoop、Spark）和云计算平台（如 Apache Kafka、Spring Cloud）都基于 Java 构建。\n\n5. **桌面应用开发**  \n   Java 提供了 Swing 和 JavaFX 等图形界面库，可用于开发跨平台的桌面应用程序。\n\n6. **嵌入式系统**  \n   Java ME（Java Platform, Micro Edition）适用于资源受限的设备，如智能卡、传感器、小型家电等。\n\n### Java 的版本\n\nJava 的版本通常分为三个平台：\n\n- **Java SE（Standard Edition）**：基础版，包含 Java 的核心 API 和 JVM，适合学习和开发基础应用。\n- **Java EE（Enterprise Edition）**：企业版，在 Java SE 的基础上增加了企业级功能，如 Web 服务、分布式计算等。\n- **Java ME（Micro Edition）**：微型版，适用于嵌入式系统和小型设备。\n\n目前，Java 由 Oracle 和 OpenJDK 社区共同维护，开发者可以选择使用 Oracle JDK 或 OpenJDK 来进行开发。\n\n### 总结\n\nJava 是一种功能强大、用途广泛的编程语言，凭借其跨平台性、安全性、面向对象特性以及丰富的生态系统，成为企业级应用、移动开发、Web 开发等多个领域的首选语言。无论是初学者还是经验丰富的开发者，Java 都是一个值得学习和掌握的技术。"
    },
    "metadata" : {
      "finishReason" : "STOP",
      "contentFilters" : [ ],
      "empty" : true
    }
  },
  "results" : [ {
    "output" : {
      "messageType" : "ASSISTANT",
      "metadata" : {
        "finishReason" : "STOP",
        "id" : "b3fc318f-c476-45df-bef3-175cbed7eb2c",
        "role" : "ASSISTANT",
        "messageType" : "ASSISTANT",
        "reasoningContent" : ""
      },
      "toolCalls" : [ ],
      "media" : [ ],
      "text" : "Java 是一种广泛使用的高级编程语言，由 Sun Microsystems（现为 Oracle 公司的一部分）于 1995 年正式发布。它的设计目标是实现“一次编写，到处运行”（Write Once, Run Anywhere, WORA）的理念，这意味着 Java 程序可以在任何支持 Java 虚拟机（JVM）的设备上运行，而无需重新编译。\n\n### Java 的特点\n\n1. **跨平台性**  \n   Java 程序运行在 JVM 上，而不是直接运行在操作系统上。这使得 Java 具有极强的跨平台能力，只需安装对应的 JVM，程序就可以在不同操作系统（如 Windows、macOS、Linux）上运行。\n\n2. **面向对象**  \n   Java 是一种面向对象的编程语言，支持封装、继承、多态等特性，有助于开发结构清晰、易于维护的程序。\n\n3. **安全性**  \n   Java 提供了多层次的安全机制，防止恶意代码和未经授权的访问。例如，Java 的安全管理器可以控制程序的行为，防止对系统资源的非法操作。\n\n4. **自动内存管理**  \n   Java 使用垃圾回收机制（Garbage Collection, GC）自动管理内存，程序员无需手动分配和释放内存，从而减少了内存泄漏和指针错误的风险。\n\n5. **丰富的类库**  \n   Java 提供了大量的标准类库（Java Standard Library），涵盖了数据结构、网络通信、图形界面、数据库连接等多个方面，极大地提高了开发效率。\n\n6. **多线程支持**  \n   Java 内建支持多线程编程，允许程序同时执行多个任务，提升了程序的性能和响应能力。\n\n### Java 的应用场景\n\n1. **企业级应用开发**  \n   Java EE（Java Platform, Enterprise Edition）用于开发大型企业级应用程序，支持分布式架构、Web 服务、事务处理等。\n\n2. **移动应用开发**  \n   Android 应用开发主要使用 Java（或 Kotlin），Java 在移动开发领域拥有广泛的用户基础。\n\n3. **Web 开发**  \n   Java 可用于构建动态网页和后端服务，常见的框架包括 Spring、Hibernate、Struts 等。\n\n4. **大数据与云计算**  \n   许多大数据技术（如 Hadoop、Spark）和云计算平台（如 Apache Kafka、Spring Cloud）都基于 Java 构建。\n\n5. **桌面应用开发**  \n   Java 提供了 Swing 和 JavaFX 等图形界面库，可用于开发跨平台的桌面应用程序。\n\n6. **嵌入式系统**  \n   Java ME（Java Platform, Micro Edition）适用于资源受限的设备，如智能卡、传感器、小型家电等。\n\n### Java 的版本\n\nJava 的版本通常分为三个平台：\n\n- **Java SE（Standard Edition）**：基础版，包含 Java 的核心 API 和 JVM，适合学习和开发基础应用。\n- **Java EE（Enterprise Edition）**：企业版，在 Java SE 的基础上增加了企业级功能，如 Web 服务、分布式计算等。\n- **Java ME（Micro Edition）**：微型版，适用于嵌入式系统和小型设备。\n\n目前，Java 由 Oracle 和 OpenJDK 社区共同维护，开发者可以选择使用 Oracle JDK 或 OpenJDK 来进行开发。\n\n### 总结\n\nJava 是一种功能强大、用途广泛的编程语言，凭借其跨平台性、安全性、面向对象特性以及丰富的生态系统，成为企业级应用、移动开发、Web 开发等多个领域的首选语言。无论是初学者还是经验丰富的开发者，Java 都是一个值得学习和掌握的技术。"
    },
    "metadata" : {
      "finishReason" : "STOP",
      "contentFilters" : [ ],
      "empty" : true
    }
  } ],
  "metadata" : {
    "id" : "b3fc318f-c476-45df-bef3-175cbed7eb2c",
    "model" : "",
    "rateLimit" : {
      "requestsRemaining" : 0,
      "requestsLimit" : 0,
      "requestsReset" : 0.0,
      "tokensLimit" : 0,
      "tokensRemaining" : 0,
      "tokensReset" : 0.0
    },
    "usage" : {
      "completionTokens" : 0,
      "generationTokens" : 754,
      "totalTokens" : 1409,
      "nativeUsage" : null,
      "promptTokens" : 655
    },
    "promptMetadata" : [ ],
    "empty" : true
  }
}
14:57:53.268-[LAPTOP-FPFPK7D7][c5760b8d39e0437b85855613ae731797]--ERROR 48456 --- [nio-8094-exec-1] c.t.c.a.m.advice.CommonExceptionAdvice   : 其他异常 uri : /chat/text -> 
java.lang.NullPointerException: Cannot invoke "Object.toString()" because the return value of "com.tianji.aigc.tools.result.ToolResultHolder.get(String, String)" is null
	at com.tianji.aigc.memory.RedisChatMemory.lambda$add$0(RedisChatMemory.java:52) ~[classes/:na]
	at java.base/java.util.stream.ReferencePipeline$3$1.accept(ReferencePipeline.java:197) ~[na:na]
	at java.base/java.util.AbstractList$RandomAccessSpliterator.forEachRemaining(AbstractList.java:720) ~[na:na]
	at java.base/java.util.stream.AbstractPipeline.copyInto(AbstractPipeline.java:509) ~[na:na]
	at java.base/java.util.stream.AbstractPipeline.wrapAndCopyInto(AbstractPipeline.java:499) ~[na:na]
	at java.base/java.util.stream.ReduceOps$ReduceOp.evaluateSequential(ReduceOps.java:921) ~[na:na]
	at java.base/java.util.stream.AbstractPipeline.evaluate(AbstractPipeline.java:234) ~[na:na]
	at java.base/java.util.stream.ReferencePipeline.collect(ReferencePipeline.java:682) ~[na:na]
	at com.tianji.aigc.memory.RedisChatMemory.add(RedisChatMemory.java:63) ~[classes/:na]
	at org.springframework.ai.chat.client.advisor.MessageChatMemoryAdvisor.observeAfter(MessageChatMemoryAdvisor.java:111) ~[spring-ai-core-1.0.0-M6.jar:1.0.0-M6]
	at org.springframework.ai.chat.client.advisor.MessageChatMemoryAdvisor.aroundCall(MessageChatMemoryAdvisor.java:66) ~[spring-ai-core-1.0.0-M6.jar:1.0.0-M6]
	at org.springframework.ai.chat.client.advisor.DefaultAroundAdvisorChain.lambda$nextAroundCall$1(DefaultAroundAdvisorChain.java:98) ~[spring-ai-core-1.0.0-M6.jar:1.0.0-M6]
	at io.micrometer.observation.Observation.observe(Observation.java:565) ~[micrometer-observation-1.13.6.jar:1.13.6]
	at org.springframework.ai.chat.client.advisor.DefaultAroundAdvisorChain.nextAroundCall(DefaultAroundAdvisorChain.java:98) ~[spring-ai-core-1.0.0-M6.jar:1.0.0-M6]
	at org.springframework.ai.chat.client.DefaultChatClient$DefaultCallResponseSpec.doGetChatResponse(DefaultChatClient.java:493) ~[spring-ai-core-1.0.0-M6.jar:1.0.0-M6]
	at org.springframework.ai.chat.client.DefaultChatClient$DefaultCallResponseSpec.lambda$doGetObservableChatResponse$1(DefaultChatClient.java:482) ~[spring-ai-core-1.0.0-M6.jar:1.0.0-M6]
	at io.micrometer.observation.Observation.observe(Observation.java:565) ~[micrometer-observation-1.13.6.jar:1.13.6]
	at org.springframework.ai.chat.client.DefaultChatClient$DefaultCallResponseSpec.doGetObservableChatResponse(DefaultChatClient.java:482) ~[spring-ai-core-1.0.0-M6.jar:1.0.0-M6]
	at org.springframework.ai.chat.client.DefaultChatClient$DefaultCallResponseSpec.doGetChatResponse(DefaultChatClient.java:466) ~[spring-ai-core-1.0.0-M6.jar:1.0.0-M6]
	at org.springframework.ai.chat.client.DefaultChatClient$DefaultCallResponseSpec.content(DefaultChatClient.java:516) ~[spring-ai-core-1.0.0-M6.jar:1.0.0-M6]
	at com.tianji.aigc.service.impl.ChatServiceImpl.chatText(ChatServiceImpl.java:170) ~[classes/:na]
	at com.tianji.aigc.controller.ChatController.chatText(ChatController.java:58) ~[classes/:na]
	at java.base/jdk.internal.reflect.NativeMethodAccessorImpl.invoke0(Native Method) ~[na:na]
	at java.base/jdk.internal.reflect.NativeMethodAccessorImpl.invoke(NativeMethodAccessorImpl.java:77) ~[na:na]
	at java.base/jdk.internal.reflect.DelegatingMethodAccessorImpl.invoke(DelegatingMethodAccessorImpl.java:43) ~[na:na]
	at java.base/java.lang.reflect.Method.invoke(Method.java:568) ~[na:na]
	at org.springframework.web.method.support.InvocableHandlerMethod.doInvoke(InvocableHandlerMethod.java:255) ~[spring-web-6.1.14.jar:6.1.14]
	at org.springframework.web.method.support.InvocableHandlerMethod.invokeForRequest(InvocableHandlerMethod.java:188) ~[spring-web-6.1.14.jar:6.1.14]
	at org.springframework.web.servlet.mvc.method.annotation.ServletInvocableHandlerMethod.invokeAndHandle(ServletInvocableHandlerMethod.java:118) ~[spring-webmvc-6.1.14.jar:6.1.14]
	at org.springframework.web.servlet.mvc.method.annotation.RequestMappingHandlerAdapter.invokeHandlerMethod(RequestMappingHandlerAdapter.java:926) ~[spring-webmvc-6.1.14.jar:6.1.14]
	at org.springframework.web.servlet.mvc.method.annotation.RequestMappingHandlerAdapter.handleInternal(RequestMappingHandlerAdapter.java:831) ~[spring-webmvc-6.1.14.jar:6.1.14]
	at org.springframework.web.servlet.mvc.method.AbstractHandlerMethodAdapter.handle(AbstractHandlerMethodAdapter.java:87) ~[spring-webmvc-6.1.14.jar:6.1.14]
	at org.springframework.web.servlet.DispatcherServlet.doDispatch(DispatcherServlet.java:1089) ~[spring-webmvc-6.1.14.jar:6.1.14]
	at org.springframework.web.servlet.DispatcherServlet.doService(DispatcherServlet.java:979) ~[spring-webmvc-6.1.14.jar:6.1.14]
	at org.springframework.web.servlet.FrameworkServlet.processRequest(FrameworkServlet.java:1014) ~[spring-webmvc-6.1.14.jar:6.1.14]
	at org.springframework.web.servlet.FrameworkServlet.doPost(FrameworkServlet.java:914) ~[spring-webmvc-6.1.14.jar:6.1.14]
	at jakarta.servlet.http.HttpServlet.service(HttpServlet.java:590) ~[tomcat-embed-core-10.1.31.jar:6.0]
	at org.springframework.web.servlet.FrameworkServlet.service(FrameworkServlet.java:885) ~[spring-webmvc-6.1.14.jar:6.1.14]
	at jakarta.servlet.http.HttpServlet.service(HttpServlet.java:658) ~[tomcat-embed-core-10.1.31.jar:6.0]
	at org.apache.catalina.core.ApplicationFilterChain.internalDoFilter(ApplicationFilterChain.java:195) ~[tomcat-embed-core-10.1.31.jar:10.1.31]
	at org.apache.catalina.core.ApplicationFilterChain.doFilter(ApplicationFilterChain.java:140) ~[tomcat-embed-core-10.1.31.jar:10.1.31]
	at org.apache.tomcat.websocket.server.WsFilter.doFilter(WsFilter.java:51) ~[tomcat-embed-websocket-10.1.31.jar:10.1.31]
	at org.apache.catalina.core.ApplicationFilterChain.internalDoFilter(ApplicationFilterChain.java:164) ~[tomcat-embed-core-10.1.31.jar:10.1.31]
	at org.apache.catalina.core.ApplicationFilterChain.doFilter(ApplicationFilterChain.java:140) ~[tomcat-embed-core-10.1.31.jar:10.1.31]
	at org.springframework.web.filter.RequestContextFilter.doFilterInternal(RequestContextFilter.java:100) ~[spring-web-6.1.14.jar:6.1.14]
	at org.springframework.web.filter.OncePerRequestFilter.doFilter(OncePerRequestFilter.java:116) ~[spring-web-6.1.14.jar:6.1.14]
	at org.apache.catalina.core.ApplicationFilterChain.internalDoFilter(ApplicationFilterChain.java:164) ~[tomcat-embed-core-10.1.31.jar:10.1.31]
	at org.apache.catalina.core.ApplicationFilterChain.doFilter(ApplicationFilterChain.java:140) ~[tomcat-embed-core-10.1.31.jar:10.1.31]
	at org.springframework.web.filter.FormContentFilter.doFilterInternal(FormContentFilter.java:93) ~[spring-web-6.1.14.jar:6.1.14]
	at org.springframework.web.filter.OncePerRequestFilter.doFilter(OncePerRequestFilter.java:116) ~[spring-web-6.1.14.jar:6.1.14]
	at org.apache.catalina.core.ApplicationFilterChain.internalDoFilter(ApplicationFilterChain.java:164) ~[tomcat-embed-core-10.1.31.jar:10.1.31]
	at org.apache.catalina.core.ApplicationFilterChain.doFilter(ApplicationFilterChain.java:140) ~[tomcat-embed-core-10.1.31.jar:10.1.31]
	at org.springframework.web.filter.CharacterEncodingFilter.doFilterInternal(CharacterEncodingFilter.java:201) ~[spring-web-6.1.14.jar:6.1.14]
	at org.springframework.web.filter.OncePerRequestFilter.doFilter(OncePerRequestFilter.java:116) ~[spring-web-6.1.14.jar:6.1.14]
	at org.apache.catalina.core.ApplicationFilterChain.internalDoFilter(ApplicationFilterChain.java:164) ~[tomcat-embed-core-10.1.31.jar:10.1.31]
	at org.apache.catalina.core.ApplicationFilterChain.doFilter(ApplicationFilterChain.java:140) ~[tomcat-embed-core-10.1.31.jar:10.1.31]
	at com.tianji.common.filters.RequestIdFilter.doFilter(RequestIdFilter.java:27) ~[classes/:na]
	at org.apache.catalina.core.ApplicationFilterChain.internalDoFilter(ApplicationFilterChain.java:164) ~[tomcat-embed-core-10.1.31.jar:10.1.31]
	at org.apache.catalina.core.ApplicationFilterChain.doFilter(ApplicationFilterChain.java:140) ~[tomcat-embed-core-10.1.31.jar:10.1.31]
	at org.apache.catalina.core.StandardWrapperValve.invoke(StandardWrapperValve.java:167) ~[tomcat-embed-core-10.1.31.jar:10.1.31]
	at org.apache.catalina.core.StandardContextValve.invoke(StandardContextValve.java:90) ~[tomcat-embed-core-10.1.31.jar:10.1.31]
	at org.apache.catalina.authenticator.AuthenticatorBase.invoke(AuthenticatorBase.java:483) ~[tomcat-embed-core-10.1.31.jar:10.1.31]
	at org.apache.catalina.core.StandardHostValve.invoke(StandardHostValve.java:115) ~[tomcat-embed-core-10.1.31.jar:10.1.31]
	at org.apache.catalina.valves.ErrorReportValve.invoke(ErrorReportValve.java:93) ~[tomcat-embed-core-10.1.31.jar:10.1.31]
	at org.apache.catalina.core.StandardEngineValve.invoke(StandardEngineValve.java:74) ~[tomcat-embed-core-10.1.31.jar:10.1.31]
	at org.apache.catalina.connector.CoyoteAdapter.service(CoyoteAdapter.java:344) ~[tomcat-embed-core-10.1.31.jar:10.1.31]
	at org.apache.coyote.http11.Http11Processor.service(Http11Processor.java:384) ~[tomcat-embed-core-10.1.31.jar:10.1.31]
	at org.apache.coyote.AbstractProcessorLight.process(AbstractProcessorLight.java:63) ~[tomcat-embed-core-10.1.31.jar:10.1.31]
	at org.apache.coyote.AbstractProtocol$ConnectionHandler.process(AbstractProtocol.java:905) ~[tomcat-embed-core-10.1.31.jar:10.1.31]
	at org.apache.tomcat.util.net.NioEndpoint$SocketProcessor.doRun(NioEndpoint.java:1741) ~[tomcat-embed-core-10.1.31.jar:10.1.31]
	at org.apache.tomcat.util.net.SocketProcessorBase.run(SocketProcessorBase.java:52) ~[tomcat-embed-core-10.1.31.jar:10.1.31]
	at org.apache.tomcat.util.threads.ThreadPoolExecutor.runWorker(ThreadPoolExecutor.java:1190) ~[tomcat-embed-core-10.1.31.jar:10.1.31]
	at org.apache.tomcat.util.threads.ThreadPoolExecutor$Worker.run(ThreadPoolExecutor.java:659) ~[tomcat-embed-core-10.1.31.jar:10.1.31]
	at org.apache.tomcat.util.threads.TaskThread$WrappingRunnable.run(TaskThread.java:63) ~[tomcat-embed-core-10.1.31.jar:10.1.31]
	at java.base/java.lang.Thread.run(Thread.java:842) ~[na:na]
15:01:02.674-[LAPTOP-FPFPK7D7][sys]-- WARN 48456 --- [       Thread-2] c.a.n.common.executor.ThreadPoolManager  : [ThreadPoolManager] Start destroying ThreadPool
15:01:02.674-[LAPTOP-FPFPK7D7][sys]-- WARN 48456 --- [      Thread-13] c.a.n.common.http.HttpClientBeanHolder   : [HttpClientBeanHolder] Start destroying common HttpClient
15:01:02.674-[LAPTOP-FPFPK7D7][sys]-- WARN 48456 --- [      Thread-15] c.a.nacos.common.notify.NotifyCenter     : [NotifyCenter] Start destroying Publisher
15:01:02.674-[LAPTOP-FPFPK7D7][sys]-- WARN 48456 --- [      Thread-15] c.a.nacos.common.notify.NotifyCenter     : [NotifyCenter] Destruction of the end
15:01:02.674-[LAPTOP-FPFPK7D7][sys]-- WARN 48456 --- [       Thread-2] c.a.n.common.executor.ThreadPoolManager  : [ThreadPoolManager] Destruction of the end
15:01:02.675-[LAPTOP-FPFPK7D7][sys]-- WARN 48456 --- [      Thread-13] c.a.n.common.http.HttpClientBeanHolder   : [HttpClientBeanHolder] Destruction of the end
15:01:02.765-[LAPTOP-FPFPK7D7][sys]-- INFO 48456 --- [ionShutdownHook] c.a.c.n.registry.NacosServiceRegistry    : De-registering from Nacos Server now...
15:01:02.774-[LAPTOP-FPFPK7D7][sys]-- INFO 48456 --- [ionShutdownHook] c.a.c.n.registry.NacosServiceRegistry    : De-registration finished.
15:01:13.476-[LAPTOP-FPFPK7D7][sys]-- INFO 2172 --- [           main] com.tianji.AIGCApplication               : The following 1 profile is active: "local"
15:01:13.494-[LAPTOP-FPFPK7D7][sys]-- INFO 2172 --- [           main] c.a.c.n.c.NacosConfigDataLoader          : [Nacos Config] Load config[dataId=shared-mybatis.yaml, group=DEFAULT_GROUP] success
15:01:13.494-[LAPTOP-FPFPK7D7][sys]-- INFO 2172 --- [           main] c.a.c.n.c.NacosConfigDataLoader          : [Nacos Config] Load config[dataId=shared-feign.yaml, group=DEFAULT_GROUP] success
15:01:13.494-[LAPTOP-FPFPK7D7][sys]-- INFO 2172 --- [           main] c.a.c.n.c.NacosConfigDataLoader          : [Nacos Config] Load config[dataId=shared-logs.yaml, group=DEFAULT_GROUP] success
15:01:13.495-[LAPTOP-FPFPK7D7][sys]-- INFO 2172 --- [           main] c.a.c.n.c.NacosConfigDataLoader          : [Nacos Config] Load config[dataId=shared-redis.yaml, group=DEFAULT_GROUP] success
15:01:13.495-[LAPTOP-FPFPK7D7][sys]-- INFO 2172 --- [           main] c.a.c.n.c.NacosConfigDataLoader          : [Nacos Config] Load config[dataId=shared-spring.yaml, group=DEFAULT_GROUP] success
15:01:13.495-[LAPTOP-FPFPK7D7][sys]-- INFO 2172 --- [           main] c.a.c.n.c.NacosConfigDataLoader          : [Nacos Config] Load config[dataId=aigc-service.yaml, group=DEFAULT_GROUP] success
15:01:14.437-[LAPTOP-FPFPK7D7][sys]-- INFO 2172 --- [           main] .s.d.r.c.RepositoryConfigurationDelegate : Multiple Spring Data modules found, entering strict repository configuration mode
15:01:14.440-[LAPTOP-FPFPK7D7][sys]-- INFO 2172 --- [           main] .s.d.r.c.RepositoryConfigurationDelegate : Bootstrapping Spring Data Redis repositories in DEFAULT mode.
15:01:14.493-[LAPTOP-FPFPK7D7][sys]-- INFO 2172 --- [           main] .s.d.r.c.RepositoryConfigurationDelegate : Finished Spring Data repository scanning in 40 ms. Found 0 Redis repository interfaces.
15:01:14.815-[LAPTOP-FPFPK7D7][sys]-- INFO 2172 --- [           main] o.s.cloud.context.scope.GenericScope     : BeanFactory id=583acbf0-b154-3c03-84d9-4d7dcf6596c3
15:01:14.856-[LAPTOP-FPFPK7D7][sys]-- WARN 2172 --- [           main] trationDelegate$BeanPostProcessorChecker : Bean 'com.alibaba.cloud.nacos.NacosConfigAutoConfiguration' of type [com.alibaba.cloud.nacos.NacosConfigAutoConfiguration] is not eligible for getting processed by all BeanPostProcessors (for example: not eligible for auto-proxying). The currently created BeanPostProcessor [nacosAnnotationProcessor] is declared through a non-static factory method on that class; consider declaring it as static instead.
15:01:15.126-[LAPTOP-FPFPK7D7][sys]-- WARN 2172 --- [           main] trationDelegate$BeanPostProcessorChecker : Bean 'org.springframework.cloud.client.loadbalancer.LoadBalancerAutoConfiguration$DeferringLoadBalancerInterceptorConfig' of type [org.springframework.cloud.client.loadbalancer.LoadBalancerAutoConfiguration$DeferringLoadBalancerInterceptorConfig] is not eligible for getting processed by all BeanPostProcessors (for example: not eligible for auto-proxying). The currently created BeanPostProcessor [lbRestClientPostProcessor] is declared through a non-static factory method on that class; consider declaring it as static instead.
15:01:15.129-[LAPTOP-FPFPK7D7][sys]-- WARN 2172 --- [           main] trationDelegate$BeanPostProcessorChecker : Bean 'deferringLoadBalancerInterceptor' of type [org.springframework.cloud.client.loadbalancer.DeferringLoadBalancerInterceptor] is not eligible for getting processed by all BeanPostProcessors (for example: not eligible for auto-proxying). Is this bean getting eagerly injected/applied to a currently created BeanPostProcessor [lbRestClientPostProcessor]? Check the corresponding BeanPostProcessor declaration and its dependencies/advisors. If this bean does not have to be post-processed, declare it with ROLE_INFRASTRUCTURE.
15:01:15.133-[LAPTOP-FPFPK7D7][sys]-- WARN 2172 --- [           main] trationDelegate$BeanPostProcessorChecker : Bean 'org.springframework.cloud.client.loadbalancer.reactive.LoadBalancerBeanPostProcessorAutoConfiguration' of type [org.springframework.cloud.client.loadbalancer.reactive.LoadBalancerBeanPostProcessorAutoConfiguration] is not eligible for getting processed by all BeanPostProcessors (for example: not eligible for auto-proxying). The currently created BeanPostProcessor [loadBalancerWebClientBuilderBeanPostProcessor] is declared through a non-static factory method on that class; consider declaring it as static instead.
15:01:15.135-[LAPTOP-FPFPK7D7][sys]-- WARN 2172 --- [           main] trationDelegate$BeanPostProcessorChecker : Bean 'org.springframework.cloud.client.loadbalancer.reactive.LoadBalancerBeanPostProcessorAutoConfiguration$ReactorDeferringLoadBalancerFilterConfig' of type [org.springframework.cloud.client.loadbalancer.reactive.LoadBalancerBeanPostProcessorAutoConfiguration$ReactorDeferringLoadBalancerFilterConfig] is not eligible for getting processed by all BeanPostProcessors (for example: not eligible for auto-proxying). Is this bean getting eagerly injected/applied to a currently created BeanPostProcessor [loadBalancerWebClientBuilderBeanPostProcessor]? Check the corresponding BeanPostProcessor declaration and its dependencies/advisors. If this bean does not have to be post-processed, declare it with ROLE_INFRASTRUCTURE.
15:01:15.137-[LAPTOP-FPFPK7D7][sys]-- WARN 2172 --- [           main] trationDelegate$BeanPostProcessorChecker : Bean 'reactorDeferringLoadBalancerExchangeFilterFunction' of type [org.springframework.cloud.client.loadbalancer.reactive.DeferringLoadBalancerExchangeFilterFunction] is not eligible for getting processed by all BeanPostProcessors (for example: not eligible for auto-proxying). Is this bean getting eagerly injected/applied to a currently created BeanPostProcessor [loadBalancerWebClientBuilderBeanPostProcessor]? Check the corresponding BeanPostProcessor declaration and its dependencies/advisors. If this bean does not have to be post-processed, declare it with ROLE_INFRASTRUCTURE.
15:01:15.382-[LAPTOP-FPFPK7D7][sys]-- INFO 2172 --- [           main] o.s.b.w.embedded.tomcat.TomcatWebServer  : Tomcat initialized with port 8094 (http)
15:01:15.397-[LAPTOP-FPFPK7D7][sys]-- INFO 2172 --- [           main] o.apache.catalina.core.StandardService   : Starting service [Tomcat]
15:01:15.398-[LAPTOP-FPFPK7D7][sys]-- INFO 2172 --- [           main] o.apache.catalina.core.StandardEngine    : Starting Servlet engine: [Apache Tomcat/10.1.31]
15:01:15.496-[LAPTOP-FPFPK7D7][sys]-- INFO 2172 --- [           main] o.a.c.c.C.[Tomcat].[localhost].[/]       : Initializing Spring embedded WebApplicationContext
15:01:15.496-[LAPTOP-FPFPK7D7][sys]-- INFO 2172 --- [           main] w.s.c.ServletWebServerApplicationContext : Root WebApplicationContext: initialization completed in 2001 ms
15:01:16.496-[LAPTOP-FPFPK7D7][sys]-- INFO 2172 --- [           main] o.s.c.openfeign.FeignClientFactoryBean   : For 'course-service' URL not provided. Will try picking an instance via load-balancing.
15:01:16.558-[LAPTOP-FPFPK7D7][sys]-- INFO 2172 --- [           main] o.s.c.openfeign.FeignClientFactoryBean   : For 'trade-service' URL not provided. Will try picking an instance via load-balancing.
15:01:18.051-[LAPTOP-FPFPK7D7][sys]-- INFO 2172 --- [           main] c.a.c.sentinel.SentinelWebMvcConfigurer  : [Sentinel Starter] register SentinelWebInterceptor with urlPatterns: [/**].
15:01:19.744-[LAPTOP-FPFPK7D7][sys]-- INFO 2172 --- [           main] o.s.cloud.commons.util.InetUtils         : Cannot determine local hostname
15:01:19.804-[LAPTOP-FPFPK7D7][sys]-- INFO 2172 --- [           main] o.s.c.openfeign.FeignClientFactoryBean   : For 'course-service' URL not provided. Will try picking an instance via load-balancing.
15:01:19.834-[LAPTOP-FPFPK7D7][sys]-- INFO 2172 --- [           main] o.s.c.openfeign.FeignClientFactoryBean   : For 'auth-service' URL not provided. Will try picking an instance via load-balancing.
15:01:20.623-[LAPTOP-FPFPK7D7][sys]-- INFO 2172 --- [           main] o.s.b.w.embedded.tomcat.TomcatWebServer  : Tomcat started on port 8094 (http) with context path '/'
15:01:20.950-[LAPTOP-FPFPK7D7][sys]-- INFO 2172 --- [           main] c.a.n.p.a.s.c.ClientAuthPluginManager    : [ClientAuthPluginManager] Load ClientAuthService com.alibaba.nacos.client.auth.impl.NacosClientAuthServiceImpl success.
15:01:20.950-[LAPTOP-FPFPK7D7][sys]-- INFO 2172 --- [           main] c.a.n.p.a.s.c.ClientAuthPluginManager    : [ClientAuthPluginManager] Load ClientAuthService com.alibaba.nacos.client.auth.ram.RamClientAuthServiceImpl success.
15:01:21.047-[LAPTOP-FPFPK7D7][sys]-- INFO 2172 --- [           main] c.a.c.n.registry.NacosServiceRegistry    : nacos registry, DEFAULT_GROUP aigc-service 192.168.150.1:8094 register finished
15:01:21.375-[LAPTOP-FPFPK7D7][sys]-- INFO 2172 --- [           main] com.tianji.AIGCApplication               : Started AIGCApplication in 12.101 seconds (process running for 12.857)
15:01:21.392-[LAPTOP-FPFPK7D7][sys]-- INFO 2172 --- [           main] c.a.c.n.refresh.NacosContextRefresher    : [Nacos Config] Listening config: dataId=aigc-service.yaml, group=DEFAULT_GROUP
15:01:21.394-[LAPTOP-FPFPK7D7][sys]-- INFO 2172 --- [           main] c.a.c.n.refresh.NacosContextRefresher    : [Nacos Config] Listening config: dataId=shared-redis.yaml, group=DEFAULT_GROUP
15:01:21.396-[LAPTOP-FPFPK7D7][sys]-- INFO 2172 --- [           main] c.a.c.n.refresh.NacosContextRefresher    : [Nacos Config] Listening config: dataId=shared-spring.yaml, group=DEFAULT_GROUP
15:01:21.397-[LAPTOP-FPFPK7D7][sys]-- INFO 2172 --- [           main] c.a.c.n.refresh.NacosContextRefresher    : [Nacos Config] Listening config: dataId=shared-mybatis.yaml, group=DEFAULT_GROUP
15:01:21.399-[LAPTOP-FPFPK7D7][sys]-- INFO 2172 --- [           main] c.a.c.n.refresh.NacosContextRefresher    : [Nacos Config] Listening config: dataId=shared-feign.yaml, group=DEFAULT_GROUP
15:01:21.402-[LAPTOP-FPFPK7D7][sys]-- INFO 2172 --- [           main] c.a.c.n.refresh.NacosContextRefresher    : [Nacos Config] Listening config: dataId=shared-logs.yaml, group=DEFAULT_GROUP
15:01:21.403-[LAPTOP-FPFPK7D7][sys]-- INFO 2172 --- [           main] com.tianji.AIGCApplication               : --/
---------------------------------------------------------------------------------------
	Application 'aigc-service' is running! Access URLs:
	Local: 		http://localhost:8094
	External: 	http://10.254.4.11:8094
	Profile(s): 	[local]
---------------------------------------------------------------------------------------
15:01:54.535-[LAPTOP-FPFPK7D7][sys]-- INFO 2172 --- [nio-8094-exec-1] o.a.c.c.C.[Tomcat].[localhost].[/]       : Initializing Spring DispatcherServlet 'dispatcherServlet'
15:01:54.535-[LAPTOP-FPFPK7D7][sys]-- INFO 2172 --- [nio-8094-exec-1] o.s.web.servlet.DispatcherServlet        : Initializing Servlet 'dispatcherServlet'
15:01:54.537-[LAPTOP-FPFPK7D7][sys]-- INFO 2172 --- [nio-8094-exec-1] o.s.web.servlet.DispatcherServlet        : Completed initialization in 2 ms
15:01:55.583-[LAPTOP-FPFPK7D7][8ef1914b837d49018bd171b59f30bed3]--DEBUG 2172 --- [nio-8094-exec-1] o.s.a.c.c.advisor.SimpleLoggerAdvisor    : request: AdvisedRequest[chatModel=com.alibaba.cloud.ai.dashscope.chat.DashScopeChatModel@280d0ec8, userText=Java是什么
, systemText=角色
你是一名非常出色的IT行业的内容创作者，你的任务是负责内容的帮写、续写、润色和精简。你的目标是帮助学员完成内容的创作，确保内容的合理性。

技能
技能 1: 内容帮写
1. 基于用户提供的主题/关键词，智能生成完整的文案内容，帮助用户快速搭建内容框架。

技能 2: 内容续写
1. 在用户已有文本基础上，自动延续写作思路生成后续内容，保持上下文逻辑连贯性。

技能 3: 内容润色
1. 对现有文本进行语言优化，包括调整句式结构、替换精准词汇、统一行文风格等

技能 4: 内容精简
1. 通过语义分析智能提炼核心信息，删除冗余表达，将长文本压缩为简洁版本

限制:
- AI创作必须严格遵循法律法规和伦理准则，禁止生成危害国家安全、宣扬恐怖极端思想、传播虚假谣言、侵犯他人隐私及知识产权的内容，不得涉及暴力色情、种族宗教歧视、历史虚无主义等违背公序良俗的表述，同时要特别注意避免教唆犯罪、诱导危险行为、损害未成年人身心健康，并在医疗、金融、新闻等专业领域确保内容真实性和安全性，始终以社会主义核心价值观为框架，履行技术向善的社会责任
, chatOptions=DashScopeChatOptions: {"model":"qwen-plus","temperature":0.8,"enable_search":false,"incremental_output":true,"multi_model":false}, media=[], functionNames=[], functionCallbacks=[MethodToolCallback{toolDefinition=DefaultToolDefinition[name=queryCourseById, description=根据课程ID查询课程详情, inputSchema={
  "$schema" : "https://json-schema.org/draft/2020-12/schema",
  "type" : "object",
  "properties" : {
    "id" : {
      "type" : "integer",
      "format" : "int64",
      "description" : "课程ID"
    },
    "toolContext" : {
      "type" : "object",
      "properties" : {
        "context" : {
          "type" : "object"
        }
      },
      "required" : [ "context" ]
    }
  },
  "required" : [ "id", "toolContext" ],
  "additionalProperties" : false
}], toolMetadata=DefaultToolMetadata[returnDirect=false]}, MethodToolCallback{toolDefinition=DefaultToolDefinition[name=prePlaceOrder, description=根据课程ID下单, inputSchema={
  "$schema" : "https://json-schema.org/draft/2020-12/schema",
  "type" : "object",
  "properties" : {
    "courseId" : {
      "type" : "integer",
      "format" : "int64",
      "description" : "课程ID"
    },
    "toolContext" : {
      "type" : "object",
      "properties" : {
        "context" : {
          "type" : "object"
        }
      },
      "required" : [ "context" ]
    }
  },
  "required" : [ "courseId", "toolContext" ],
  "additionalProperties" : false
}], toolMetadata=DefaultToolMetadata[returnDirect=false]}], messages=[UserMessage{content='Java是什么
', properties={messageType=USER}, messageType=USER}, UserMessage{content='Java是什么
', properties={messageType=USER}, messageType=USER}], userParams={}, systemParams={}, advisors=[org.springframework.ai.chat.client.DefaultChatClient$DefaultChatClientRequestSpec$1@51fc632a, org.springframework.ai.chat.client.DefaultChatClient$DefaultChatClientRequestSpec$2@34d7da01, SimpleLoggerAdvisor, org.springframework.ai.chat.client.advisor.MessageChatMemoryAdvisor@3d2a1eee, org.springframework.ai.chat.client.DefaultChatClient$DefaultChatClientRequestSpec$1@54451ddf, org.springframework.ai.chat.client.DefaultChatClient$DefaultChatClientRequestSpec$2@6692d14e], advisorParams={}, adviseContext={}, toolContext={}]
15:02:06.107-[LAPTOP-FPFPK7D7][8ef1914b837d49018bd171b59f30bed3]--DEBUG 2172 --- [nio-8094-exec-1] o.s.a.c.c.advisor.SimpleLoggerAdvisor    : response: {
  "result" : {
    "metadata" : {
      "finishReason" : "STOP",
      "contentFilters" : [ ],
      "empty" : true
    },
    "output" : {
      "messageType" : "ASSISTANT",
      "metadata" : {
        "finishReason" : "STOP",
        "role" : "ASSISTANT",
        "id" : "f885b9b9-e1a6-401d-b782-16fd9e700386",
        "messageType" : "ASSISTANT",
        "reasoningContent" : ""
      },
      "toolCalls" : [ ],
      "media" : [ ],
      "text" : "Java 是一种广泛使用的高级编程语言，由 Sun 公司（现为 Oracle 旗下公司）于 1995 年正式发布。它的设计目标是实现“一次编写，到处运行”（Write Once, Run Anywhere）的理念，这意味着 Java 程序可以在任何支持 Java 虚拟机（JVM）的设备上运行，而无需重新编译。\n\nJava 的特点包括：\n\n1. **面向对象**：Java 是一种面向对象的编程语言，支持封装、继承、多态等特性，帮助开发者构建模块化、可复用的代码。\n\n2. **平台无关性**：通过 JVM（Java 虚拟机）实现跨平台运行。Java 源代码会被编译为字节码，然后在 JVM 上运行，这使得 Java 应用可以在不同操作系统上无缝运行。\n\n3. **自动内存管理**：Java 提供了垃圾回收机制（Garbage Collection, GC），自动管理内存分配和释放，减少了内存泄漏和指针错误的风险。\n\n4. **多线程支持**：Java 内建支持多线程编程，允许开发者编写高效的并发程序，提高应用程序的性能和响应能力。\n\n5. **丰富的类库**：Java 提供了大量的标准类库（Java Standard Edition, SE），涵盖了从数据结构、网络通信到图形界面等多个领域，极大提高了开发效率。\n\n6. **安全性**：Java 在设计时充分考虑了安全性，提供了安全管理机制，防止恶意代码对系统造成破坏。\n\nJava 的应用场景非常广泛，包括：\n\n- **企业级应用开发**：Java 在大型企业系统中被广泛使用，尤其是基于 Java EE（企业版）的后端开发。\n- **移动应用开发**：Android 应用主要使用 Java 或 Kotlin（Kotlin 与 Java 兼容）进行开发。\n- **Web 应用开发**：Java 可用于构建动态网站和 Web 服务，常用框架包括 Spring、Hibernate 等。\n- **大数据处理**：许多大数据技术如 Hadoop 和 Spark 都是基于 Java 或其生态系统构建的。\n- **云计算与微服务架构**：Java 在构建分布式系统和微服务架构中也非常流行，Spring Cloud 等框架提供了强大的支持。\n\n总之，Java 凭借其稳定性、可扩展性和跨平台特性，成为了当今最流行的编程语言之一，适用于各种类型的软件开发项目。"
    }
  },
  "metadata" : {
    "id" : "f885b9b9-e1a6-401d-b782-16fd9e700386",
    "model" : "",
    "rateLimit" : {
      "requestsRemaining" : 0,
      "requestsLimit" : 0,
      "tokensReset" : 0.0,
      "tokensRemaining" : 0,
      "requestsReset" : 0.0,
      "tokensLimit" : 0
    },
    "usage" : {
      "completionTokens" : 0,
      "generationTokens" : 509,
      "promptTokens" : 659,
      "totalTokens" : 1168,
      "nativeUsage" : null
    },
    "promptMetadata" : [ ],
    "empty" : true
  },
  "results" : [ {
    "metadata" : {
      "finishReason" : "STOP",
      "contentFilters" : [ ],
      "empty" : true
    },
    "output" : {
      "messageType" : "ASSISTANT",
      "metadata" : {
        "finishReason" : "STOP",
        "role" : "ASSISTANT",
        "id" : "f885b9b9-e1a6-401d-b782-16fd9e700386",
        "messageType" : "ASSISTANT",
        "reasoningContent" : ""
      },
      "toolCalls" : [ ],
      "media" : [ ],
      "text" : "Java 是一种广泛使用的高级编程语言，由 Sun 公司（现为 Oracle 旗下公司）于 1995 年正式发布。它的设计目标是实现“一次编写，到处运行”（Write Once, Run Anywhere）的理念，这意味着 Java 程序可以在任何支持 Java 虚拟机（JVM）的设备上运行，而无需重新编译。\n\nJava 的特点包括：\n\n1. **面向对象**：Java 是一种面向对象的编程语言，支持封装、继承、多态等特性，帮助开发者构建模块化、可复用的代码。\n\n2. **平台无关性**：通过 JVM（Java 虚拟机）实现跨平台运行。Java 源代码会被编译为字节码，然后在 JVM 上运行，这使得 Java 应用可以在不同操作系统上无缝运行。\n\n3. **自动内存管理**：Java 提供了垃圾回收机制（Garbage Collection, GC），自动管理内存分配和释放，减少了内存泄漏和指针错误的风险。\n\n4. **多线程支持**：Java 内建支持多线程编程，允许开发者编写高效的并发程序，提高应用程序的性能和响应能力。\n\n5. **丰富的类库**：Java 提供了大量的标准类库（Java Standard Edition, SE），涵盖了从数据结构、网络通信到图形界面等多个领域，极大提高了开发效率。\n\n6. **安全性**：Java 在设计时充分考虑了安全性，提供了安全管理机制，防止恶意代码对系统造成破坏。\n\nJava 的应用场景非常广泛，包括：\n\n- **企业级应用开发**：Java 在大型企业系统中被广泛使用，尤其是基于 Java EE（企业版）的后端开发。\n- **移动应用开发**：Android 应用主要使用 Java 或 Kotlin（Kotlin 与 Java 兼容）进行开发。\n- **Web 应用开发**：Java 可用于构建动态网站和 Web 服务，常用框架包括 Spring、Hibernate 等。\n- **大数据处理**：许多大数据技术如 Hadoop 和 Spark 都是基于 Java 或其生态系统构建的。\n- **云计算与微服务架构**：Java 在构建分布式系统和微服务架构中也非常流行，Spring Cloud 等框架提供了强大的支持。\n\n总之，Java 凭借其稳定性、可扩展性和跨平台特性，成为了当今最流行的编程语言之一，适用于各种类型的软件开发项目。"
    }
  } ]
}
15:03:09.911-[LAPTOP-FPFPK7D7][56e61e8cc3df4c11846120e5d019e36a]--ERROR 2172 --- [nio-8094-exec-6] c.t.c.a.m.advice.CommonExceptionAdvice   : 参数异常 -> ServletException，No static resource chat/templates.
15:03:09.911-[LAPTOP-FPFPK7D7][56e61e8cc3df4c11846120e5d019e36a]--DEBUG 2172 --- [nio-8094-exec-6] c.t.c.a.m.advice.CommonExceptionAdvice   : 
org.springframework.web.servlet.resource.NoResourceFoundException: No static resource chat/templates.
	at org.springframework.web.servlet.resource.ResourceHttpRequestHandler.handleRequest(ResourceHttpRequestHandler.java:585) ~[spring-webmvc-6.1.14.jar:6.1.14]
	at org.springframework.web.servlet.mvc.HttpRequestHandlerAdapter.handle(HttpRequestHandlerAdapter.java:52) ~[spring-webmvc-6.1.14.jar:6.1.14]
	at org.springframework.web.servlet.DispatcherServlet.doDispatch(DispatcherServlet.java:1089) ~[spring-webmvc-6.1.14.jar:6.1.14]
	at org.springframework.web.servlet.DispatcherServlet.doService(DispatcherServlet.java:979) ~[spring-webmvc-6.1.14.jar:6.1.14]
	at org.springframework.web.servlet.FrameworkServlet.processRequest(FrameworkServlet.java:1014) ~[spring-webmvc-6.1.14.jar:6.1.14]
	at org.springframework.web.servlet.FrameworkServlet.doGet(FrameworkServlet.java:903) ~[spring-webmvc-6.1.14.jar:6.1.14]
	at jakarta.servlet.http.HttpServlet.service(HttpServlet.java:564) ~[tomcat-embed-core-10.1.31.jar:6.0]
	at org.springframework.web.servlet.FrameworkServlet.service(FrameworkServlet.java:885) ~[spring-webmvc-6.1.14.jar:6.1.14]
	at jakarta.servlet.http.HttpServlet.service(HttpServlet.java:658) ~[tomcat-embed-core-10.1.31.jar:6.0]
	at org.apache.catalina.core.ApplicationFilterChain.internalDoFilter(ApplicationFilterChain.java:195) ~[tomcat-embed-core-10.1.31.jar:10.1.31]
	at org.apache.catalina.core.ApplicationFilterChain.doFilter(ApplicationFilterChain.java:140) ~[tomcat-embed-core-10.1.31.jar:10.1.31]
	at org.apache.tomcat.websocket.server.WsFilter.doFilter(WsFilter.java:51) ~[tomcat-embed-websocket-10.1.31.jar:10.1.31]
	at org.apache.catalina.core.ApplicationFilterChain.internalDoFilter(ApplicationFilterChain.java:164) ~[tomcat-embed-core-10.1.31.jar:10.1.31]
	at org.apache.catalina.core.ApplicationFilterChain.doFilter(ApplicationFilterChain.java:140) ~[tomcat-embed-core-10.1.31.jar:10.1.31]
	at org.springframework.web.filter.RequestContextFilter.doFilterInternal(RequestContextFilter.java:100) ~[spring-web-6.1.14.jar:6.1.14]
	at org.springframework.web.filter.OncePerRequestFilter.doFilter(OncePerRequestFilter.java:116) ~[spring-web-6.1.14.jar:6.1.14]
	at org.apache.catalina.core.ApplicationFilterChain.internalDoFilter(ApplicationFilterChain.java:164) ~[tomcat-embed-core-10.1.31.jar:10.1.31]
	at org.apache.catalina.core.ApplicationFilterChain.doFilter(ApplicationFilterChain.java:140) ~[tomcat-embed-core-10.1.31.jar:10.1.31]
	at org.springframework.web.filter.FormContentFilter.doFilterInternal(FormContentFilter.java:93) ~[spring-web-6.1.14.jar:6.1.14]
	at org.springframework.web.filter.OncePerRequestFilter.doFilter(OncePerRequestFilter.java:116) ~[spring-web-6.1.14.jar:6.1.14]
	at org.apache.catalina.core.ApplicationFilterChain.internalDoFilter(ApplicationFilterChain.java:164) ~[tomcat-embed-core-10.1.31.jar:10.1.31]
	at org.apache.catalina.core.ApplicationFilterChain.doFilter(ApplicationFilterChain.java:140) ~[tomcat-embed-core-10.1.31.jar:10.1.31]
	at org.springframework.web.filter.CharacterEncodingFilter.doFilterInternal(CharacterEncodingFilter.java:201) ~[spring-web-6.1.14.jar:6.1.14]
	at org.springframework.web.filter.OncePerRequestFilter.doFilter(OncePerRequestFilter.java:116) ~[spring-web-6.1.14.jar:6.1.14]
	at org.apache.catalina.core.ApplicationFilterChain.internalDoFilter(ApplicationFilterChain.java:164) ~[tomcat-embed-core-10.1.31.jar:10.1.31]
	at org.apache.catalina.core.ApplicationFilterChain.doFilter(ApplicationFilterChain.java:140) ~[tomcat-embed-core-10.1.31.jar:10.1.31]
	at com.tianji.common.filters.RequestIdFilter.doFilter(RequestIdFilter.java:27) ~[classes/:na]
	at org.apache.catalina.core.ApplicationFilterChain.internalDoFilter(ApplicationFilterChain.java:164) ~[tomcat-embed-core-10.1.31.jar:10.1.31]
	at org.apache.catalina.core.ApplicationFilterChain.doFilter(ApplicationFilterChain.java:140) ~[tomcat-embed-core-10.1.31.jar:10.1.31]
	at org.apache.catalina.core.StandardWrapperValve.invoke(StandardWrapperValve.java:167) ~[tomcat-embed-core-10.1.31.jar:10.1.31]
	at org.apache.catalina.core.StandardContextValve.invoke(StandardContextValve.java:90) ~[tomcat-embed-core-10.1.31.jar:10.1.31]
	at org.apache.catalina.authenticator.AuthenticatorBase.invoke(AuthenticatorBase.java:483) ~[tomcat-embed-core-10.1.31.jar:10.1.31]
	at org.apache.catalina.core.StandardHostValve.invoke(StandardHostValve.java:115) ~[tomcat-embed-core-10.1.31.jar:10.1.31]
	at org.apache.catalina.valves.ErrorReportValve.invoke(ErrorReportValve.java:93) ~[tomcat-embed-core-10.1.31.jar:10.1.31]
	at org.apache.catalina.core.StandardEngineValve.invoke(StandardEngineValve.java:74) ~[tomcat-embed-core-10.1.31.jar:10.1.31]
	at org.apache.catalina.connector.CoyoteAdapter.service(CoyoteAdapter.java:344) ~[tomcat-embed-core-10.1.31.jar:10.1.31]
	at org.apache.coyote.http11.Http11Processor.service(Http11Processor.java:384) ~[tomcat-embed-core-10.1.31.jar:10.1.31]
	at org.apache.coyote.AbstractProcessorLight.process(AbstractProcessorLight.java:63) ~[tomcat-embed-core-10.1.31.jar:10.1.31]
	at org.apache.coyote.AbstractProtocol$ConnectionHandler.process(AbstractProtocol.java:905) ~[tomcat-embed-core-10.1.31.jar:10.1.31]
	at org.apache.tomcat.util.net.NioEndpoint$SocketProcessor.doRun(NioEndpoint.java:1741) ~[tomcat-embed-core-10.1.31.jar:10.1.31]
	at org.apache.tomcat.util.net.SocketProcessorBase.run(SocketProcessorBase.java:52) ~[tomcat-embed-core-10.1.31.jar:10.1.31]
	at org.apache.tomcat.util.threads.ThreadPoolExecutor.runWorker(ThreadPoolExecutor.java:1190) ~[tomcat-embed-core-10.1.31.jar:10.1.31]
	at org.apache.tomcat.util.threads.ThreadPoolExecutor$Worker.run(ThreadPoolExecutor.java:659) ~[tomcat-embed-core-10.1.31.jar:10.1.31]
	at org.apache.tomcat.util.threads.TaskThread$WrappingRunnable.run(TaskThread.java:63) ~[tomcat-embed-core-10.1.31.jar:10.1.31]
	at java.base/java.lang.Thread.run(Thread.java:842) ~[na:na]
15:03:10.045-[LAPTOP-FPFPK7D7][c7ab4ac350b54e268367b95f46475108]-- INFO 2172 --- [nio-8094-exec-5] com.zaxxer.hikari.HikariDataSource       : HikariPool-1 - Starting...
15:03:10.313-[LAPTOP-FPFPK7D7][c7ab4ac350b54e268367b95f46475108]-- INFO 2172 --- [nio-8094-exec-5] com.zaxxer.hikari.pool.HikariPool        : HikariPool-1 - Added connection com.mysql.cj.jdbc.ConnectionImpl@2e4eb053
15:03:10.316-[LAPTOP-FPFPK7D7][c7ab4ac350b54e268367b95f46475108]-- INFO 2172 --- [nio-8094-exec-5] com.zaxxer.hikari.HikariDataSource       : HikariPool-1 - Start completed.
15:03:10.325-[LAPTOP-FPFPK7D7][d29f6838b4064e26a216eec74616f638]--DEBUG 2172 --- [nio-8094-exec-4] c.t.a.m.ChatSessionMapper.selectList     : ==>  Preparing: SELECT id,session_id,user_id,title,create_time,update_time,creater,updater FROM chat_session WHERE (user_id = ?) ORDER BY update_time DESC limit 30
15:03:10.333-[LAPTOP-FPFPK7D7][c7ab4ac350b54e268367b95f46475108]--DEBUG 2172 --- [nio-8094-exec-5] c.t.a.mapper.ChatSessionMapper.insert    : ==>  Preparing: INSERT INTO chat_session ( id, session_id, user_id, creater, updater ) VALUES ( ?, ?, ?, ?, ? )
15:03:10.352-[LAPTOP-FPFPK7D7][d29f6838b4064e26a216eec74616f638]--DEBUG 2172 --- [nio-8094-exec-4] c.t.a.m.ChatSessionMapper.selectList     : ==> Parameters: 2(Long)
15:03:10.352-[LAPTOP-FPFPK7D7][c7ab4ac350b54e268367b95f46475108]--DEBUG 2172 --- [nio-8094-exec-5] c.t.a.mapper.ChatSessionMapper.insert    : ==> Parameters: 1963860438823247873(Long), 054f103b14f2440d933aa4fbe3007713(String), 2(Long), 2(Long), 2(Long)
15:03:10.363-[LAPTOP-FPFPK7D7][c7ab4ac350b54e268367b95f46475108]--DEBUG 2172 --- [nio-8094-exec-5] c.t.a.mapper.ChatSessionMapper.insert    : <==    Updates: 1
15:03:10.400-[LAPTOP-FPFPK7D7][d29f6838b4064e26a216eec74616f638]--DEBUG 2172 --- [nio-8094-exec-4] c.t.a.m.ChatSessionMapper.selectList     : <==      Total: 21
15:04:34.479-[LAPTOP-FPFPK7D7][7848499187b6488e96823ca3f019dd29]--DEBUG 2172 --- [io-8094-exec-10] c.t.a.mapper.ChatSessionMapper.insert    : ==>  Preparing: INSERT INTO chat_session ( id, session_id, user_id, creater, updater ) VALUES ( ?, ?, ?, ?, ? )
15:04:34.480-[LAPTOP-FPFPK7D7][7848499187b6488e96823ca3f019dd29]--DEBUG 2172 --- [io-8094-exec-10] c.t.a.mapper.ChatSessionMapper.insert    : ==> Parameters: 1963860792952528897(Long), a2d26d93800245579be6e6972008a6aa(String), 2(Long), 2(Long), 2(Long)
15:04:34.482-[LAPTOP-FPFPK7D7][a1b8e1d6b6194293ab034a38a4f0496d]--DEBUG 2172 --- [nio-8094-exec-1] c.t.a.m.ChatSessionMapper.selectList     : ==>  Preparing: SELECT id,session_id,user_id,title,create_time,update_time,creater,updater FROM chat_session WHERE (user_id = ?) ORDER BY update_time DESC limit 30
15:04:34.483-[LAPTOP-FPFPK7D7][a1b8e1d6b6194293ab034a38a4f0496d]--DEBUG 2172 --- [nio-8094-exec-1] c.t.a.m.ChatSessionMapper.selectList     : ==> Parameters: 2(Long)
15:04:34.484-[LAPTOP-FPFPK7D7][532619a72fce4af2a145d0a8053b0ca1]--ERROR 2172 --- [nio-8094-exec-2] c.t.c.a.m.advice.CommonExceptionAdvice   : 参数异常 -> ServletException，No static resource chat/templates.
15:04:34.484-[LAPTOP-FPFPK7D7][532619a72fce4af2a145d0a8053b0ca1]--DEBUG 2172 --- [nio-8094-exec-2] c.t.c.a.m.advice.CommonExceptionAdvice   : 
org.springframework.web.servlet.resource.NoResourceFoundException: No static resource chat/templates.
	at org.springframework.web.servlet.resource.ResourceHttpRequestHandler.handleRequest(ResourceHttpRequestHandler.java:585) ~[spring-webmvc-6.1.14.jar:6.1.14]
	at org.springframework.web.servlet.mvc.HttpRequestHandlerAdapter.handle(HttpRequestHandlerAdapter.java:52) ~[spring-webmvc-6.1.14.jar:6.1.14]
	at org.springframework.web.servlet.DispatcherServlet.doDispatch(DispatcherServlet.java:1089) ~[spring-webmvc-6.1.14.jar:6.1.14]
	at org.springframework.web.servlet.DispatcherServlet.doService(DispatcherServlet.java:979) ~[spring-webmvc-6.1.14.jar:6.1.14]
	at org.springframework.web.servlet.FrameworkServlet.processRequest(FrameworkServlet.java:1014) ~[spring-webmvc-6.1.14.jar:6.1.14]
	at org.springframework.web.servlet.FrameworkServlet.doGet(FrameworkServlet.java:903) ~[spring-webmvc-6.1.14.jar:6.1.14]
	at jakarta.servlet.http.HttpServlet.service(HttpServlet.java:564) ~[tomcat-embed-core-10.1.31.jar:6.0]
	at org.springframework.web.servlet.FrameworkServlet.service(FrameworkServlet.java:885) ~[spring-webmvc-6.1.14.jar:6.1.14]
	at jakarta.servlet.http.HttpServlet.service(HttpServlet.java:658) ~[tomcat-embed-core-10.1.31.jar:6.0]
	at org.apache.catalina.core.ApplicationFilterChain.internalDoFilter(ApplicationFilterChain.java:195) ~[tomcat-embed-core-10.1.31.jar:10.1.31]
	at org.apache.catalina.core.ApplicationFilterChain.doFilter(ApplicationFilterChain.java:140) ~[tomcat-embed-core-10.1.31.jar:10.1.31]
	at org.apache.tomcat.websocket.server.WsFilter.doFilter(WsFilter.java:51) ~[tomcat-embed-websocket-10.1.31.jar:10.1.31]
	at org.apache.catalina.core.ApplicationFilterChain.internalDoFilter(ApplicationFilterChain.java:164) ~[tomcat-embed-core-10.1.31.jar:10.1.31]
	at org.apache.catalina.core.ApplicationFilterChain.doFilter(ApplicationFilterChain.java:140) ~[tomcat-embed-core-10.1.31.jar:10.1.31]
	at org.springframework.web.filter.RequestContextFilter.doFilterInternal(RequestContextFilter.java:100) ~[spring-web-6.1.14.jar:6.1.14]
	at org.springframework.web.filter.OncePerRequestFilter.doFilter(OncePerRequestFilter.java:116) ~[spring-web-6.1.14.jar:6.1.14]
	at org.apache.catalina.core.ApplicationFilterChain.internalDoFilter(ApplicationFilterChain.java:164) ~[tomcat-embed-core-10.1.31.jar:10.1.31]
	at org.apache.catalina.core.ApplicationFilterChain.doFilter(ApplicationFilterChain.java:140) ~[tomcat-embed-core-10.1.31.jar:10.1.31]
	at org.springframework.web.filter.FormContentFilter.doFilterInternal(FormContentFilter.java:93) ~[spring-web-6.1.14.jar:6.1.14]
	at org.springframework.web.filter.OncePerRequestFilter.doFilter(OncePerRequestFilter.java:116) ~[spring-web-6.1.14.jar:6.1.14]
	at org.apache.catalina.core.ApplicationFilterChain.internalDoFilter(ApplicationFilterChain.java:164) ~[tomcat-embed-core-10.1.31.jar:10.1.31]
	at org.apache.catalina.core.ApplicationFilterChain.doFilter(ApplicationFilterChain.java:140) ~[tomcat-embed-core-10.1.31.jar:10.1.31]
	at org.springframework.web.filter.CharacterEncodingFilter.doFilterInternal(CharacterEncodingFilter.java:201) ~[spring-web-6.1.14.jar:6.1.14]
	at org.springframework.web.filter.OncePerRequestFilter.doFilter(OncePerRequestFilter.java:116) ~[spring-web-6.1.14.jar:6.1.14]
	at org.apache.catalina.core.ApplicationFilterChain.internalDoFilter(ApplicationFilterChain.java:164) ~[tomcat-embed-core-10.1.31.jar:10.1.31]
	at org.apache.catalina.core.ApplicationFilterChain.doFilter(ApplicationFilterChain.java:140) ~[tomcat-embed-core-10.1.31.jar:10.1.31]
	at com.tianji.common.filters.RequestIdFilter.doFilter(RequestIdFilter.java:27) ~[classes/:na]
	at org.apache.catalina.core.ApplicationFilterChain.internalDoFilter(ApplicationFilterChain.java:164) ~[tomcat-embed-core-10.1.31.jar:10.1.31]
	at org.apache.catalina.core.ApplicationFilterChain.doFilter(ApplicationFilterChain.java:140) ~[tomcat-embed-core-10.1.31.jar:10.1.31]
	at org.apache.catalina.core.StandardWrapperValve.invoke(StandardWrapperValve.java:167) ~[tomcat-embed-core-10.1.31.jar:10.1.31]
	at org.apache.catalina.core.StandardContextValve.invoke(StandardContextValve.java:90) ~[tomcat-embed-core-10.1.31.jar:10.1.31]
	at org.apache.catalina.authenticator.AuthenticatorBase.invoke(AuthenticatorBase.java:483) ~[tomcat-embed-core-10.1.31.jar:10.1.31]
	at org.apache.catalina.core.StandardHostValve.invoke(StandardHostValve.java:115) ~[tomcat-embed-core-10.1.31.jar:10.1.31]
	at org.apache.catalina.valves.ErrorReportValve.invoke(ErrorReportValve.java:93) ~[tomcat-embed-core-10.1.31.jar:10.1.31]
	at org.apache.catalina.core.StandardEngineValve.invoke(StandardEngineValve.java:74) ~[tomcat-embed-core-10.1.31.jar:10.1.31]
	at org.apache.catalina.connector.CoyoteAdapter.service(CoyoteAdapter.java:344) ~[tomcat-embed-core-10.1.31.jar:10.1.31]
	at org.apache.coyote.http11.Http11Processor.service(Http11Processor.java:384) ~[tomcat-embed-core-10.1.31.jar:10.1.31]
	at org.apache.coyote.AbstractProcessorLight.process(AbstractProcessorLight.java:63) ~[tomcat-embed-core-10.1.31.jar:10.1.31]
	at org.apache.coyote.AbstractProtocol$ConnectionHandler.process(AbstractProtocol.java:905) ~[tomcat-embed-core-10.1.31.jar:10.1.31]
	at org.apache.tomcat.util.net.NioEndpoint$SocketProcessor.doRun(NioEndpoint.java:1741) ~[tomcat-embed-core-10.1.31.jar:10.1.31]
	at org.apache.tomcat.util.net.SocketProcessorBase.run(SocketProcessorBase.java:52) ~[tomcat-embed-core-10.1.31.jar:10.1.31]
	at org.apache.tomcat.util.threads.ThreadPoolExecutor.runWorker(ThreadPoolExecutor.java:1190) ~[tomcat-embed-core-10.1.31.jar:10.1.31]
	at org.apache.tomcat.util.threads.ThreadPoolExecutor$Worker.run(ThreadPoolExecutor.java:659) ~[tomcat-embed-core-10.1.31.jar:10.1.31]
	at org.apache.tomcat.util.threads.TaskThread$WrappingRunnable.run(TaskThread.java:63) ~[tomcat-embed-core-10.1.31.jar:10.1.31]
	at java.base/java.lang.Thread.run(Thread.java:842) ~[na:na]
15:04:34.489-[LAPTOP-FPFPK7D7][7848499187b6488e96823ca3f019dd29]--DEBUG 2172 --- [io-8094-exec-10] c.t.a.mapper.ChatSessionMapper.insert    : <==    Updates: 1
15:04:34.492-[LAPTOP-FPFPK7D7][a1b8e1d6b6194293ab034a38a4f0496d]--DEBUG 2172 --- [nio-8094-exec-1] c.t.a.m.ChatSessionMapper.selectList     : <==      Total: 22
15:04:41.289-[LAPTOP-FPFPK7D7][e4da14c117ce4b3b99fb7118efd967b1]--DEBUG 2172 --- [nio-8094-exec-6] c.t.a.mapper.ChatSessionMapper.insert    : ==>  Preparing: INSERT INTO chat_session ( id, session_id, user_id, creater, updater ) VALUES ( ?, ?, ?, ?, ? )
15:04:41.290-[LAPTOP-FPFPK7D7][e4da14c117ce4b3b99fb7118efd967b1]--DEBUG 2172 --- [nio-8094-exec-6] c.t.a.mapper.ChatSessionMapper.insert    : ==> Parameters: 1963860821540904962(Long), f678b618fe0d431da2995e74400fc719(String), 2(Long), 2(Long), 2(Long)
15:04:41.302-[LAPTOP-FPFPK7D7][e4da14c117ce4b3b99fb7118efd967b1]--DEBUG 2172 --- [nio-8094-exec-6] c.t.a.mapper.ChatSessionMapper.insert    : <==    Updates: 1
15:04:41.311-[LAPTOP-FPFPK7D7][05dc794a08a14936bf12bdc5cca8ec54]--DEBUG 2172 --- [nio-8094-exec-7] c.t.a.m.ChatSessionMapper.selectList     : ==>  Preparing: SELECT id,session_id,user_id,title,create_time,update_time,creater,updater FROM chat_session WHERE (user_id = ?) ORDER BY update_time DESC limit 30
15:04:41.311-[LAPTOP-FPFPK7D7][05dc794a08a14936bf12bdc5cca8ec54]--DEBUG 2172 --- [nio-8094-exec-7] c.t.a.m.ChatSessionMapper.selectList     : ==> Parameters: 2(Long)
15:04:41.313-[LAPTOP-FPFPK7D7][9e23d82e43c1491483356762dfadc02d]--ERROR 2172 --- [nio-8094-exec-4] c.t.c.a.m.advice.CommonExceptionAdvice   : 参数异常 -> ServletException，No static resource chat/templates.
15:04:41.313-[LAPTOP-FPFPK7D7][9e23d82e43c1491483356762dfadc02d]--DEBUG 2172 --- [nio-8094-exec-4] c.t.c.a.m.advice.CommonExceptionAdvice   : 
org.springframework.web.servlet.resource.NoResourceFoundException: No static resource chat/templates.
	at org.springframework.web.servlet.resource.ResourceHttpRequestHandler.handleRequest(ResourceHttpRequestHandler.java:585) ~[spring-webmvc-6.1.14.jar:6.1.14]
	at org.springframework.web.servlet.mvc.HttpRequestHandlerAdapter.handle(HttpRequestHandlerAdapter.java:52) ~[spring-webmvc-6.1.14.jar:6.1.14]
	at org.springframework.web.servlet.DispatcherServlet.doDispatch(DispatcherServlet.java:1089) ~[spring-webmvc-6.1.14.jar:6.1.14]
	at org.springframework.web.servlet.DispatcherServlet.doService(DispatcherServlet.java:979) ~[spring-webmvc-6.1.14.jar:6.1.14]
	at org.springframework.web.servlet.FrameworkServlet.processRequest(FrameworkServlet.java:1014) ~[spring-webmvc-6.1.14.jar:6.1.14]
	at org.springframework.web.servlet.FrameworkServlet.doGet(FrameworkServlet.java:903) ~[spring-webmvc-6.1.14.jar:6.1.14]
	at jakarta.servlet.http.HttpServlet.service(HttpServlet.java:564) ~[tomcat-embed-core-10.1.31.jar:6.0]
	at org.springframework.web.servlet.FrameworkServlet.service(FrameworkServlet.java:885) ~[spring-webmvc-6.1.14.jar:6.1.14]
	at jakarta.servlet.http.HttpServlet.service(HttpServlet.java:658) ~[tomcat-embed-core-10.1.31.jar:6.0]
	at org.apache.catalina.core.ApplicationFilterChain.internalDoFilter(ApplicationFilterChain.java:195) ~[tomcat-embed-core-10.1.31.jar:10.1.31]
	at org.apache.catalina.core.ApplicationFilterChain.doFilter(ApplicationFilterChain.java:140) ~[tomcat-embed-core-10.1.31.jar:10.1.31]
	at org.apache.tomcat.websocket.server.WsFilter.doFilter(WsFilter.java:51) ~[tomcat-embed-websocket-10.1.31.jar:10.1.31]
	at org.apache.catalina.core.ApplicationFilterChain.internalDoFilter(ApplicationFilterChain.java:164) ~[tomcat-embed-core-10.1.31.jar:10.1.31]
	at org.apache.catalina.core.ApplicationFilterChain.doFilter(ApplicationFilterChain.java:140) ~[tomcat-embed-core-10.1.31.jar:10.1.31]
	at org.springframework.web.filter.RequestContextFilter.doFilterInternal(RequestContextFilter.java:100) ~[spring-web-6.1.14.jar:6.1.14]
	at org.springframework.web.filter.OncePerRequestFilter.doFilter(OncePerRequestFilter.java:116) ~[spring-web-6.1.14.jar:6.1.14]
	at org.apache.catalina.core.ApplicationFilterChain.internalDoFilter(ApplicationFilterChain.java:164) ~[tomcat-embed-core-10.1.31.jar:10.1.31]
	at org.apache.catalina.core.ApplicationFilterChain.doFilter(ApplicationFilterChain.java:140) ~[tomcat-embed-core-10.1.31.jar:10.1.31]
	at org.springframework.web.filter.FormContentFilter.doFilterInternal(FormContentFilter.java:93) ~[spring-web-6.1.14.jar:6.1.14]
	at org.springframework.web.filter.OncePerRequestFilter.doFilter(OncePerRequestFilter.java:116) ~[spring-web-6.1.14.jar:6.1.14]
	at org.apache.catalina.core.ApplicationFilterChain.internalDoFilter(ApplicationFilterChain.java:164) ~[tomcat-embed-core-10.1.31.jar:10.1.31]
	at org.apache.catalina.core.ApplicationFilterChain.doFilter(ApplicationFilterChain.java:140) ~[tomcat-embed-core-10.1.31.jar:10.1.31]
	at org.springframework.web.filter.CharacterEncodingFilter.doFilterInternal(CharacterEncodingFilter.java:201) ~[spring-web-6.1.14.jar:6.1.14]
	at org.springframework.web.filter.OncePerRequestFilter.doFilter(OncePerRequestFilter.java:116) ~[spring-web-6.1.14.jar:6.1.14]
	at org.apache.catalina.core.ApplicationFilterChain.internalDoFilter(ApplicationFilterChain.java:164) ~[tomcat-embed-core-10.1.31.jar:10.1.31]
	at org.apache.catalina.core.ApplicationFilterChain.doFilter(ApplicationFilterChain.java:140) ~[tomcat-embed-core-10.1.31.jar:10.1.31]
	at com.tianji.common.filters.RequestIdFilter.doFilter(RequestIdFilter.java:27) ~[classes/:na]
	at org.apache.catalina.core.ApplicationFilterChain.internalDoFilter(ApplicationFilterChain.java:164) ~[tomcat-embed-core-10.1.31.jar:10.1.31]
	at org.apache.catalina.core.ApplicationFilterChain.doFilter(ApplicationFilterChain.java:140) ~[tomcat-embed-core-10.1.31.jar:10.1.31]
	at org.apache.catalina.core.StandardWrapperValve.invoke(StandardWrapperValve.java:167) ~[tomcat-embed-core-10.1.31.jar:10.1.31]
	at org.apache.catalina.core.StandardContextValve.invoke(StandardContextValve.java:90) ~[tomcat-embed-core-10.1.31.jar:10.1.31]
	at org.apache.catalina.authenticator.AuthenticatorBase.invoke(AuthenticatorBase.java:483) ~[tomcat-embed-core-10.1.31.jar:10.1.31]
	at org.apache.catalina.core.StandardHostValve.invoke(StandardHostValve.java:115) ~[tomcat-embed-core-10.1.31.jar:10.1.31]
	at org.apache.catalina.valves.ErrorReportValve.invoke(ErrorReportValve.java:93) ~[tomcat-embed-core-10.1.31.jar:10.1.31]
	at org.apache.catalina.core.StandardEngineValve.invoke(StandardEngineValve.java:74) ~[tomcat-embed-core-10.1.31.jar:10.1.31]
	at org.apache.catalina.connector.CoyoteAdapter.service(CoyoteAdapter.java:344) ~[tomcat-embed-core-10.1.31.jar:10.1.31]
	at org.apache.coyote.http11.Http11Processor.service(Http11Processor.java:384) ~[tomcat-embed-core-10.1.31.jar:10.1.31]
	at org.apache.coyote.AbstractProcessorLight.process(AbstractProcessorLight.java:63) ~[tomcat-embed-core-10.1.31.jar:10.1.31]
	at org.apache.coyote.AbstractProtocol$ConnectionHandler.process(AbstractProtocol.java:905) ~[tomcat-embed-core-10.1.31.jar:10.1.31]
	at org.apache.tomcat.util.net.NioEndpoint$SocketProcessor.doRun(NioEndpoint.java:1741) ~[tomcat-embed-core-10.1.31.jar:10.1.31]
	at org.apache.tomcat.util.net.SocketProcessorBase.run(SocketProcessorBase.java:52) ~[tomcat-embed-core-10.1.31.jar:10.1.31]
	at org.apache.tomcat.util.threads.ThreadPoolExecutor.runWorker(ThreadPoolExecutor.java:1190) ~[tomcat-embed-core-10.1.31.jar:10.1.31]
	at org.apache.tomcat.util.threads.ThreadPoolExecutor$Worker.run(ThreadPoolExecutor.java:659) ~[tomcat-embed-core-10.1.31.jar:10.1.31]
	at org.apache.tomcat.util.threads.TaskThread$WrappingRunnable.run(TaskThread.java:63) ~[tomcat-embed-core-10.1.31.jar:10.1.31]
	at java.base/java.lang.Thread.run(Thread.java:842) ~[na:na]
15:04:41.322-[LAPTOP-FPFPK7D7][05dc794a08a14936bf12bdc5cca8ec54]--DEBUG 2172 --- [nio-8094-exec-7] c.t.a.m.ChatSessionMapper.selectList     : <==      Total: 24
15:04:44.895-[LAPTOP-FPFPK7D7][b240fabe49f846c9bcabb1e1a9451070]--DEBUG 2172 --- [nio-8094-exec-9] c.t.a.mapper.ChatSessionMapper.insert    : ==>  Preparing: INSERT INTO chat_session ( id, session_id, user_id, creater, updater ) VALUES ( ?, ?, ?, ?, ? )
15:04:44.896-[LAPTOP-FPFPK7D7][b240fabe49f846c9bcabb1e1a9451070]--DEBUG 2172 --- [nio-8094-exec-9] c.t.a.mapper.ChatSessionMapper.insert    : ==> Parameters: 1963860836673953793(Long), 94fe98d9c66b406195f767277535542b(String), 2(Long), 2(Long), 2(Long)
15:04:44.906-[LAPTOP-FPFPK7D7][b240fabe49f846c9bcabb1e1a9451070]--DEBUG 2172 --- [nio-8094-exec-9] c.t.a.mapper.ChatSessionMapper.insert    : <==    Updates: 1
15:04:44.912-[LAPTOP-FPFPK7D7][16f3df9906bf487597acfb5e53ecf89d]--DEBUG 2172 --- [nio-8094-exec-8] c.t.a.m.ChatSessionMapper.selectList     : ==>  Preparing: SELECT id,session_id,user_id,title,create_time,update_time,creater,updater FROM chat_session WHERE (user_id = ?) ORDER BY update_time DESC limit 30
15:04:44.913-[LAPTOP-FPFPK7D7][16f3df9906bf487597acfb5e53ecf89d]--DEBUG 2172 --- [nio-8094-exec-8] c.t.a.m.ChatSessionMapper.selectList     : ==> Parameters: 2(Long)
15:04:44.914-[LAPTOP-FPFPK7D7][fab7673ffc064223b460ff9447cf8328]--ERROR 2172 --- [nio-8094-exec-2] c.t.c.a.m.advice.CommonExceptionAdvice   : 参数异常 -> ServletException，No static resource chat/templates.
15:04:44.915-[LAPTOP-FPFPK7D7][fab7673ffc064223b460ff9447cf8328]--DEBUG 2172 --- [nio-8094-exec-2] c.t.c.a.m.advice.CommonExceptionAdvice   : 
org.springframework.web.servlet.resource.NoResourceFoundException: No static resource chat/templates.
	at org.springframework.web.servlet.resource.ResourceHttpRequestHandler.handleRequest(ResourceHttpRequestHandler.java:585) ~[spring-webmvc-6.1.14.jar:6.1.14]
	at org.springframework.web.servlet.mvc.HttpRequestHandlerAdapter.handle(HttpRequestHandlerAdapter.java:52) ~[spring-webmvc-6.1.14.jar:6.1.14]
	at org.springframework.web.servlet.DispatcherServlet.doDispatch(DispatcherServlet.java:1089) ~[spring-webmvc-6.1.14.jar:6.1.14]
	at org.springframework.web.servlet.DispatcherServlet.doService(DispatcherServlet.java:979) ~[spring-webmvc-6.1.14.jar:6.1.14]
	at org.springframework.web.servlet.FrameworkServlet.processRequest(FrameworkServlet.java:1014) ~[spring-webmvc-6.1.14.jar:6.1.14]
	at org.springframework.web.servlet.FrameworkServlet.doGet(FrameworkServlet.java:903) ~[spring-webmvc-6.1.14.jar:6.1.14]
	at jakarta.servlet.http.HttpServlet.service(HttpServlet.java:564) ~[tomcat-embed-core-10.1.31.jar:6.0]
	at org.springframework.web.servlet.FrameworkServlet.service(FrameworkServlet.java:885) ~[spring-webmvc-6.1.14.jar:6.1.14]
	at jakarta.servlet.http.HttpServlet.service(HttpServlet.java:658) ~[tomcat-embed-core-10.1.31.jar:6.0]
	at org.apache.catalina.core.ApplicationFilterChain.internalDoFilter(ApplicationFilterChain.java:195) ~[tomcat-embed-core-10.1.31.jar:10.1.31]
	at org.apache.catalina.core.ApplicationFilterChain.doFilter(ApplicationFilterChain.java:140) ~[tomcat-embed-core-10.1.31.jar:10.1.31]
	at org.apache.tomcat.websocket.server.WsFilter.doFilter(WsFilter.java:51) ~[tomcat-embed-websocket-10.1.31.jar:10.1.31]
	at org.apache.catalina.core.ApplicationFilterChain.internalDoFilter(ApplicationFilterChain.java:164) ~[tomcat-embed-core-10.1.31.jar:10.1.31]
	at org.apache.catalina.core.ApplicationFilterChain.doFilter(ApplicationFilterChain.java:140) ~[tomcat-embed-core-10.1.31.jar:10.1.31]
	at org.springframework.web.filter.RequestContextFilter.doFilterInternal(RequestContextFilter.java:100) ~[spring-web-6.1.14.jar:6.1.14]
	at org.springframework.web.filter.OncePerRequestFilter.doFilter(OncePerRequestFilter.java:116) ~[spring-web-6.1.14.jar:6.1.14]
	at org.apache.catalina.core.ApplicationFilterChain.internalDoFilter(ApplicationFilterChain.java:164) ~[tomcat-embed-core-10.1.31.jar:10.1.31]
	at org.apache.catalina.core.ApplicationFilterChain.doFilter(ApplicationFilterChain.java:140) ~[tomcat-embed-core-10.1.31.jar:10.1.31]
	at org.springframework.web.filter.FormContentFilter.doFilterInternal(FormContentFilter.java:93) ~[spring-web-6.1.14.jar:6.1.14]
	at org.springframework.web.filter.OncePerRequestFilter.doFilter(OncePerRequestFilter.java:116) ~[spring-web-6.1.14.jar:6.1.14]
	at org.apache.catalina.core.ApplicationFilterChain.internalDoFilter(ApplicationFilterChain.java:164) ~[tomcat-embed-core-10.1.31.jar:10.1.31]
	at org.apache.catalina.core.ApplicationFilterChain.doFilter(ApplicationFilterChain.java:140) ~[tomcat-embed-core-10.1.31.jar:10.1.31]
	at org.springframework.web.filter.CharacterEncodingFilter.doFilterInternal(CharacterEncodingFilter.java:201) ~[spring-web-6.1.14.jar:6.1.14]
	at org.springframework.web.filter.OncePerRequestFilter.doFilter(OncePerRequestFilter.java:116) ~[spring-web-6.1.14.jar:6.1.14]
	at org.apache.catalina.core.ApplicationFilterChain.internalDoFilter(ApplicationFilterChain.java:164) ~[tomcat-embed-core-10.1.31.jar:10.1.31]
	at org.apache.catalina.core.ApplicationFilterChain.doFilter(ApplicationFilterChain.java:140) ~[tomcat-embed-core-10.1.31.jar:10.1.31]
	at com.tianji.common.filters.RequestIdFilter.doFilter(RequestIdFilter.java:27) ~[classes/:na]
	at org.apache.catalina.core.ApplicationFilterChain.internalDoFilter(ApplicationFilterChain.java:164) ~[tomcat-embed-core-10.1.31.jar:10.1.31]
	at org.apache.catalina.core.ApplicationFilterChain.doFilter(ApplicationFilterChain.java:140) ~[tomcat-embed-core-10.1.31.jar:10.1.31]
	at org.apache.catalina.core.StandardWrapperValve.invoke(StandardWrapperValve.java:167) ~[tomcat-embed-core-10.1.31.jar:10.1.31]
	at org.apache.catalina.core.StandardContextValve.invoke(StandardContextValve.java:90) ~[tomcat-embed-core-10.1.31.jar:10.1.31]
	at org.apache.catalina.authenticator.AuthenticatorBase.invoke(AuthenticatorBase.java:483) ~[tomcat-embed-core-10.1.31.jar:10.1.31]
	at org.apache.catalina.core.StandardHostValve.invoke(StandardHostValve.java:115) ~[tomcat-embed-core-10.1.31.jar:10.1.31]
	at org.apache.catalina.valves.ErrorReportValve.invoke(ErrorReportValve.java:93) ~[tomcat-embed-core-10.1.31.jar:10.1.31]
	at org.apache.catalina.core.StandardEngineValve.invoke(StandardEngineValve.java:74) ~[tomcat-embed-core-10.1.31.jar:10.1.31]
	at org.apache.catalina.connector.CoyoteAdapter.service(CoyoteAdapter.java:344) ~[tomcat-embed-core-10.1.31.jar:10.1.31]
	at org.apache.coyote.http11.Http11Processor.service(Http11Processor.java:384) ~[tomcat-embed-core-10.1.31.jar:10.1.31]
	at org.apache.coyote.AbstractProcessorLight.process(AbstractProcessorLight.java:63) ~[tomcat-embed-core-10.1.31.jar:10.1.31]
	at org.apache.coyote.AbstractProtocol$ConnectionHandler.process(AbstractProtocol.java:905) ~[tomcat-embed-core-10.1.31.jar:10.1.31]
	at org.apache.tomcat.util.net.NioEndpoint$SocketProcessor.doRun(NioEndpoint.java:1741) ~[tomcat-embed-core-10.1.31.jar:10.1.31]
	at org.apache.tomcat.util.net.SocketProcessorBase.run(SocketProcessorBase.java:52) ~[tomcat-embed-core-10.1.31.jar:10.1.31]
	at org.apache.tomcat.util.threads.ThreadPoolExecutor.runWorker(ThreadPoolExecutor.java:1190) ~[tomcat-embed-core-10.1.31.jar:10.1.31]
	at org.apache.tomcat.util.threads.ThreadPoolExecutor$Worker.run(ThreadPoolExecutor.java:659) ~[tomcat-embed-core-10.1.31.jar:10.1.31]
	at org.apache.tomcat.util.threads.TaskThread$WrappingRunnable.run(TaskThread.java:63) ~[tomcat-embed-core-10.1.31.jar:10.1.31]
	at java.base/java.lang.Thread.run(Thread.java:842) ~[na:na]
15:04:44.918-[LAPTOP-FPFPK7D7][16f3df9906bf487597acfb5e53ecf89d]--DEBUG 2172 --- [nio-8094-exec-8] c.t.a.m.ChatSessionMapper.selectList     : <==      Total: 25
15:04:57.684-[LAPTOP-FPFPK7D7][d72bc69a5fdc48319e0b3f8d3937ace6]--DEBUG 2172 --- [io-8094-exec-10] c.t.a.m.ChatSessionMapper.selectList     : ==>  Preparing: SELECT id,session_id,user_id,title,create_time,update_time,creater,updater FROM chat_session WHERE (user_id = ?) ORDER BY update_time DESC limit 30
15:04:57.684-[LAPTOP-FPFPK7D7][f103101552f14e0d8acd1512fa749d13]--DEBUG 2172 --- [nio-8094-exec-5] c.t.a.mapper.ChatSessionMapper.insert    : ==>  Preparing: INSERT INTO chat_session ( id, session_id, user_id, creater, updater ) VALUES ( ?, ?, ?, ?, ? )
15:04:57.684-[LAPTOP-FPFPK7D7][b5e578edc27a4fbb887bef143908c852]--ERROR 2172 --- [nio-8094-exec-1] c.t.c.a.m.advice.CommonExceptionAdvice   : 参数异常 -> ServletException，No static resource chat/templates.
15:04:57.684-[LAPTOP-FPFPK7D7][d72bc69a5fdc48319e0b3f8d3937ace6]--DEBUG 2172 --- [io-8094-exec-10] c.t.a.m.ChatSessionMapper.selectList     : ==> Parameters: 2(Long)
15:04:57.686-[LAPTOP-FPFPK7D7][f103101552f14e0d8acd1512fa749d13]--DEBUG 2172 --- [nio-8094-exec-5] c.t.a.mapper.ChatSessionMapper.insert    : ==> Parameters: 1963860890327490562(Long), d6997aba35584f079520c67dca76196c(String), 2(Long), 2(Long), 2(Long)
15:04:57.684-[LAPTOP-FPFPK7D7][b5e578edc27a4fbb887bef143908c852]--DEBUG 2172 --- [nio-8094-exec-1] c.t.c.a.m.advice.CommonExceptionAdvice   : 
org.springframework.web.servlet.resource.NoResourceFoundException: No static resource chat/templates.
	at org.springframework.web.servlet.resource.ResourceHttpRequestHandler.handleRequest(ResourceHttpRequestHandler.java:585) ~[spring-webmvc-6.1.14.jar:6.1.14]
	at org.springframework.web.servlet.mvc.HttpRequestHandlerAdapter.handle(HttpRequestHandlerAdapter.java:52) ~[spring-webmvc-6.1.14.jar:6.1.14]
	at org.springframework.web.servlet.DispatcherServlet.doDispatch(DispatcherServlet.java:1089) ~[spring-webmvc-6.1.14.jar:6.1.14]
	at org.springframework.web.servlet.DispatcherServlet.doService(DispatcherServlet.java:979) ~[spring-webmvc-6.1.14.jar:6.1.14]
	at org.springframework.web.servlet.FrameworkServlet.processRequest(FrameworkServlet.java:1014) ~[spring-webmvc-6.1.14.jar:6.1.14]
	at org.springframework.web.servlet.FrameworkServlet.doGet(FrameworkServlet.java:903) ~[spring-webmvc-6.1.14.jar:6.1.14]
	at jakarta.servlet.http.HttpServlet.service(HttpServlet.java:564) ~[tomcat-embed-core-10.1.31.jar:6.0]
	at org.springframework.web.servlet.FrameworkServlet.service(FrameworkServlet.java:885) ~[spring-webmvc-6.1.14.jar:6.1.14]
	at jakarta.servlet.http.HttpServlet.service(HttpServlet.java:658) ~[tomcat-embed-core-10.1.31.jar:6.0]
	at org.apache.catalina.core.ApplicationFilterChain.internalDoFilter(ApplicationFilterChain.java:195) ~[tomcat-embed-core-10.1.31.jar:10.1.31]
	at org.apache.catalina.core.ApplicationFilterChain.doFilter(ApplicationFilterChain.java:140) ~[tomcat-embed-core-10.1.31.jar:10.1.31]
	at org.apache.tomcat.websocket.server.WsFilter.doFilter(WsFilter.java:51) ~[tomcat-embed-websocket-10.1.31.jar:10.1.31]
	at org.apache.catalina.core.ApplicationFilterChain.internalDoFilter(ApplicationFilterChain.java:164) ~[tomcat-embed-core-10.1.31.jar:10.1.31]
	at org.apache.catalina.core.ApplicationFilterChain.doFilter(ApplicationFilterChain.java:140) ~[tomcat-embed-core-10.1.31.jar:10.1.31]
	at org.springframework.web.filter.RequestContextFilter.doFilterInternal(RequestContextFilter.java:100) ~[spring-web-6.1.14.jar:6.1.14]
	at org.springframework.web.filter.OncePerRequestFilter.doFilter(OncePerRequestFilter.java:116) ~[spring-web-6.1.14.jar:6.1.14]
	at org.apache.catalina.core.ApplicationFilterChain.internalDoFilter(ApplicationFilterChain.java:164) ~[tomcat-embed-core-10.1.31.jar:10.1.31]
	at org.apache.catalina.core.ApplicationFilterChain.doFilter(ApplicationFilterChain.java:140) ~[tomcat-embed-core-10.1.31.jar:10.1.31]
	at org.springframework.web.filter.FormContentFilter.doFilterInternal(FormContentFilter.java:93) ~[spring-web-6.1.14.jar:6.1.14]
	at org.springframework.web.filter.OncePerRequestFilter.doFilter(OncePerRequestFilter.java:116) ~[spring-web-6.1.14.jar:6.1.14]
	at org.apache.catalina.core.ApplicationFilterChain.internalDoFilter(ApplicationFilterChain.java:164) ~[tomcat-embed-core-10.1.31.jar:10.1.31]
	at org.apache.catalina.core.ApplicationFilterChain.doFilter(ApplicationFilterChain.java:140) ~[tomcat-embed-core-10.1.31.jar:10.1.31]
	at org.springframework.web.filter.CharacterEncodingFilter.doFilterInternal(CharacterEncodingFilter.java:201) ~[spring-web-6.1.14.jar:6.1.14]
	at org.springframework.web.filter.OncePerRequestFilter.doFilter(OncePerRequestFilter.java:116) ~[spring-web-6.1.14.jar:6.1.14]
	at org.apache.catalina.core.ApplicationFilterChain.internalDoFilter(ApplicationFilterChain.java:164) ~[tomcat-embed-core-10.1.31.jar:10.1.31]
	at org.apache.catalina.core.ApplicationFilterChain.doFilter(ApplicationFilterChain.java:140) ~[tomcat-embed-core-10.1.31.jar:10.1.31]
	at com.tianji.common.filters.RequestIdFilter.doFilter(RequestIdFilter.java:27) ~[classes/:na]
	at org.apache.catalina.core.ApplicationFilterChain.internalDoFilter(ApplicationFilterChain.java:164) ~[tomcat-embed-core-10.1.31.jar:10.1.31]
	at org.apache.catalina.core.ApplicationFilterChain.doFilter(ApplicationFilterChain.java:140) ~[tomcat-embed-core-10.1.31.jar:10.1.31]
	at org.apache.catalina.core.StandardWrapperValve.invoke(StandardWrapperValve.java:167) ~[tomcat-embed-core-10.1.31.jar:10.1.31]
	at org.apache.catalina.core.StandardContextValve.invoke(StandardContextValve.java:90) ~[tomcat-embed-core-10.1.31.jar:10.1.31]
	at org.apache.catalina.authenticator.AuthenticatorBase.invoke(AuthenticatorBase.java:483) ~[tomcat-embed-core-10.1.31.jar:10.1.31]
	at org.apache.catalina.core.StandardHostValve.invoke(StandardHostValve.java:115) ~[tomcat-embed-core-10.1.31.jar:10.1.31]
	at org.apache.catalina.valves.ErrorReportValve.invoke(ErrorReportValve.java:93) ~[tomcat-embed-core-10.1.31.jar:10.1.31]
	at org.apache.catalina.core.StandardEngineValve.invoke(StandardEngineValve.java:74) ~[tomcat-embed-core-10.1.31.jar:10.1.31]
	at org.apache.catalina.connector.CoyoteAdapter.service(CoyoteAdapter.java:344) ~[tomcat-embed-core-10.1.31.jar:10.1.31]
	at org.apache.coyote.http11.Http11Processor.service(Http11Processor.java:384) ~[tomcat-embed-core-10.1.31.jar:10.1.31]
	at org.apache.coyote.AbstractProcessorLight.process(AbstractProcessorLight.java:63) ~[tomcat-embed-core-10.1.31.jar:10.1.31]
	at org.apache.coyote.AbstractProtocol$ConnectionHandler.process(AbstractProtocol.java:905) ~[tomcat-embed-core-10.1.31.jar:10.1.31]
	at org.apache.tomcat.util.net.NioEndpoint$SocketProcessor.doRun(NioEndpoint.java:1741) ~[tomcat-embed-core-10.1.31.jar:10.1.31]
	at org.apache.tomcat.util.net.SocketProcessorBase.run(SocketProcessorBase.java:52) ~[tomcat-embed-core-10.1.31.jar:10.1.31]
	at org.apache.tomcat.util.threads.ThreadPoolExecutor.runWorker(ThreadPoolExecutor.java:1190) ~[tomcat-embed-core-10.1.31.jar:10.1.31]
	at org.apache.tomcat.util.threads.ThreadPoolExecutor$Worker.run(ThreadPoolExecutor.java:659) ~[tomcat-embed-core-10.1.31.jar:10.1.31]
	at org.apache.tomcat.util.threads.TaskThread$WrappingRunnable.run(TaskThread.java:63) ~[tomcat-embed-core-10.1.31.jar:10.1.31]
	at java.base/java.lang.Thread.run(Thread.java:842) ~[na:na]
15:04:57.687-[LAPTOP-FPFPK7D7][d72bc69a5fdc48319e0b3f8d3937ace6]--DEBUG 2172 --- [io-8094-exec-10] c.t.a.m.ChatSessionMapper.selectList     : <==      Total: 25
15:04:57.694-[LAPTOP-FPFPK7D7][f103101552f14e0d8acd1512fa749d13]--DEBUG 2172 --- [nio-8094-exec-5] c.t.a.mapper.ChatSessionMapper.insert    : <==    Updates: 1
15:05:26.726-[LAPTOP-FPFPK7D7][dab83eb3e8a8439190dad328e3401e3c]--DEBUG 2172 --- [nio-8094-exec-4] c.t.a.mapper.ChatSessionMapper.insert    : ==>  Preparing: INSERT INTO chat_session ( id, session_id, user_id, creater, updater ) VALUES ( ?, ?, ?, ?, ? )
15:05:26.727-[LAPTOP-FPFPK7D7][dab83eb3e8a8439190dad328e3401e3c]--DEBUG 2172 --- [nio-8094-exec-4] c.t.a.mapper.ChatSessionMapper.insert    : ==> Parameters: 1963861012138467330(Long), 9d06fade53f54528a67cd893d898637e(String), 2(Long), 2(Long), 2(Long)
15:05:26.728-[LAPTOP-FPFPK7D7][6d6579f241a64607a3a5de93859676bb]--DEBUG 2172 --- [nio-8094-exec-9] c.t.a.m.ChatSessionMapper.selectList     : ==>  Preparing: SELECT id,session_id,user_id,title,create_time,update_time,creater,updater FROM chat_session WHERE (user_id = ?) ORDER BY update_time DESC limit 30
15:05:26.729-[LAPTOP-FPFPK7D7][6d6579f241a64607a3a5de93859676bb]--DEBUG 2172 --- [nio-8094-exec-9] c.t.a.m.ChatSessionMapper.selectList     : ==> Parameters: 2(Long)
15:05:26.729-[LAPTOP-FPFPK7D7][a7adcbd99e6f46169c43951bdea6265d]--ERROR 2172 --- [nio-8094-exec-3] c.t.c.a.m.advice.CommonExceptionAdvice   : 参数异常 -> ServletException，No static resource chat/templates.
15:05:26.729-[LAPTOP-FPFPK7D7][a7adcbd99e6f46169c43951bdea6265d]--DEBUG 2172 --- [nio-8094-exec-3] c.t.c.a.m.advice.CommonExceptionAdvice   : 
org.springframework.web.servlet.resource.NoResourceFoundException: No static resource chat/templates.
	at org.springframework.web.servlet.resource.ResourceHttpRequestHandler.handleRequest(ResourceHttpRequestHandler.java:585) ~[spring-webmvc-6.1.14.jar:6.1.14]
	at org.springframework.web.servlet.mvc.HttpRequestHandlerAdapter.handle(HttpRequestHandlerAdapter.java:52) ~[spring-webmvc-6.1.14.jar:6.1.14]
	at org.springframework.web.servlet.DispatcherServlet.doDispatch(DispatcherServlet.java:1089) ~[spring-webmvc-6.1.14.jar:6.1.14]
	at org.springframework.web.servlet.DispatcherServlet.doService(DispatcherServlet.java:979) ~[spring-webmvc-6.1.14.jar:6.1.14]
	at org.springframework.web.servlet.FrameworkServlet.processRequest(FrameworkServlet.java:1014) ~[spring-webmvc-6.1.14.jar:6.1.14]
	at org.springframework.web.servlet.FrameworkServlet.doGet(FrameworkServlet.java:903) ~[spring-webmvc-6.1.14.jar:6.1.14]
	at jakarta.servlet.http.HttpServlet.service(HttpServlet.java:564) ~[tomcat-embed-core-10.1.31.jar:6.0]
	at org.springframework.web.servlet.FrameworkServlet.service(FrameworkServlet.java:885) ~[spring-webmvc-6.1.14.jar:6.1.14]
	at jakarta.servlet.http.HttpServlet.service(HttpServlet.java:658) ~[tomcat-embed-core-10.1.31.jar:6.0]
	at org.apache.catalina.core.ApplicationFilterChain.internalDoFilter(ApplicationFilterChain.java:195) ~[tomcat-embed-core-10.1.31.jar:10.1.31]
	at org.apache.catalina.core.ApplicationFilterChain.doFilter(ApplicationFilterChain.java:140) ~[tomcat-embed-core-10.1.31.jar:10.1.31]
	at org.apache.tomcat.websocket.server.WsFilter.doFilter(WsFilter.java:51) ~[tomcat-embed-websocket-10.1.31.jar:10.1.31]
	at org.apache.catalina.core.ApplicationFilterChain.internalDoFilter(ApplicationFilterChain.java:164) ~[tomcat-embed-core-10.1.31.jar:10.1.31]
	at org.apache.catalina.core.ApplicationFilterChain.doFilter(ApplicationFilterChain.java:140) ~[tomcat-embed-core-10.1.31.jar:10.1.31]
	at org.springframework.web.filter.RequestContextFilter.doFilterInternal(RequestContextFilter.java:100) ~[spring-web-6.1.14.jar:6.1.14]
	at org.springframework.web.filter.OncePerRequestFilter.doFilter(OncePerRequestFilter.java:116) ~[spring-web-6.1.14.jar:6.1.14]
	at org.apache.catalina.core.ApplicationFilterChain.internalDoFilter(ApplicationFilterChain.java:164) ~[tomcat-embed-core-10.1.31.jar:10.1.31]
	at org.apache.catalina.core.ApplicationFilterChain.doFilter(ApplicationFilterChain.java:140) ~[tomcat-embed-core-10.1.31.jar:10.1.31]
	at org.springframework.web.filter.FormContentFilter.doFilterInternal(FormContentFilter.java:93) ~[spring-web-6.1.14.jar:6.1.14]
	at org.springframework.web.filter.OncePerRequestFilter.doFilter(OncePerRequestFilter.java:116) ~[spring-web-6.1.14.jar:6.1.14]
	at org.apache.catalina.core.ApplicationFilterChain.internalDoFilter(ApplicationFilterChain.java:164) ~[tomcat-embed-core-10.1.31.jar:10.1.31]
	at org.apache.catalina.core.ApplicationFilterChain.doFilter(ApplicationFilterChain.java:140) ~[tomcat-embed-core-10.1.31.jar:10.1.31]
	at org.springframework.web.filter.CharacterEncodingFilter.doFilterInternal(CharacterEncodingFilter.java:201) ~[spring-web-6.1.14.jar:6.1.14]
	at org.springframework.web.filter.OncePerRequestFilter.doFilter(OncePerRequestFilter.java:116) ~[spring-web-6.1.14.jar:6.1.14]
	at org.apache.catalina.core.ApplicationFilterChain.internalDoFilter(ApplicationFilterChain.java:164) ~[tomcat-embed-core-10.1.31.jar:10.1.31]
	at org.apache.catalina.core.ApplicationFilterChain.doFilter(ApplicationFilterChain.java:140) ~[tomcat-embed-core-10.1.31.jar:10.1.31]
	at com.tianji.common.filters.RequestIdFilter.doFilter(RequestIdFilter.java:27) ~[classes/:na]
	at org.apache.catalina.core.ApplicationFilterChain.internalDoFilter(ApplicationFilterChain.java:164) ~[tomcat-embed-core-10.1.31.jar:10.1.31]
	at org.apache.catalina.core.ApplicationFilterChain.doFilter(ApplicationFilterChain.java:140) ~[tomcat-embed-core-10.1.31.jar:10.1.31]
	at org.apache.catalina.core.StandardWrapperValve.invoke(StandardWrapperValve.java:167) ~[tomcat-embed-core-10.1.31.jar:10.1.31]
	at org.apache.catalina.core.StandardContextValve.invoke(StandardContextValve.java:90) ~[tomcat-embed-core-10.1.31.jar:10.1.31]
	at org.apache.catalina.authenticator.AuthenticatorBase.invoke(AuthenticatorBase.java:483) ~[tomcat-embed-core-10.1.31.jar:10.1.31]
	at org.apache.catalina.core.StandardHostValve.invoke(StandardHostValve.java:115) ~[tomcat-embed-core-10.1.31.jar:10.1.31]
	at org.apache.catalina.valves.ErrorReportValve.invoke(ErrorReportValve.java:93) ~[tomcat-embed-core-10.1.31.jar:10.1.31]
	at org.apache.catalina.core.StandardEngineValve.invoke(StandardEngineValve.java:74) ~[tomcat-embed-core-10.1.31.jar:10.1.31]
	at org.apache.catalina.connector.CoyoteAdapter.service(CoyoteAdapter.java:344) ~[tomcat-embed-core-10.1.31.jar:10.1.31]
	at org.apache.coyote.http11.Http11Processor.service(Http11Processor.java:384) ~[tomcat-embed-core-10.1.31.jar:10.1.31]
	at org.apache.coyote.AbstractProcessorLight.process(AbstractProcessorLight.java:63) ~[tomcat-embed-core-10.1.31.jar:10.1.31]
	at org.apache.coyote.AbstractProtocol$ConnectionHandler.process(AbstractProtocol.java:905) ~[tomcat-embed-core-10.1.31.jar:10.1.31]
	at org.apache.tomcat.util.net.NioEndpoint$SocketProcessor.doRun(NioEndpoint.java:1741) ~[tomcat-embed-core-10.1.31.jar:10.1.31]
	at org.apache.tomcat.util.net.SocketProcessorBase.run(SocketProcessorBase.java:52) ~[tomcat-embed-core-10.1.31.jar:10.1.31]
	at org.apache.tomcat.util.threads.ThreadPoolExecutor.runWorker(ThreadPoolExecutor.java:1190) ~[tomcat-embed-core-10.1.31.jar:10.1.31]
	at org.apache.tomcat.util.threads.ThreadPoolExecutor$Worker.run(ThreadPoolExecutor.java:659) ~[tomcat-embed-core-10.1.31.jar:10.1.31]
	at org.apache.tomcat.util.threads.TaskThread$WrappingRunnable.run(TaskThread.java:63) ~[tomcat-embed-core-10.1.31.jar:10.1.31]
	at java.base/java.lang.Thread.run(Thread.java:842) ~[na:na]
15:05:26.733-[LAPTOP-FPFPK7D7][dab83eb3e8a8439190dad328e3401e3c]--DEBUG 2172 --- [nio-8094-exec-4] c.t.a.mapper.ChatSessionMapper.insert    : <==    Updates: 1
15:05:26.734-[LAPTOP-FPFPK7D7][6d6579f241a64607a3a5de93859676bb]--DEBUG 2172 --- [nio-8094-exec-9] c.t.a.m.ChatSessionMapper.selectList     : <==      Total: 26
15:05:30.031-[LAPTOP-FPFPK7D7][cd14d7cded32464c828e15c74b819f31]--ERROR 2172 --- [nio-8094-exec-2] c.t.c.a.m.advice.CommonExceptionAdvice   : 参数异常 -> ServletException，No static resource chat/templates.
15:05:30.031-[LAPTOP-FPFPK7D7][cd14d7cded32464c828e15c74b819f31]--DEBUG 2172 --- [nio-8094-exec-2] c.t.c.a.m.advice.CommonExceptionAdvice   : 
org.springframework.web.servlet.resource.NoResourceFoundException: No static resource chat/templates.
	at org.springframework.web.servlet.resource.ResourceHttpRequestHandler.handleRequest(ResourceHttpRequestHandler.java:585) ~[spring-webmvc-6.1.14.jar:6.1.14]
	at org.springframework.web.servlet.mvc.HttpRequestHandlerAdapter.handle(HttpRequestHandlerAdapter.java:52) ~[spring-webmvc-6.1.14.jar:6.1.14]
	at org.springframework.web.servlet.DispatcherServlet.doDispatch(DispatcherServlet.java:1089) ~[spring-webmvc-6.1.14.jar:6.1.14]
	at org.springframework.web.servlet.DispatcherServlet.doService(DispatcherServlet.java:979) ~[spring-webmvc-6.1.14.jar:6.1.14]
	at org.springframework.web.servlet.FrameworkServlet.processRequest(FrameworkServlet.java:1014) ~[spring-webmvc-6.1.14.jar:6.1.14]
	at org.springframework.web.servlet.FrameworkServlet.doGet(FrameworkServlet.java:903) ~[spring-webmvc-6.1.14.jar:6.1.14]
	at jakarta.servlet.http.HttpServlet.service(HttpServlet.java:564) ~[tomcat-embed-core-10.1.31.jar:6.0]
	at org.springframework.web.servlet.FrameworkServlet.service(FrameworkServlet.java:885) ~[spring-webmvc-6.1.14.jar:6.1.14]
	at jakarta.servlet.http.HttpServlet.service(HttpServlet.java:658) ~[tomcat-embed-core-10.1.31.jar:6.0]
	at org.apache.catalina.core.ApplicationFilterChain.internalDoFilter(ApplicationFilterChain.java:195) ~[tomcat-embed-core-10.1.31.jar:10.1.31]
	at org.apache.catalina.core.ApplicationFilterChain.doFilter(ApplicationFilterChain.java:140) ~[tomcat-embed-core-10.1.31.jar:10.1.31]
	at org.apache.tomcat.websocket.server.WsFilter.doFilter(WsFilter.java:51) ~[tomcat-embed-websocket-10.1.31.jar:10.1.31]
	at org.apache.catalina.core.ApplicationFilterChain.internalDoFilter(ApplicationFilterChain.java:164) ~[tomcat-embed-core-10.1.31.jar:10.1.31]
	at org.apache.catalina.core.ApplicationFilterChain.doFilter(ApplicationFilterChain.java:140) ~[tomcat-embed-core-10.1.31.jar:10.1.31]
	at org.springframework.web.filter.RequestContextFilter.doFilterInternal(RequestContextFilter.java:100) ~[spring-web-6.1.14.jar:6.1.14]
	at org.springframework.web.filter.OncePerRequestFilter.doFilter(OncePerRequestFilter.java:116) ~[spring-web-6.1.14.jar:6.1.14]
	at org.apache.catalina.core.ApplicationFilterChain.internalDoFilter(ApplicationFilterChain.java:164) ~[tomcat-embed-core-10.1.31.jar:10.1.31]
	at org.apache.catalina.core.ApplicationFilterChain.doFilter(ApplicationFilterChain.java:140) ~[tomcat-embed-core-10.1.31.jar:10.1.31]
	at org.springframework.web.filter.FormContentFilter.doFilterInternal(FormContentFilter.java:93) ~[spring-web-6.1.14.jar:6.1.14]
	at org.springframework.web.filter.OncePerRequestFilter.doFilter(OncePerRequestFilter.java:116) ~[spring-web-6.1.14.jar:6.1.14]
	at org.apache.catalina.core.ApplicationFilterChain.internalDoFilter(ApplicationFilterChain.java:164) ~[tomcat-embed-core-10.1.31.jar:10.1.31]
	at org.apache.catalina.core.ApplicationFilterChain.doFilter(ApplicationFilterChain.java:140) ~[tomcat-embed-core-10.1.31.jar:10.1.31]
	at org.springframework.web.filter.CharacterEncodingFilter.doFilterInternal(CharacterEncodingFilter.java:201) ~[spring-web-6.1.14.jar:6.1.14]
	at org.springframework.web.filter.OncePerRequestFilter.doFilter(OncePerRequestFilter.java:116) ~[spring-web-6.1.14.jar:6.1.14]
	at org.apache.catalina.core.ApplicationFilterChain.internalDoFilter(ApplicationFilterChain.java:164) ~[tomcat-embed-core-10.1.31.jar:10.1.31]
	at org.apache.catalina.core.ApplicationFilterChain.doFilter(ApplicationFilterChain.java:140) ~[tomcat-embed-core-10.1.31.jar:10.1.31]
	at com.tianji.common.filters.RequestIdFilter.doFilter(RequestIdFilter.java:27) ~[classes/:na]
	at org.apache.catalina.core.ApplicationFilterChain.internalDoFilter(ApplicationFilterChain.java:164) ~[tomcat-embed-core-10.1.31.jar:10.1.31]
	at org.apache.catalina.core.ApplicationFilterChain.doFilter(ApplicationFilterChain.java:140) ~[tomcat-embed-core-10.1.31.jar:10.1.31]
	at org.apache.catalina.core.StandardWrapperValve.invoke(StandardWrapperValve.java:167) ~[tomcat-embed-core-10.1.31.jar:10.1.31]
	at org.apache.catalina.core.StandardContextValve.invoke(StandardContextValve.java:90) ~[tomcat-embed-core-10.1.31.jar:10.1.31]
	at org.apache.catalina.authenticator.AuthenticatorBase.invoke(AuthenticatorBase.java:483) ~[tomcat-embed-core-10.1.31.jar:10.1.31]
	at org.apache.catalina.core.StandardHostValve.invoke(StandardHostValve.java:115) ~[tomcat-embed-core-10.1.31.jar:10.1.31]
	at org.apache.catalina.valves.ErrorReportValve.invoke(ErrorReportValve.java:93) ~[tomcat-embed-core-10.1.31.jar:10.1.31]
	at org.apache.catalina.core.StandardEngineValve.invoke(StandardEngineValve.java:74) ~[tomcat-embed-core-10.1.31.jar:10.1.31]
	at org.apache.catalina.connector.CoyoteAdapter.service(CoyoteAdapter.java:344) ~[tomcat-embed-core-10.1.31.jar:10.1.31]
	at org.apache.coyote.http11.Http11Processor.service(Http11Processor.java:384) ~[tomcat-embed-core-10.1.31.jar:10.1.31]
	at org.apache.coyote.AbstractProcessorLight.process(AbstractProcessorLight.java:63) ~[tomcat-embed-core-10.1.31.jar:10.1.31]
	at org.apache.coyote.AbstractProtocol$ConnectionHandler.process(AbstractProtocol.java:905) ~[tomcat-embed-core-10.1.31.jar:10.1.31]
	at org.apache.tomcat.util.net.NioEndpoint$SocketProcessor.doRun(NioEndpoint.java:1741) ~[tomcat-embed-core-10.1.31.jar:10.1.31]
	at org.apache.tomcat.util.net.SocketProcessorBase.run(SocketProcessorBase.java:52) ~[tomcat-embed-core-10.1.31.jar:10.1.31]
	at org.apache.tomcat.util.threads.ThreadPoolExecutor.runWorker(ThreadPoolExecutor.java:1190) ~[tomcat-embed-core-10.1.31.jar:10.1.31]
	at org.apache.tomcat.util.threads.ThreadPoolExecutor$Worker.run(ThreadPoolExecutor.java:659) ~[tomcat-embed-core-10.1.31.jar:10.1.31]
	at org.apache.tomcat.util.threads.TaskThread$WrappingRunnable.run(TaskThread.java:63) ~[tomcat-embed-core-10.1.31.jar:10.1.31]
	at java.base/java.lang.Thread.run(Thread.java:842) ~[na:na]
15:07:11.692-[LAPTOP-FPFPK7D7][sys]--DEBUG 2172 --- [nio-8094-exec-5] o.s.a.c.c.advisor.SimpleLoggerAdvisor    : request: AdvisedRequest[chatModel=com.alibaba.cloud.ai.dashscope.chat.DashScopeChatModel@280d0ec8, userText=请从专业角度回答用户提问：
1. 提问的标题是：Java高级
2. 提问的问题描述是：MySQL中又哪些性能优化方案
, systemText=角色
你是一名非常出色的IT行业的内容创作者，你的任务是负责内容的帮写、续写、润色和精简。你的目标是帮助学员完成内容的创作，确保内容的合理性。

技能
技能 1: 内容帮写
1. 基于用户提供的主题/关键词，智能生成完整的文案内容，帮助用户快速搭建内容框架。

技能 2: 内容续写
1. 在用户已有文本基础上，自动延续写作思路生成后续内容，保持上下文逻辑连贯性。

技能 3: 内容润色
1. 对现有文本进行语言优化，包括调整句式结构、替换精准词汇、统一行文风格等

技能 4: 内容精简
1. 通过语义分析智能提炼核心信息，删除冗余表达，将长文本压缩为简洁版本

限制:
- AI创作必须严格遵循法律法规和伦理准则，禁止生成危害国家安全、宣扬恐怖极端思想、传播虚假谣言、侵犯他人隐私及知识产权的内容，不得涉及暴力色情、种族宗教歧视、历史虚无主义等违背公序良俗的表述，同时要特别注意避免教唆犯罪、诱导危险行为、损害未成年人身心健康，并在医疗、金融、新闻等专业领域确保内容真实性和安全性，始终以社会主义核心价值观为框架，履行技术向善的社会责任
, chatOptions=DashScopeChatOptions: {"model":"qwen-plus","temperature":0.8,"enable_search":false,"incremental_output":true,"multi_model":false}, media=[], functionNames=[], functionCallbacks=[MethodToolCallback{toolDefinition=DefaultToolDefinition[name=queryCourseById, description=根据课程ID查询课程详情, inputSchema={
  "$schema" : "https://json-schema.org/draft/2020-12/schema",
  "type" : "object",
  "properties" : {
    "id" : {
      "type" : "integer",
      "format" : "int64",
      "description" : "课程ID"
    },
    "toolContext" : {
      "type" : "object",
      "properties" : {
        "context" : {
          "type" : "object"
        }
      },
      "required" : [ "context" ]
    }
  },
  "required" : [ "id", "toolContext" ],
  "additionalProperties" : false
}], toolMetadata=DefaultToolMetadata[returnDirect=false]}, MethodToolCallback{toolDefinition=DefaultToolDefinition[name=prePlaceOrder, description=根据课程ID下单, inputSchema={
  "$schema" : "https://json-schema.org/draft/2020-12/schema",
  "type" : "object",
  "properties" : {
    "courseId" : {
      "type" : "integer",
      "format" : "int64",
      "description" : "课程ID"
    },
    "toolContext" : {
      "type" : "object",
      "properties" : {
        "context" : {
          "type" : "object"
        }
      },
      "required" : [ "context" ]
    }
  },
  "required" : [ "courseId", "toolContext" ],
  "additionalProperties" : false
}], toolMetadata=DefaultToolMetadata[returnDirect=false]}], messages=[AssistantMessage [messageType=ASSISTANT, toolCalls=[], textContent=Java 是一种广泛使用的高级编程语言，由 Sun 公司（现为 Oracle 旗下公司）于 1995 年正式发布。它的设计目标是实现“一次编写，到处运行”（Write Once, Run Anywhere）的理念，这意味着 Java 程序可以在任何支持 Java 虚拟机（JVM）的设备上运行，而无需重新编译。

Java 的特点包括：

1. **面向对象**：Java 是一种面向对象的编程语言，支持封装、继承、多态等特性，帮助开发者构建模块化、可复用的代码。

2. **平台无关性**：通过 JVM（Java 虚拟机）实现跨平台运行。Java 源代码会被编译为字节码，然后在 JVM 上运行，这使得 Java 应用可以在不同操作系统上无缝运行。

3. **自动内存管理**：Java 提供了垃圾回收机制（Garbage Collection, GC），自动管理内存分配和释放，减少了内存泄漏和指针错误的风险。

4. **多线程支持**：Java 内建支持多线程编程，允许开发者编写高效的并发程序，提高应用程序的性能和响应能力。

5. **丰富的类库**：Java 提供了大量的标准类库（Java Standard Edition, SE），涵盖了从数据结构、网络通信到图形界面等多个领域，极大提高了开发效率。

6. **安全性**：Java 在设计时充分考虑了安全性，提供了安全管理机制，防止恶意代码对系统造成破坏。

Java 的应用场景非常广泛，包括：

- **企业级应用开发**：Java 在大型企业系统中被广泛使用，尤其是基于 Java EE（企业版）的后端开发。
- **移动应用开发**：Android 应用主要使用 Java 或 Kotlin（Kotlin 与 Java 兼容）进行开发。
- **Web 应用开发**：Java 可用于构建动态网站和 Web 服务，常用框架包括 Spring、Hibernate 等。
- **大数据处理**：许多大数据技术如 Hadoop 和 Spark 都是基于 Java 或其生态系统构建的。
- **云计算与微服务架构**：Java 在构建分布式系统和微服务架构中也非常流行，Spring Cloud 等框架提供了强大的支持。

总之，Java 凭借其稳定性、可扩展性和跨平台特性，成为了当今最流行的编程语言之一，适用于各种类型的软件开发项目。, metadata={finishReason=STOP, role=ASSISTANT, id=f885b9b9-e1a6-401d-b782-16fd9e700386, messageType=ASSISTANT, reasoningContent=}], UserMessage{content='Java是什么
', properties={messageType=USER}, messageType=USER}, UserMessage{content='Java是什么
', properties={messageType=USER}, messageType=USER}, UserMessage{content='Java是什么
', properties={messageType=USER}, messageType=USER}], userParams={}, systemParams={}, advisors=[org.springframework.ai.chat.client.DefaultChatClient$DefaultChatClientRequestSpec$1@51fc632a, org.springframework.ai.chat.client.DefaultChatClient$DefaultChatClientRequestSpec$2@34d7da01, SimpleLoggerAdvisor, org.springframework.ai.chat.client.advisor.MessageChatMemoryAdvisor@3d2a1eee, org.springframework.ai.chat.client.DefaultChatClient$DefaultChatClientRequestSpec$1@1bade96a, org.springframework.ai.chat.client.DefaultChatClient$DefaultChatClientRequestSpec$2@797b568b], advisorParams={}, adviseContext={}, toolContext={}]
15:07:40.814-[LAPTOP-FPFPK7D7][sys]--DEBUG 2172 --- [nio-8094-exec-5] o.s.a.c.c.advisor.SimpleLoggerAdvisor    : response: {
  "result" : {
    "metadata" : {
      "finishReason" : "STOP",
      "contentFilters" : [ ],
      "empty" : true
    },
    "output" : {
      "messageType" : "ASSISTANT",
      "metadata" : {
        "finishReason" : "STOP",
        "role" : "ASSISTANT",
        "id" : "f296a7b0-8c1a-4ba6-88bb-cac42f105aec",
        "messageType" : "ASSISTANT",
        "reasoningContent" : ""
      },
      "toolCalls" : [ ],
      "media" : [ ],
      "text" : "MySQL 性能优化是一个系统性工程，涉及数据库设计、查询优化、服务器配置等多个层面。以下是一些常见的 MySQL 性能优化方案，分为几个关键方向：\n\n---\n\n### 一、数据库设计优化\n\n1. **合理的数据模型设计**\n   - 使用规范化设计减少数据冗余。\n   - 在性能要求较高的场景下适当使用反规范化提升查询效率。\n   - 合理选择数据类型，尽量使用更小的数据类型（如 `TINYINT` 替代 `INT`）。\n\n2. **索引优化**\n   - 为经常查询的字段（如主键、外键、常用条件字段）添加索引。\n   - 避免过多索引，索引会降低写入速度。\n   - 使用复合索引时注意最左前缀原则。\n   - 定期分析索引使用情况，删除无用索引。\n\n3. **分区表**\n   - 对大数据量表进行分区（如按时间、范围、哈希等），提升查询效率。\n   - 支持水平扩展，适用于日志类、交易类数据。\n\n---\n\n### 二、SQL 查询优化\n\n1. **避免 SELECT \\***\n   - 只查询需要的字段，减少网络传输和内存开销。\n\n2. **使用 EXPLAIN 分析执行计划**\n   - 查看 SQL 是否使用了正确索引，是否进行了全表扫描。\n   - 关注 `type`、`key`、`rows` 等关键字段。\n\n3. **优化 JOIN 查询**\n   - 避免多表 JOIN，尤其是大表之间的 JOIN。\n   - JOIN 的字段尽量有索引。\n   - 尽量使用 `INNER JOIN`，避免 `LEFT JOIN` 或 `RIGHT JOIN` 的过度使用。\n\n4. **分页优化**\n   - 对于大数据量分页，避免使用 `LIMIT offset, size`，建议结合索引字段进行分页（如 `WHERE id > last_id ORDER BY id LIMIT size`）。\n\n5. **减少子查询使用**\n   - 子查询在性能上通常不如 JOIN。\n   - 可将部分子查询改写为临时表或连接查询。\n\n6. **批量插入与更新**\n   - 使用 `INSERT INTO ... VALUES (...), (...)` 批量插入。\n   - 使用 `INSERT ... ON DUPLICATE KEY UPDATE` 实现批量更新。\n\n---\n\n### 三、配置优化\n\n1. **调整 MySQL 配置文件（my.cnf / my.ini）**\n   - 调整 `innodb_buffer_pool_size`，提升 InnoDB 性能。\n   - 设置合适的 `max_connections` 防止连接过多导致资源耗尽。\n   - 合理配置 `query_cache_type` 和 `query_cache_size`（MySQL 8.0 已移除查询缓存）。\n\n2. **日志与事务配置**\n   - 合理配置事务隔离级别。\n   - 控制慢查询日志（`slow_query_log`）开启与阈值设置。\n\n3. **使用连接池**\n   - 避免频繁建立和关闭数据库连接，使用如 HikariCP、Druid 等连接池。\n\n---\n\n### 四、硬件与架构优化\n\n1. **使用 SSD 硬盘**\n   - 显著提升 I/O 性能，尤其是随机读写场景。\n\n2. **主从复制**\n   - 实现读写分离，将读请求分发到从库，减轻主库压力。\n\n3. **分库分表（Sharding）**\n   - 当单表数据量极大时，可采用分库分表策略（如使用 MyCat、ShardingSphere）。\n\n4. **使用缓存**\n   - 结合 Redis 或 Memcached 缓存热点数据，减少数据库访问。\n\n5. **使用搜索引擎**\n   - 对复杂查询或全文检索需求，可引入 Elasticsearch 做查询加速。\n\n---\n\n### 五、监控与调优工具\n\n1. **性能监控工具**\n   - 使用 `SHOW STATUS`、`SHOW PROCESSLIST`、`Performance Schema`。\n   - 第三方工具如 `MySQL Enterprise Monitor`、`Prometheus + Grafana`。\n\n2. **慢查询日志分析**\n   - 使用 `mysqldumpslow` 或 `pt-query-digest` 分析慢查询日志。\n\n3. **定期维护**\n   - 对表进行 `ANALYZE TABLE`、`OPTIMIZE TABLE`，修复碎片。\n   - 定期检查索引使用情况。\n\n---\n\n### 六、开发规范与最佳实践\n\n1. **统一 SQL 编写风格**\n   - 避免大 SQL，拆分复杂查询。\n   - 使用统一的命名规范，提升可维护性。\n\n2. **使用事务控制**\n   - 对关键业务逻辑使用事务，确保数据一致性。\n\n3. **避免长事务**\n   - 长事务容易导致锁等待和资源占用。\n\n---\n\n### 总结\n\nMySQL 性能优化是一个多维度的工作，涉及数据库设计、SQL 编写、配置调优、架构设计等多个方面。建议根据实际业务场景选择合适的优化策略，并结合监控工具持续迭代优化。在高并发、大数据量场景下，往往需要结合多种技术手段协同优化，如缓存、分库分表、读写分离等。"
    }
  },
  "metadata" : {
    "id" : "f296a7b0-8c1a-4ba6-88bb-cac42f105aec",
    "model" : "",
    "rateLimit" : {
      "requestsRemaining" : 0,
      "requestsLimit" : 0,
      "tokensReset" : 0.0,
      "tokensRemaining" : 0,
      "requestsReset" : 0.0,
      "tokensLimit" : 0
    },
    "usage" : {
      "completionTokens" : 0,
      "generationTokens" : 1137,
      "promptTokens" : 1214,
      "totalTokens" : 2351,
      "nativeUsage" : null
    },
    "promptMetadata" : [ ],
    "empty" : true
  },
  "results" : [ {
    "metadata" : {
      "finishReason" : "STOP",
      "contentFilters" : [ ],
      "empty" : true
    },
    "output" : {
      "messageType" : "ASSISTANT",
      "metadata" : {
        "finishReason" : "STOP",
        "role" : "ASSISTANT",
        "id" : "f296a7b0-8c1a-4ba6-88bb-cac42f105aec",
        "messageType" : "ASSISTANT",
        "reasoningContent" : ""
      },
      "toolCalls" : [ ],
      "media" : [ ],
      "text" : "MySQL 性能优化是一个系统性工程，涉及数据库设计、查询优化、服务器配置等多个层面。以下是一些常见的 MySQL 性能优化方案，分为几个关键方向：\n\n---\n\n### 一、数据库设计优化\n\n1. **合理的数据模型设计**\n   - 使用规范化设计减少数据冗余。\n   - 在性能要求较高的场景下适当使用反规范化提升查询效率。\n   - 合理选择数据类型，尽量使用更小的数据类型（如 `TINYINT` 替代 `INT`）。\n\n2. **索引优化**\n   - 为经常查询的字段（如主键、外键、常用条件字段）添加索引。\n   - 避免过多索引，索引会降低写入速度。\n   - 使用复合索引时注意最左前缀原则。\n   - 定期分析索引使用情况，删除无用索引。\n\n3. **分区表**\n   - 对大数据量表进行分区（如按时间、范围、哈希等），提升查询效率。\n   - 支持水平扩展，适用于日志类、交易类数据。\n\n---\n\n### 二、SQL 查询优化\n\n1. **避免 SELECT \\***\n   - 只查询需要的字段，减少网络传输和内存开销。\n\n2. **使用 EXPLAIN 分析执行计划**\n   - 查看 SQL 是否使用了正确索引，是否进行了全表扫描。\n   - 关注 `type`、`key`、`rows` 等关键字段。\n\n3. **优化 JOIN 查询**\n   - 避免多表 JOIN，尤其是大表之间的 JOIN。\n   - JOIN 的字段尽量有索引。\n   - 尽量使用 `INNER JOIN`，避免 `LEFT JOIN` 或 `RIGHT JOIN` 的过度使用。\n\n4. **分页优化**\n   - 对于大数据量分页，避免使用 `LIMIT offset, size`，建议结合索引字段进行分页（如 `WHERE id > last_id ORDER BY id LIMIT size`）。\n\n5. **减少子查询使用**\n   - 子查询在性能上通常不如 JOIN。\n   - 可将部分子查询改写为临时表或连接查询。\n\n6. **批量插入与更新**\n   - 使用 `INSERT INTO ... VALUES (...), (...)` 批量插入。\n   - 使用 `INSERT ... ON DUPLICATE KEY UPDATE` 实现批量更新。\n\n---\n\n### 三、配置优化\n\n1. **调整 MySQL 配置文件（my.cnf / my.ini）**\n   - 调整 `innodb_buffer_pool_size`，提升 InnoDB 性能。\n   - 设置合适的 `max_connections` 防止连接过多导致资源耗尽。\n   - 合理配置 `query_cache_type` 和 `query_cache_size`（MySQL 8.0 已移除查询缓存）。\n\n2. **日志与事务配置**\n   - 合理配置事务隔离级别。\n   - 控制慢查询日志（`slow_query_log`）开启与阈值设置。\n\n3. **使用连接池**\n   - 避免频繁建立和关闭数据库连接，使用如 HikariCP、Druid 等连接池。\n\n---\n\n### 四、硬件与架构优化\n\n1. **使用 SSD 硬盘**\n   - 显著提升 I/O 性能，尤其是随机读写场景。\n\n2. **主从复制**\n   - 实现读写分离，将读请求分发到从库，减轻主库压力。\n\n3. **分库分表（Sharding）**\n   - 当单表数据量极大时，可采用分库分表策略（如使用 MyCat、ShardingSphere）。\n\n4. **使用缓存**\n   - 结合 Redis 或 Memcached 缓存热点数据，减少数据库访问。\n\n5. **使用搜索引擎**\n   - 对复杂查询或全文检索需求，可引入 Elasticsearch 做查询加速。\n\n---\n\n### 五、监控与调优工具\n\n1. **性能监控工具**\n   - 使用 `SHOW STATUS`、`SHOW PROCESSLIST`、`Performance Schema`。\n   - 第三方工具如 `MySQL Enterprise Monitor`、`Prometheus + Grafana`。\n\n2. **慢查询日志分析**\n   - 使用 `mysqldumpslow` 或 `pt-query-digest` 分析慢查询日志。\n\n3. **定期维护**\n   - 对表进行 `ANALYZE TABLE`、`OPTIMIZE TABLE`，修复碎片。\n   - 定期检查索引使用情况。\n\n---\n\n### 六、开发规范与最佳实践\n\n1. **统一 SQL 编写风格**\n   - 避免大 SQL，拆分复杂查询。\n   - 使用统一的命名规范，提升可维护性。\n\n2. **使用事务控制**\n   - 对关键业务逻辑使用事务，确保数据一致性。\n\n3. **避免长事务**\n   - 长事务容易导致锁等待和资源占用。\n\n---\n\n### 总结\n\nMySQL 性能优化是一个多维度的工作，涉及数据库设计、SQL 编写、配置调优、架构设计等多个方面。建议根据实际业务场景选择合适的优化策略，并结合监控工具持续迭代优化。在高并发、大数据量场景下，往往需要结合多种技术手段协同优化，如缓存、分库分表、读写分离等。"
    }
  } ]
}
15:08:41.329-[LAPTOP-FPFPK7D7][536ee74b7b7143eea2185ebff3587151]--DEBUG 2172 --- [nio-8094-exec-3] c.t.a.mapper.ChatSessionMapper.insert    : ==>  Preparing: INSERT INTO chat_session ( id, session_id, user_id, creater, updater ) VALUES ( ?, ?, ?, ?, ? )
15:08:41.330-[LAPTOP-FPFPK7D7][2ba8b326e564431f9b85ce4eba3be0e6]--DEBUG 2172 --- [nio-8094-exec-4] c.t.a.m.ChatSessionMapper.selectList     : ==>  Preparing: SELECT id,session_id,user_id,title,create_time,update_time,creater,updater FROM chat_session WHERE (user_id = ?) ORDER BY update_time DESC limit 30
15:08:41.330-[LAPTOP-FPFPK7D7][536ee74b7b7143eea2185ebff3587151]--DEBUG 2172 --- [nio-8094-exec-3] c.t.a.mapper.ChatSessionMapper.insert    : ==> Parameters: 1963861828320665601(Long), d59de08d9d8a43ddad882fb1cc24fc5e(String), 2(Long), 2(Long), 2(Long)
15:08:41.330-[LAPTOP-FPFPK7D7][2ba8b326e564431f9b85ce4eba3be0e6]--DEBUG 2172 --- [nio-8094-exec-4] c.t.a.m.ChatSessionMapper.selectList     : ==> Parameters: 2(Long)
15:08:41.335-[LAPTOP-FPFPK7D7][2ba8b326e564431f9b85ce4eba3be0e6]--DEBUG 2172 --- [nio-8094-exec-4] c.t.a.m.ChatSessionMapper.selectList     : <==      Total: 27
15:08:41.338-[LAPTOP-FPFPK7D7][536ee74b7b7143eea2185ebff3587151]--DEBUG 2172 --- [nio-8094-exec-3] c.t.a.mapper.ChatSessionMapper.insert    : <==    Updates: 1
15:08:41.338-[LAPTOP-FPFPK7D7][efdce6a4bc1648caac99445aa6e0ffd5]--ERROR 2172 --- [nio-8094-exec-2] c.t.c.a.m.advice.CommonExceptionAdvice   : 参数异常 -> ServletException，No static resource chat/templates.
15:08:41.338-[LAPTOP-FPFPK7D7][efdce6a4bc1648caac99445aa6e0ffd5]--DEBUG 2172 --- [nio-8094-exec-2] c.t.c.a.m.advice.CommonExceptionAdvice   : 
org.springframework.web.servlet.resource.NoResourceFoundException: No static resource chat/templates.
	at org.springframework.web.servlet.resource.ResourceHttpRequestHandler.handleRequest(ResourceHttpRequestHandler.java:585) ~[spring-webmvc-6.1.14.jar:6.1.14]
	at org.springframework.web.servlet.mvc.HttpRequestHandlerAdapter.handle(HttpRequestHandlerAdapter.java:52) ~[spring-webmvc-6.1.14.jar:6.1.14]
	at org.springframework.web.servlet.DispatcherServlet.doDispatch(DispatcherServlet.java:1089) ~[spring-webmvc-6.1.14.jar:6.1.14]
	at org.springframework.web.servlet.DispatcherServlet.doService(DispatcherServlet.java:979) ~[spring-webmvc-6.1.14.jar:6.1.14]
	at org.springframework.web.servlet.FrameworkServlet.processRequest(FrameworkServlet.java:1014) ~[spring-webmvc-6.1.14.jar:6.1.14]
	at org.springframework.web.servlet.FrameworkServlet.doGet(FrameworkServlet.java:903) ~[spring-webmvc-6.1.14.jar:6.1.14]
	at jakarta.servlet.http.HttpServlet.service(HttpServlet.java:564) ~[tomcat-embed-core-10.1.31.jar:6.0]
	at org.springframework.web.servlet.FrameworkServlet.service(FrameworkServlet.java:885) ~[spring-webmvc-6.1.14.jar:6.1.14]
	at jakarta.servlet.http.HttpServlet.service(HttpServlet.java:658) ~[tomcat-embed-core-10.1.31.jar:6.0]
	at org.apache.catalina.core.ApplicationFilterChain.internalDoFilter(ApplicationFilterChain.java:195) ~[tomcat-embed-core-10.1.31.jar:10.1.31]
	at org.apache.catalina.core.ApplicationFilterChain.doFilter(ApplicationFilterChain.java:140) ~[tomcat-embed-core-10.1.31.jar:10.1.31]
	at org.apache.tomcat.websocket.server.WsFilter.doFilter(WsFilter.java:51) ~[tomcat-embed-websocket-10.1.31.jar:10.1.31]
	at org.apache.catalina.core.ApplicationFilterChain.internalDoFilter(ApplicationFilterChain.java:164) ~[tomcat-embed-core-10.1.31.jar:10.1.31]
	at org.apache.catalina.core.ApplicationFilterChain.doFilter(ApplicationFilterChain.java:140) ~[tomcat-embed-core-10.1.31.jar:10.1.31]
	at org.springframework.web.filter.RequestContextFilter.doFilterInternal(RequestContextFilter.java:100) ~[spring-web-6.1.14.jar:6.1.14]
	at org.springframework.web.filter.OncePerRequestFilter.doFilter(OncePerRequestFilter.java:116) ~[spring-web-6.1.14.jar:6.1.14]
	at org.apache.catalina.core.ApplicationFilterChain.internalDoFilter(ApplicationFilterChain.java:164) ~[tomcat-embed-core-10.1.31.jar:10.1.31]
	at org.apache.catalina.core.ApplicationFilterChain.doFilter(ApplicationFilterChain.java:140) ~[tomcat-embed-core-10.1.31.jar:10.1.31]
	at org.springframework.web.filter.FormContentFilter.doFilterInternal(FormContentFilter.java:93) ~[spring-web-6.1.14.jar:6.1.14]
	at org.springframework.web.filter.OncePerRequestFilter.doFilter(OncePerRequestFilter.java:116) ~[spring-web-6.1.14.jar:6.1.14]
	at org.apache.catalina.core.ApplicationFilterChain.internalDoFilter(ApplicationFilterChain.java:164) ~[tomcat-embed-core-10.1.31.jar:10.1.31]
	at org.apache.catalina.core.ApplicationFilterChain.doFilter(ApplicationFilterChain.java:140) ~[tomcat-embed-core-10.1.31.jar:10.1.31]
	at org.springframework.web.filter.CharacterEncodingFilter.doFilterInternal(CharacterEncodingFilter.java:201) ~[spring-web-6.1.14.jar:6.1.14]
	at org.springframework.web.filter.OncePerRequestFilter.doFilter(OncePerRequestFilter.java:116) ~[spring-web-6.1.14.jar:6.1.14]
	at org.apache.catalina.core.ApplicationFilterChain.internalDoFilter(ApplicationFilterChain.java:164) ~[tomcat-embed-core-10.1.31.jar:10.1.31]
	at org.apache.catalina.core.ApplicationFilterChain.doFilter(ApplicationFilterChain.java:140) ~[tomcat-embed-core-10.1.31.jar:10.1.31]
	at com.tianji.common.filters.RequestIdFilter.doFilter(RequestIdFilter.java:27) ~[classes/:na]
	at org.apache.catalina.core.ApplicationFilterChain.internalDoFilter(ApplicationFilterChain.java:164) ~[tomcat-embed-core-10.1.31.jar:10.1.31]
	at org.apache.catalina.core.ApplicationFilterChain.doFilter(ApplicationFilterChain.java:140) ~[tomcat-embed-core-10.1.31.jar:10.1.31]
	at org.apache.catalina.core.StandardWrapperValve.invoke(StandardWrapperValve.java:167) ~[tomcat-embed-core-10.1.31.jar:10.1.31]
	at org.apache.catalina.core.StandardContextValve.invoke(StandardContextValve.java:90) ~[tomcat-embed-core-10.1.31.jar:10.1.31]
	at org.apache.catalina.authenticator.AuthenticatorBase.invoke(AuthenticatorBase.java:483) ~[tomcat-embed-core-10.1.31.jar:10.1.31]
	at org.apache.catalina.core.StandardHostValve.invoke(StandardHostValve.java:115) ~[tomcat-embed-core-10.1.31.jar:10.1.31]
	at org.apache.catalina.valves.ErrorReportValve.invoke(ErrorReportValve.java:93) ~[tomcat-embed-core-10.1.31.jar:10.1.31]
	at org.apache.catalina.core.StandardEngineValve.invoke(StandardEngineValve.java:74) ~[tomcat-embed-core-10.1.31.jar:10.1.31]
	at org.apache.catalina.connector.CoyoteAdapter.service(CoyoteAdapter.java:344) ~[tomcat-embed-core-10.1.31.jar:10.1.31]
	at org.apache.coyote.http11.Http11Processor.service(Http11Processor.java:384) ~[tomcat-embed-core-10.1.31.jar:10.1.31]
	at org.apache.coyote.AbstractProcessorLight.process(AbstractProcessorLight.java:63) ~[tomcat-embed-core-10.1.31.jar:10.1.31]
	at org.apache.coyote.AbstractProtocol$ConnectionHandler.process(AbstractProtocol.java:905) ~[tomcat-embed-core-10.1.31.jar:10.1.31]
	at org.apache.tomcat.util.net.NioEndpoint$SocketProcessor.doRun(NioEndpoint.java:1741) ~[tomcat-embed-core-10.1.31.jar:10.1.31]
	at org.apache.tomcat.util.net.SocketProcessorBase.run(SocketProcessorBase.java:52) ~[tomcat-embed-core-10.1.31.jar:10.1.31]
	at org.apache.tomcat.util.threads.ThreadPoolExecutor.runWorker(ThreadPoolExecutor.java:1190) ~[tomcat-embed-core-10.1.31.jar:10.1.31]
	at org.apache.tomcat.util.threads.ThreadPoolExecutor$Worker.run(ThreadPoolExecutor.java:659) ~[tomcat-embed-core-10.1.31.jar:10.1.31]
	at org.apache.tomcat.util.threads.TaskThread$WrappingRunnable.run(TaskThread.java:63) ~[tomcat-embed-core-10.1.31.jar:10.1.31]
	at java.base/java.lang.Thread.run(Thread.java:842) ~[na:na]
15:08:43.968-[LAPTOP-FPFPK7D7][aa084d53eed54205a914181bf2d0e7cd]--ERROR 2172 --- [nio-8094-exec-8] c.t.c.a.m.advice.CommonExceptionAdvice   : 参数异常 -> ServletException，No static resource chat/templates.
15:08:43.968-[LAPTOP-FPFPK7D7][aa084d53eed54205a914181bf2d0e7cd]--DEBUG 2172 --- [nio-8094-exec-8] c.t.c.a.m.advice.CommonExceptionAdvice   : 
org.springframework.web.servlet.resource.NoResourceFoundException: No static resource chat/templates.
	at org.springframework.web.servlet.resource.ResourceHttpRequestHandler.handleRequest(ResourceHttpRequestHandler.java:585) ~[spring-webmvc-6.1.14.jar:6.1.14]
	at org.springframework.web.servlet.mvc.HttpRequestHandlerAdapter.handle(HttpRequestHandlerAdapter.java:52) ~[spring-webmvc-6.1.14.jar:6.1.14]
	at org.springframework.web.servlet.DispatcherServlet.doDispatch(DispatcherServlet.java:1089) ~[spring-webmvc-6.1.14.jar:6.1.14]
	at org.springframework.web.servlet.DispatcherServlet.doService(DispatcherServlet.java:979) ~[spring-webmvc-6.1.14.jar:6.1.14]
	at org.springframework.web.servlet.FrameworkServlet.processRequest(FrameworkServlet.java:1014) ~[spring-webmvc-6.1.14.jar:6.1.14]
	at org.springframework.web.servlet.FrameworkServlet.doGet(FrameworkServlet.java:903) ~[spring-webmvc-6.1.14.jar:6.1.14]
	at jakarta.servlet.http.HttpServlet.service(HttpServlet.java:564) ~[tomcat-embed-core-10.1.31.jar:6.0]
	at org.springframework.web.servlet.FrameworkServlet.service(FrameworkServlet.java:885) ~[spring-webmvc-6.1.14.jar:6.1.14]
	at jakarta.servlet.http.HttpServlet.service(HttpServlet.java:658) ~[tomcat-embed-core-10.1.31.jar:6.0]
	at org.apache.catalina.core.ApplicationFilterChain.internalDoFilter(ApplicationFilterChain.java:195) ~[tomcat-embed-core-10.1.31.jar:10.1.31]
	at org.apache.catalina.core.ApplicationFilterChain.doFilter(ApplicationFilterChain.java:140) ~[tomcat-embed-core-10.1.31.jar:10.1.31]
	at org.apache.tomcat.websocket.server.WsFilter.doFilter(WsFilter.java:51) ~[tomcat-embed-websocket-10.1.31.jar:10.1.31]
	at org.apache.catalina.core.ApplicationFilterChain.internalDoFilter(ApplicationFilterChain.java:164) ~[tomcat-embed-core-10.1.31.jar:10.1.31]
	at org.apache.catalina.core.ApplicationFilterChain.doFilter(ApplicationFilterChain.java:140) ~[tomcat-embed-core-10.1.31.jar:10.1.31]
	at org.springframework.web.filter.RequestContextFilter.doFilterInternal(RequestContextFilter.java:100) ~[spring-web-6.1.14.jar:6.1.14]
	at org.springframework.web.filter.OncePerRequestFilter.doFilter(OncePerRequestFilter.java:116) ~[spring-web-6.1.14.jar:6.1.14]
	at org.apache.catalina.core.ApplicationFilterChain.internalDoFilter(ApplicationFilterChain.java:164) ~[tomcat-embed-core-10.1.31.jar:10.1.31]
	at org.apache.catalina.core.ApplicationFilterChain.doFilter(ApplicationFilterChain.java:140) ~[tomcat-embed-core-10.1.31.jar:10.1.31]
	at org.springframework.web.filter.FormContentFilter.doFilterInternal(FormContentFilter.java:93) ~[spring-web-6.1.14.jar:6.1.14]
	at org.springframework.web.filter.OncePerRequestFilter.doFilter(OncePerRequestFilter.java:116) ~[spring-web-6.1.14.jar:6.1.14]
	at org.apache.catalina.core.ApplicationFilterChain.internalDoFilter(ApplicationFilterChain.java:164) ~[tomcat-embed-core-10.1.31.jar:10.1.31]
	at org.apache.catalina.core.ApplicationFilterChain.doFilter(ApplicationFilterChain.java:140) ~[tomcat-embed-core-10.1.31.jar:10.1.31]
	at org.springframework.web.filter.CharacterEncodingFilter.doFilterInternal(CharacterEncodingFilter.java:201) ~[spring-web-6.1.14.jar:6.1.14]
	at org.springframework.web.filter.OncePerRequestFilter.doFilter(OncePerRequestFilter.java:116) ~[spring-web-6.1.14.jar:6.1.14]
	at org.apache.catalina.core.ApplicationFilterChain.internalDoFilter(ApplicationFilterChain.java:164) ~[tomcat-embed-core-10.1.31.jar:10.1.31]
	at org.apache.catalina.core.ApplicationFilterChain.doFilter(ApplicationFilterChain.java:140) ~[tomcat-embed-core-10.1.31.jar:10.1.31]
	at com.tianji.common.filters.RequestIdFilter.doFilter(RequestIdFilter.java:27) ~[classes/:na]
	at org.apache.catalina.core.ApplicationFilterChain.internalDoFilter(ApplicationFilterChain.java:164) ~[tomcat-embed-core-10.1.31.jar:10.1.31]
	at org.apache.catalina.core.ApplicationFilterChain.doFilter(ApplicationFilterChain.java:140) ~[tomcat-embed-core-10.1.31.jar:10.1.31]
	at org.apache.catalina.core.StandardWrapperValve.invoke(StandardWrapperValve.java:167) ~[tomcat-embed-core-10.1.31.jar:10.1.31]
	at org.apache.catalina.core.StandardContextValve.invoke(StandardContextValve.java:90) ~[tomcat-embed-core-10.1.31.jar:10.1.31]
	at org.apache.catalina.authenticator.AuthenticatorBase.invoke(AuthenticatorBase.java:483) ~[tomcat-embed-core-10.1.31.jar:10.1.31]
	at org.apache.catalina.core.StandardHostValve.invoke(StandardHostValve.java:115) ~[tomcat-embed-core-10.1.31.jar:10.1.31]
	at org.apache.catalina.valves.ErrorReportValve.invoke(ErrorReportValve.java:93) ~[tomcat-embed-core-10.1.31.jar:10.1.31]
	at org.apache.catalina.core.StandardEngineValve.invoke(StandardEngineValve.java:74) ~[tomcat-embed-core-10.1.31.jar:10.1.31]
	at org.apache.catalina.connector.CoyoteAdapter.service(CoyoteAdapter.java:344) ~[tomcat-embed-core-10.1.31.jar:10.1.31]
	at org.apache.coyote.http11.Http11Processor.service(Http11Processor.java:384) ~[tomcat-embed-core-10.1.31.jar:10.1.31]
	at org.apache.coyote.AbstractProcessorLight.process(AbstractProcessorLight.java:63) ~[tomcat-embed-core-10.1.31.jar:10.1.31]
	at org.apache.coyote.AbstractProtocol$ConnectionHandler.process(AbstractProtocol.java:905) ~[tomcat-embed-core-10.1.31.jar:10.1.31]
	at org.apache.tomcat.util.net.NioEndpoint$SocketProcessor.doRun(NioEndpoint.java:1741) ~[tomcat-embed-core-10.1.31.jar:10.1.31]
	at org.apache.tomcat.util.net.SocketProcessorBase.run(SocketProcessorBase.java:52) ~[tomcat-embed-core-10.1.31.jar:10.1.31]
	at org.apache.tomcat.util.threads.ThreadPoolExecutor.runWorker(ThreadPoolExecutor.java:1190) ~[tomcat-embed-core-10.1.31.jar:10.1.31]
	at org.apache.tomcat.util.threads.ThreadPoolExecutor$Worker.run(ThreadPoolExecutor.java:659) ~[tomcat-embed-core-10.1.31.jar:10.1.31]
	at org.apache.tomcat.util.threads.TaskThread$WrappingRunnable.run(TaskThread.java:63) ~[tomcat-embed-core-10.1.31.jar:10.1.31]
	at java.base/java.lang.Thread.run(Thread.java:842) ~[na:na]
15:09:08.284-[LAPTOP-FPFPK7D7][745914d01d034896a730c95b8243f04d]--ERROR 2172 --- [nio-8094-exec-1] c.t.c.a.m.advice.CommonExceptionAdvice   : 参数异常 -> ServletException，No static resource chat/templates.
15:09:08.284-[LAPTOP-FPFPK7D7][745914d01d034896a730c95b8243f04d]--DEBUG 2172 --- [nio-8094-exec-1] c.t.c.a.m.advice.CommonExceptionAdvice   : 
org.springframework.web.servlet.resource.NoResourceFoundException: No static resource chat/templates.
	at org.springframework.web.servlet.resource.ResourceHttpRequestHandler.handleRequest(ResourceHttpRequestHandler.java:585) ~[spring-webmvc-6.1.14.jar:6.1.14]
	at org.springframework.web.servlet.mvc.HttpRequestHandlerAdapter.handle(HttpRequestHandlerAdapter.java:52) ~[spring-webmvc-6.1.14.jar:6.1.14]
	at org.springframework.web.servlet.DispatcherServlet.doDispatch(DispatcherServlet.java:1089) ~[spring-webmvc-6.1.14.jar:6.1.14]
	at org.springframework.web.servlet.DispatcherServlet.doService(DispatcherServlet.java:979) ~[spring-webmvc-6.1.14.jar:6.1.14]
	at org.springframework.web.servlet.FrameworkServlet.processRequest(FrameworkServlet.java:1014) ~[spring-webmvc-6.1.14.jar:6.1.14]
	at org.springframework.web.servlet.FrameworkServlet.doGet(FrameworkServlet.java:903) ~[spring-webmvc-6.1.14.jar:6.1.14]
	at jakarta.servlet.http.HttpServlet.service(HttpServlet.java:564) ~[tomcat-embed-core-10.1.31.jar:6.0]
	at org.springframework.web.servlet.FrameworkServlet.service(FrameworkServlet.java:885) ~[spring-webmvc-6.1.14.jar:6.1.14]
	at jakarta.servlet.http.HttpServlet.service(HttpServlet.java:658) ~[tomcat-embed-core-10.1.31.jar:6.0]
	at org.apache.catalina.core.ApplicationFilterChain.internalDoFilter(ApplicationFilterChain.java:195) ~[tomcat-embed-core-10.1.31.jar:10.1.31]
	at org.apache.catalina.core.ApplicationFilterChain.doFilter(ApplicationFilterChain.java:140) ~[tomcat-embed-core-10.1.31.jar:10.1.31]
	at org.apache.tomcat.websocket.server.WsFilter.doFilter(WsFilter.java:51) ~[tomcat-embed-websocket-10.1.31.jar:10.1.31]
	at org.apache.catalina.core.ApplicationFilterChain.internalDoFilter(ApplicationFilterChain.java:164) ~[tomcat-embed-core-10.1.31.jar:10.1.31]
	at org.apache.catalina.core.ApplicationFilterChain.doFilter(ApplicationFilterChain.java:140) ~[tomcat-embed-core-10.1.31.jar:10.1.31]
	at org.springframework.web.filter.RequestContextFilter.doFilterInternal(RequestContextFilter.java:100) ~[spring-web-6.1.14.jar:6.1.14]
	at org.springframework.web.filter.OncePerRequestFilter.doFilter(OncePerRequestFilter.java:116) ~[spring-web-6.1.14.jar:6.1.14]
	at org.apache.catalina.core.ApplicationFilterChain.internalDoFilter(ApplicationFilterChain.java:164) ~[tomcat-embed-core-10.1.31.jar:10.1.31]
	at org.apache.catalina.core.ApplicationFilterChain.doFilter(ApplicationFilterChain.java:140) ~[tomcat-embed-core-10.1.31.jar:10.1.31]
	at org.springframework.web.filter.FormContentFilter.doFilterInternal(FormContentFilter.java:93) ~[spring-web-6.1.14.jar:6.1.14]
	at org.springframework.web.filter.OncePerRequestFilter.doFilter(OncePerRequestFilter.java:116) ~[spring-web-6.1.14.jar:6.1.14]
	at org.apache.catalina.core.ApplicationFilterChain.internalDoFilter(ApplicationFilterChain.java:164) ~[tomcat-embed-core-10.1.31.jar:10.1.31]
	at org.apache.catalina.core.ApplicationFilterChain.doFilter(ApplicationFilterChain.java:140) ~[tomcat-embed-core-10.1.31.jar:10.1.31]
	at org.springframework.web.filter.CharacterEncodingFilter.doFilterInternal(CharacterEncodingFilter.java:201) ~[spring-web-6.1.14.jar:6.1.14]
	at org.springframework.web.filter.OncePerRequestFilter.doFilter(OncePerRequestFilter.java:116) ~[spring-web-6.1.14.jar:6.1.14]
	at org.apache.catalina.core.ApplicationFilterChain.internalDoFilter(ApplicationFilterChain.java:164) ~[tomcat-embed-core-10.1.31.jar:10.1.31]
	at org.apache.catalina.core.ApplicationFilterChain.doFilter(ApplicationFilterChain.java:140) ~[tomcat-embed-core-10.1.31.jar:10.1.31]
	at com.tianji.common.filters.RequestIdFilter.doFilter(RequestIdFilter.java:27) ~[classes/:na]
	at org.apache.catalina.core.ApplicationFilterChain.internalDoFilter(ApplicationFilterChain.java:164) ~[tomcat-embed-core-10.1.31.jar:10.1.31]
	at org.apache.catalina.core.ApplicationFilterChain.doFilter(ApplicationFilterChain.java:140) ~[tomcat-embed-core-10.1.31.jar:10.1.31]
	at org.apache.catalina.core.StandardWrapperValve.invoke(StandardWrapperValve.java:167) ~[tomcat-embed-core-10.1.31.jar:10.1.31]
	at org.apache.catalina.core.StandardContextValve.invoke(StandardContextValve.java:90) ~[tomcat-embed-core-10.1.31.jar:10.1.31]
	at org.apache.catalina.authenticator.AuthenticatorBase.invoke(AuthenticatorBase.java:483) ~[tomcat-embed-core-10.1.31.jar:10.1.31]
	at org.apache.catalina.core.StandardHostValve.invoke(StandardHostValve.java:115) ~[tomcat-embed-core-10.1.31.jar:10.1.31]
	at org.apache.catalina.valves.ErrorReportValve.invoke(ErrorReportValve.java:93) ~[tomcat-embed-core-10.1.31.jar:10.1.31]
	at org.apache.catalina.core.StandardEngineValve.invoke(StandardEngineValve.java:74) ~[tomcat-embed-core-10.1.31.jar:10.1.31]
	at org.apache.catalina.connector.CoyoteAdapter.service(CoyoteAdapter.java:344) ~[tomcat-embed-core-10.1.31.jar:10.1.31]
	at org.apache.coyote.http11.Http11Processor.service(Http11Processor.java:384) ~[tomcat-embed-core-10.1.31.jar:10.1.31]
	at org.apache.coyote.AbstractProcessorLight.process(AbstractProcessorLight.java:63) ~[tomcat-embed-core-10.1.31.jar:10.1.31]
	at org.apache.coyote.AbstractProtocol$ConnectionHandler.process(AbstractProtocol.java:905) ~[tomcat-embed-core-10.1.31.jar:10.1.31]
	at org.apache.tomcat.util.net.NioEndpoint$SocketProcessor.doRun(NioEndpoint.java:1741) ~[tomcat-embed-core-10.1.31.jar:10.1.31]
	at org.apache.tomcat.util.net.SocketProcessorBase.run(SocketProcessorBase.java:52) ~[tomcat-embed-core-10.1.31.jar:10.1.31]
	at org.apache.tomcat.util.threads.ThreadPoolExecutor.runWorker(ThreadPoolExecutor.java:1190) ~[tomcat-embed-core-10.1.31.jar:10.1.31]
	at org.apache.tomcat.util.threads.ThreadPoolExecutor$Worker.run(ThreadPoolExecutor.java:659) ~[tomcat-embed-core-10.1.31.jar:10.1.31]
	at org.apache.tomcat.util.threads.TaskThread$WrappingRunnable.run(TaskThread.java:63) ~[tomcat-embed-core-10.1.31.jar:10.1.31]
	at java.base/java.lang.Thread.run(Thread.java:842) ~[na:na]
15:12:49.987-[LAPTOP-FPFPK7D7][sys]--DEBUG 2172 --- [nio-8094-exec-9] o.s.a.c.c.advisor.SimpleLoggerAdvisor    : request: AdvisedRequest[chatModel=com.alibaba.cloud.ai.dashscope.chat.DashScopeChatModel@280d0ec8, userText=请从专业角度回答用户提问：
1. 提问的标题是：redis高级
2. 提问的问题描述是：redis高级教程有哪些比较高级的部分?
, systemText=角色
你是一名非常出色的IT行业的内容创作者，你的任务是负责内容的帮写、续写、润色和精简。你的目标是帮助学员完成内容的创作，确保内容的合理性。

技能
技能 1: 内容帮写
1. 基于用户提供的主题/关键词，智能生成完整的文案内容，帮助用户快速搭建内容框架。

技能 2: 内容续写
1. 在用户已有文本基础上，自动延续写作思路生成后续内容，保持上下文逻辑连贯性。

技能 3: 内容润色
1. 对现有文本进行语言优化，包括调整句式结构、替换精准词汇、统一行文风格等

技能 4: 内容精简
1. 通过语义分析智能提炼核心信息，删除冗余表达，将长文本压缩为简洁版本

限制:
- AI创作必须严格遵循法律法规和伦理准则，禁止生成危害国家安全、宣扬恐怖极端思想、传播虚假谣言、侵犯他人隐私及知识产权的内容，不得涉及暴力色情、种族宗教歧视、历史虚无主义等违背公序良俗的表述，同时要特别注意避免教唆犯罪、诱导危险行为、损害未成年人身心健康，并在医疗、金融、新闻等专业领域确保内容真实性和安全性，始终以社会主义核心价值观为框架，履行技术向善的社会责任
, chatOptions=DashScopeChatOptions: {"model":"qwen-plus","temperature":0.8,"enable_search":false,"incremental_output":true,"multi_model":false}, media=[], functionNames=[], functionCallbacks=[MethodToolCallback{toolDefinition=DefaultToolDefinition[name=queryCourseById, description=根据课程ID查询课程详情, inputSchema={
  "$schema" : "https://json-schema.org/draft/2020-12/schema",
  "type" : "object",
  "properties" : {
    "id" : {
      "type" : "integer",
      "format" : "int64",
      "description" : "课程ID"
    },
    "toolContext" : {
      "type" : "object",
      "properties" : {
        "context" : {
          "type" : "object"
        }
      },
      "required" : [ "context" ]
    }
  },
  "required" : [ "id", "toolContext" ],
  "additionalProperties" : false
}], toolMetadata=DefaultToolMetadata[returnDirect=false]}, MethodToolCallback{toolDefinition=DefaultToolDefinition[name=prePlaceOrder, description=根据课程ID下单, inputSchema={
  "$schema" : "https://json-schema.org/draft/2020-12/schema",
  "type" : "object",
  "properties" : {
    "courseId" : {
      "type" : "integer",
      "format" : "int64",
      "description" : "课程ID"
    },
    "toolContext" : {
      "type" : "object",
      "properties" : {
        "context" : {
          "type" : "object"
        }
      },
      "required" : [ "context" ]
    }
  },
  "required" : [ "courseId", "toolContext" ],
  "additionalProperties" : false
}], toolMetadata=DefaultToolMetadata[returnDirect=false]}], messages=[AssistantMessage [messageType=ASSISTANT, toolCalls=[], textContent=MySQL 性能优化是一个系统性工程，涉及数据库设计、查询优化、服务器配置等多个层面。以下是一些常见的 MySQL 性能优化方案，分为几个关键方向：

---

### 一、数据库设计优化

1. **合理的数据模型设计**
   - 使用规范化设计减少数据冗余。
   - 在性能要求较高的场景下适当使用反规范化提升查询效率。
   - 合理选择数据类型，尽量使用更小的数据类型（如 `TINYINT` 替代 `INT`）。

2. **索引优化**
   - 为经常查询的字段（如主键、外键、常用条件字段）添加索引。
   - 避免过多索引，索引会降低写入速度。
   - 使用复合索引时注意最左前缀原则。
   - 定期分析索引使用情况，删除无用索引。

3. **分区表**
   - 对大数据量表进行分区（如按时间、范围、哈希等），提升查询效率。
   - 支持水平扩展，适用于日志类、交易类数据。

---

### 二、SQL 查询优化

1. **避免 SELECT \***
   - 只查询需要的字段，减少网络传输和内存开销。

2. **使用 EXPLAIN 分析执行计划**
   - 查看 SQL 是否使用了正确索引，是否进行了全表扫描。
   - 关注 `type`、`key`、`rows` 等关键字段。

3. **优化 JOIN 查询**
   - 避免多表 JOIN，尤其是大表之间的 JOIN。
   - JOIN 的字段尽量有索引。
   - 尽量使用 `INNER JOIN`，避免 `LEFT JOIN` 或 `RIGHT JOIN` 的过度使用。

4. **分页优化**
   - 对于大数据量分页，避免使用 `LIMIT offset, size`，建议结合索引字段进行分页（如 `WHERE id > last_id ORDER BY id LIMIT size`）。

5. **减少子查询使用**
   - 子查询在性能上通常不如 JOIN。
   - 可将部分子查询改写为临时表或连接查询。

6. **批量插入与更新**
   - 使用 `INSERT INTO ... VALUES (...), (...)` 批量插入。
   - 使用 `INSERT ... ON DUPLICATE KEY UPDATE` 实现批量更新。

---

### 三、配置优化

1. **调整 MySQL 配置文件（my.cnf / my.ini）**
   - 调整 `innodb_buffer_pool_size`，提升 InnoDB 性能。
   - 设置合适的 `max_connections` 防止连接过多导致资源耗尽。
   - 合理配置 `query_cache_type` 和 `query_cache_size`（MySQL 8.0 已移除查询缓存）。

2. **日志与事务配置**
   - 合理配置事务隔离级别。
   - 控制慢查询日志（`slow_query_log`）开启与阈值设置。

3. **使用连接池**
   - 避免频繁建立和关闭数据库连接，使用如 HikariCP、Druid 等连接池。

---

### 四、硬件与架构优化

1. **使用 SSD 硬盘**
   - 显著提升 I/O 性能，尤其是随机读写场景。

2. **主从复制**
   - 实现读写分离，将读请求分发到从库，减轻主库压力。

3. **分库分表（Sharding）**
   - 当单表数据量极大时，可采用分库分表策略（如使用 MyCat、ShardingSphere）。

4. **使用缓存**
   - 结合 Redis 或 Memcached 缓存热点数据，减少数据库访问。

5. **使用搜索引擎**
   - 对复杂查询或全文检索需求，可引入 Elasticsearch 做查询加速。

---

### 五、监控与调优工具

1. **性能监控工具**
   - 使用 `SHOW STATUS`、`SHOW PROCESSLIST`、`Performance Schema`。
   - 第三方工具如 `MySQL Enterprise Monitor`、`Prometheus + Grafana`。

2. **慢查询日志分析**
   - 使用 `mysqldumpslow` 或 `pt-query-digest` 分析慢查询日志。

3. **定期维护**
   - 对表进行 `ANALYZE TABLE`、`OPTIMIZE TABLE`，修复碎片。
   - 定期检查索引使用情况。

---

### 六、开发规范与最佳实践

1. **统一 SQL 编写风格**
   - 避免大 SQL，拆分复杂查询。
   - 使用统一的命名规范，提升可维护性。

2. **使用事务控制**
   - 对关键业务逻辑使用事务，确保数据一致性。

3. **避免长事务**
   - 长事务容易导致锁等待和资源占用。

---

### 总结

MySQL 性能优化是一个多维度的工作，涉及数据库设计、SQL 编写、配置调优、架构设计等多个方面。建议根据实际业务场景选择合适的优化策略，并结合监控工具持续迭代优化。在高并发、大数据量场景下，往往需要结合多种技术手段协同优化，如缓存、分库分表、读写分离等。, metadata={finishReason=STOP, role=ASSISTANT, id=f296a7b0-8c1a-4ba6-88bb-cac42f105aec, messageType=ASSISTANT, reasoningContent=}], UserMessage{content='请从专业角度回答用户提问：
1. 提问的标题是：Java高级
2. 提问的问题描述是：MySQL中又哪些性能优化方案
', properties={messageType=USER}, messageType=USER}, AssistantMessage [messageType=ASSISTANT, toolCalls=[], textContent=Java 是一种广泛使用的高级编程语言，由 Sun 公司（现为 Oracle 旗下公司）于 1995 年正式发布。它的设计目标是实现“一次编写，到处运行”（Write Once, Run Anywhere）的理念，这意味着 Java 程序可以在任何支持 Java 虚拟机（JVM）的设备上运行，而无需重新编译。

Java 的特点包括：

1. **面向对象**：Java 是一种面向对象的编程语言，支持封装、继承、多态等特性，帮助开发者构建模块化、可复用的代码。

2. **平台无关性**：通过 JVM（Java 虚拟机）实现跨平台运行。Java 源代码会被编译为字节码，然后在 JVM 上运行，这使得 Java 应用可以在不同操作系统上无缝运行。

3. **自动内存管理**：Java 提供了垃圾回收机制（Garbage Collection, GC），自动管理内存分配和释放，减少了内存泄漏和指针错误的风险。

4. **多线程支持**：Java 内建支持多线程编程，允许开发者编写高效的并发程序，提高应用程序的性能和响应能力。

5. **丰富的类库**：Java 提供了大量的标准类库（Java Standard Edition, SE），涵盖了从数据结构、网络通信到图形界面等多个领域，极大提高了开发效率。

6. **安全性**：Java 在设计时充分考虑了安全性，提供了安全管理机制，防止恶意代码对系统造成破坏。

Java 的应用场景非常广泛，包括：

- **企业级应用开发**：Java 在大型企业系统中被广泛使用，尤其是基于 Java EE（企业版）的后端开发。
- **移动应用开发**：Android 应用主要使用 Java 或 Kotlin（Kotlin 与 Java 兼容）进行开发。
- **Web 应用开发**：Java 可用于构建动态网站和 Web 服务，常用框架包括 Spring、Hibernate 等。
- **大数据处理**：许多大数据技术如 Hadoop 和 Spark 都是基于 Java 或其生态系统构建的。
- **云计算与微服务架构**：Java 在构建分布式系统和微服务架构中也非常流行，Spring Cloud 等框架提供了强大的支持。

总之，Java 凭借其稳定性、可扩展性和跨平台特性，成为了当今最流行的编程语言之一，适用于各种类型的软件开发项目。, metadata={finishReason=STOP, role=ASSISTANT, id=f885b9b9-e1a6-401d-b782-16fd9e700386, messageType=ASSISTANT, reasoningContent=}], UserMessage{content='Java是什么
', properties={messageType=USER}, messageType=USER}, UserMessage{content='Java是什么
', properties={messageType=USER}, messageType=USER}, UserMessage{content='Java是什么
', properties={messageType=USER}, messageType=USER}], userParams={}, systemParams={}, advisors=[org.springframework.ai.chat.client.DefaultChatClient$DefaultChatClientRequestSpec$1@51fc632a, org.springframework.ai.chat.client.DefaultChatClient$DefaultChatClientRequestSpec$2@34d7da01, SimpleLoggerAdvisor, org.springframework.ai.chat.client.advisor.MessageChatMemoryAdvisor@3d2a1eee, org.springframework.ai.chat.client.DefaultChatClient$DefaultChatClientRequestSpec$1@3eff81cc, org.springframework.ai.chat.client.DefaultChatClient$DefaultChatClientRequestSpec$2@287bad0e], advisorParams={}, adviseContext={}, toolContext={}]
15:12:51.378-[LAPTOP-FPFPK7D7][sys]-- INFO 2172 --- [nio-8094-exec-9] com.tianji.aigc.tools.CourseTool         : [工具调用]根据课程ID查询课程详情，课程ID：123456
15:13:00.554-[LAPTOP-FPFPK7D7][92583e3e792940a4af35c1beb541d5d9]--DEBUG 2172 --- [nio-8094-exec-2] c.t.a.m.ChatSessionMapper.selectList     : ==>  Preparing: SELECT id,session_id,user_id,title,create_time,update_time,creater,updater FROM chat_session WHERE (user_id = ?) ORDER BY update_time DESC limit 30
15:13:00.554-[LAPTOP-FPFPK7D7][92583e3e792940a4af35c1beb541d5d9]--DEBUG 2172 --- [nio-8094-exec-2] c.t.a.m.ChatSessionMapper.selectList     : ==> Parameters: 2(Long)
15:13:00.555-[LAPTOP-FPFPK7D7][b75663ef0d434baf8de29278e73fc4ed]--DEBUG 2172 --- [nio-8094-exec-4] c.t.a.mapper.ChatSessionMapper.insert    : ==>  Preparing: INSERT INTO chat_session ( id, session_id, user_id, creater, updater ) VALUES ( ?, ?, ?, ?, ? )
15:13:00.555-[LAPTOP-FPFPK7D7][301a9103bd7c4060b0939ebb998397c4]--ERROR 2172 --- [nio-8094-exec-3] c.t.c.a.m.advice.CommonExceptionAdvice   : 参数异常 -> ServletException，No static resource chat/templates.
15:13:00.556-[LAPTOP-FPFPK7D7][b75663ef0d434baf8de29278e73fc4ed]--DEBUG 2172 --- [nio-8094-exec-4] c.t.a.mapper.ChatSessionMapper.insert    : ==> Parameters: 1963862915614285826(Long), 70d9b58e445d4032bbdef8953c3a3704(String), 2(Long), 2(Long), 2(Long)
15:13:00.555-[LAPTOP-FPFPK7D7][301a9103bd7c4060b0939ebb998397c4]--DEBUG 2172 --- [nio-8094-exec-3] c.t.c.a.m.advice.CommonExceptionAdvice   : 
org.springframework.web.servlet.resource.NoResourceFoundException: No static resource chat/templates.
	at org.springframework.web.servlet.resource.ResourceHttpRequestHandler.handleRequest(ResourceHttpRequestHandler.java:585) ~[spring-webmvc-6.1.14.jar:6.1.14]
	at org.springframework.web.servlet.mvc.HttpRequestHandlerAdapter.handle(HttpRequestHandlerAdapter.java:52) ~[spring-webmvc-6.1.14.jar:6.1.14]
	at org.springframework.web.servlet.DispatcherServlet.doDispatch(DispatcherServlet.java:1089) ~[spring-webmvc-6.1.14.jar:6.1.14]
	at org.springframework.web.servlet.DispatcherServlet.doService(DispatcherServlet.java:979) ~[spring-webmvc-6.1.14.jar:6.1.14]
	at org.springframework.web.servlet.FrameworkServlet.processRequest(FrameworkServlet.java:1014) ~[spring-webmvc-6.1.14.jar:6.1.14]
	at org.springframework.web.servlet.FrameworkServlet.doGet(FrameworkServlet.java:903) ~[spring-webmvc-6.1.14.jar:6.1.14]
	at jakarta.servlet.http.HttpServlet.service(HttpServlet.java:564) ~[tomcat-embed-core-10.1.31.jar:6.0]
	at org.springframework.web.servlet.FrameworkServlet.service(FrameworkServlet.java:885) ~[spring-webmvc-6.1.14.jar:6.1.14]
	at jakarta.servlet.http.HttpServlet.service(HttpServlet.java:658) ~[tomcat-embed-core-10.1.31.jar:6.0]
	at org.apache.catalina.core.ApplicationFilterChain.internalDoFilter(ApplicationFilterChain.java:195) ~[tomcat-embed-core-10.1.31.jar:10.1.31]
	at org.apache.catalina.core.ApplicationFilterChain.doFilter(ApplicationFilterChain.java:140) ~[tomcat-embed-core-10.1.31.jar:10.1.31]
	at org.apache.tomcat.websocket.server.WsFilter.doFilter(WsFilter.java:51) ~[tomcat-embed-websocket-10.1.31.jar:10.1.31]
	at org.apache.catalina.core.ApplicationFilterChain.internalDoFilter(ApplicationFilterChain.java:164) ~[tomcat-embed-core-10.1.31.jar:10.1.31]
	at org.apache.catalina.core.ApplicationFilterChain.doFilter(ApplicationFilterChain.java:140) ~[tomcat-embed-core-10.1.31.jar:10.1.31]
	at org.springframework.web.filter.RequestContextFilter.doFilterInternal(RequestContextFilter.java:100) ~[spring-web-6.1.14.jar:6.1.14]
	at org.springframework.web.filter.OncePerRequestFilter.doFilter(OncePerRequestFilter.java:116) ~[spring-web-6.1.14.jar:6.1.14]
	at org.apache.catalina.core.ApplicationFilterChain.internalDoFilter(ApplicationFilterChain.java:164) ~[tomcat-embed-core-10.1.31.jar:10.1.31]
	at org.apache.catalina.core.ApplicationFilterChain.doFilter(ApplicationFilterChain.java:140) ~[tomcat-embed-core-10.1.31.jar:10.1.31]
	at org.springframework.web.filter.FormContentFilter.doFilterInternal(FormContentFilter.java:93) ~[spring-web-6.1.14.jar:6.1.14]
	at org.springframework.web.filter.OncePerRequestFilter.doFilter(OncePerRequestFilter.java:116) ~[spring-web-6.1.14.jar:6.1.14]
	at org.apache.catalina.core.ApplicationFilterChain.internalDoFilter(ApplicationFilterChain.java:164) ~[tomcat-embed-core-10.1.31.jar:10.1.31]
	at org.apache.catalina.core.ApplicationFilterChain.doFilter(ApplicationFilterChain.java:140) ~[tomcat-embed-core-10.1.31.jar:10.1.31]
	at org.springframework.web.filter.CharacterEncodingFilter.doFilterInternal(CharacterEncodingFilter.java:201) ~[spring-web-6.1.14.jar:6.1.14]
	at org.springframework.web.filter.OncePerRequestFilter.doFilter(OncePerRequestFilter.java:116) ~[spring-web-6.1.14.jar:6.1.14]
	at org.apache.catalina.core.ApplicationFilterChain.internalDoFilter(ApplicationFilterChain.java:164) ~[tomcat-embed-core-10.1.31.jar:10.1.31]
	at org.apache.catalina.core.ApplicationFilterChain.doFilter(ApplicationFilterChain.java:140) ~[tomcat-embed-core-10.1.31.jar:10.1.31]
	at com.tianji.common.filters.RequestIdFilter.doFilter(RequestIdFilter.java:27) ~[classes/:na]
	at org.apache.catalina.core.ApplicationFilterChain.internalDoFilter(ApplicationFilterChain.java:164) ~[tomcat-embed-core-10.1.31.jar:10.1.31]
	at org.apache.catalina.core.ApplicationFilterChain.doFilter(ApplicationFilterChain.java:140) ~[tomcat-embed-core-10.1.31.jar:10.1.31]
	at org.apache.catalina.core.StandardWrapperValve.invoke(StandardWrapperValve.java:167) ~[tomcat-embed-core-10.1.31.jar:10.1.31]
	at org.apache.catalina.core.StandardContextValve.invoke(StandardContextValve.java:90) ~[tomcat-embed-core-10.1.31.jar:10.1.31]
	at org.apache.catalina.authenticator.AuthenticatorBase.invoke(AuthenticatorBase.java:483) ~[tomcat-embed-core-10.1.31.jar:10.1.31]
	at org.apache.catalina.core.StandardHostValve.invoke(StandardHostValve.java:115) ~[tomcat-embed-core-10.1.31.jar:10.1.31]
	at org.apache.catalina.valves.ErrorReportValve.invoke(ErrorReportValve.java:93) ~[tomcat-embed-core-10.1.31.jar:10.1.31]
	at org.apache.catalina.core.StandardEngineValve.invoke(StandardEngineValve.java:74) ~[tomcat-embed-core-10.1.31.jar:10.1.31]
	at org.apache.catalina.connector.CoyoteAdapter.service(CoyoteAdapter.java:344) ~[tomcat-embed-core-10.1.31.jar:10.1.31]
	at org.apache.coyote.http11.Http11Processor.service(Http11Processor.java:384) ~[tomcat-embed-core-10.1.31.jar:10.1.31]
	at org.apache.coyote.AbstractProcessorLight.process(AbstractProcessorLight.java:63) ~[tomcat-embed-core-10.1.31.jar:10.1.31]
	at org.apache.coyote.AbstractProtocol$ConnectionHandler.process(AbstractProtocol.java:905) ~[tomcat-embed-core-10.1.31.jar:10.1.31]
	at org.apache.tomcat.util.net.NioEndpoint$SocketProcessor.doRun(NioEndpoint.java:1741) ~[tomcat-embed-core-10.1.31.jar:10.1.31]
	at org.apache.tomcat.util.net.SocketProcessorBase.run(SocketProcessorBase.java:52) ~[tomcat-embed-core-10.1.31.jar:10.1.31]
	at org.apache.tomcat.util.threads.ThreadPoolExecutor.runWorker(ThreadPoolExecutor.java:1190) ~[tomcat-embed-core-10.1.31.jar:10.1.31]
	at org.apache.tomcat.util.threads.ThreadPoolExecutor$Worker.run(ThreadPoolExecutor.java:659) ~[tomcat-embed-core-10.1.31.jar:10.1.31]
	at org.apache.tomcat.util.threads.TaskThread$WrappingRunnable.run(TaskThread.java:63) ~[tomcat-embed-core-10.1.31.jar:10.1.31]
	at java.base/java.lang.Thread.run(Thread.java:842) ~[na:na]
15:13:00.558-[LAPTOP-FPFPK7D7][92583e3e792940a4af35c1beb541d5d9]--DEBUG 2172 --- [nio-8094-exec-2] c.t.a.m.ChatSessionMapper.selectList     : <==      Total: 28
15:13:00.566-[LAPTOP-FPFPK7D7][b75663ef0d434baf8de29278e73fc4ed]--DEBUG 2172 --- [nio-8094-exec-4] c.t.a.mapper.ChatSessionMapper.insert    : <==    Updates: 1
15:13:03.634-[LAPTOP-FPFPK7D7][f06294f028ee4d9ab96fe0c9c59592c8]--DEBUG 2172 --- [nio-8094-exec-1] c.t.a.m.ChatSessionMapper.selectList     : ==>  Preparing: SELECT id,session_id,user_id,title,create_time,update_time,creater,updater FROM chat_session WHERE (user_id = ?) ORDER BY update_time DESC limit 30
15:13:03.634-[LAPTOP-FPFPK7D7][abb2274c17c641e78c30bd481475a155]--DEBUG 2172 --- [nio-8094-exec-6] c.t.a.mapper.ChatSessionMapper.insert    : ==>  Preparing: INSERT INTO chat_session ( id, session_id, user_id, creater, updater ) VALUES ( ?, ?, ?, ?, ? )
15:13:03.634-[LAPTOP-FPFPK7D7][f06294f028ee4d9ab96fe0c9c59592c8]--DEBUG 2172 --- [nio-8094-exec-1] c.t.a.m.ChatSessionMapper.selectList     : ==> Parameters: 2(Long)
15:13:03.634-[LAPTOP-FPFPK7D7][abb2274c17c641e78c30bd481475a155]--DEBUG 2172 --- [nio-8094-exec-6] c.t.a.mapper.ChatSessionMapper.insert    : ==> Parameters: 1963862928541130754(Long), a122976efd1a4862a18b5ffceb1cd48f(String), 2(Long), 2(Long), 2(Long)
15:13:03.634-[LAPTOP-FPFPK7D7][2b870ae5dbcd4c0fbc870d444a54b606]--ERROR 2172 --- [io-8094-exec-10] c.t.c.a.m.advice.CommonExceptionAdvice   : 参数异常 -> ServletException，No static resource chat/templates.
15:13:03.634-[LAPTOP-FPFPK7D7][2b870ae5dbcd4c0fbc870d444a54b606]--DEBUG 2172 --- [io-8094-exec-10] c.t.c.a.m.advice.CommonExceptionAdvice   : 
org.springframework.web.servlet.resource.NoResourceFoundException: No static resource chat/templates.
	at org.springframework.web.servlet.resource.ResourceHttpRequestHandler.handleRequest(ResourceHttpRequestHandler.java:585) ~[spring-webmvc-6.1.14.jar:6.1.14]
	at org.springframework.web.servlet.mvc.HttpRequestHandlerAdapter.handle(HttpRequestHandlerAdapter.java:52) ~[spring-webmvc-6.1.14.jar:6.1.14]
	at org.springframework.web.servlet.DispatcherServlet.doDispatch(DispatcherServlet.java:1089) ~[spring-webmvc-6.1.14.jar:6.1.14]
	at org.springframework.web.servlet.DispatcherServlet.doService(DispatcherServlet.java:979) ~[spring-webmvc-6.1.14.jar:6.1.14]
	at org.springframework.web.servlet.FrameworkServlet.processRequest(FrameworkServlet.java:1014) ~[spring-webmvc-6.1.14.jar:6.1.14]
	at org.springframework.web.servlet.FrameworkServlet.doGet(FrameworkServlet.java:903) ~[spring-webmvc-6.1.14.jar:6.1.14]
	at jakarta.servlet.http.HttpServlet.service(HttpServlet.java:564) ~[tomcat-embed-core-10.1.31.jar:6.0]
	at org.springframework.web.servlet.FrameworkServlet.service(FrameworkServlet.java:885) ~[spring-webmvc-6.1.14.jar:6.1.14]
	at jakarta.servlet.http.HttpServlet.service(HttpServlet.java:658) ~[tomcat-embed-core-10.1.31.jar:6.0]
	at org.apache.catalina.core.ApplicationFilterChain.internalDoFilter(ApplicationFilterChain.java:195) ~[tomcat-embed-core-10.1.31.jar:10.1.31]
	at org.apache.catalina.core.ApplicationFilterChain.doFilter(ApplicationFilterChain.java:140) ~[tomcat-embed-core-10.1.31.jar:10.1.31]
	at org.apache.tomcat.websocket.server.WsFilter.doFilter(WsFilter.java:51) ~[tomcat-embed-websocket-10.1.31.jar:10.1.31]
	at org.apache.catalina.core.ApplicationFilterChain.internalDoFilter(ApplicationFilterChain.java:164) ~[tomcat-embed-core-10.1.31.jar:10.1.31]
	at org.apache.catalina.core.ApplicationFilterChain.doFilter(ApplicationFilterChain.java:140) ~[tomcat-embed-core-10.1.31.jar:10.1.31]
	at org.springframework.web.filter.RequestContextFilter.doFilterInternal(RequestContextFilter.java:100) ~[spring-web-6.1.14.jar:6.1.14]
	at org.springframework.web.filter.OncePerRequestFilter.doFilter(OncePerRequestFilter.java:116) ~[spring-web-6.1.14.jar:6.1.14]
	at org.apache.catalina.core.ApplicationFilterChain.internalDoFilter(ApplicationFilterChain.java:164) ~[tomcat-embed-core-10.1.31.jar:10.1.31]
	at org.apache.catalina.core.ApplicationFilterChain.doFilter(ApplicationFilterChain.java:140) ~[tomcat-embed-core-10.1.31.jar:10.1.31]
	at org.springframework.web.filter.FormContentFilter.doFilterInternal(FormContentFilter.java:93) ~[spring-web-6.1.14.jar:6.1.14]
	at org.springframework.web.filter.OncePerRequestFilter.doFilter(OncePerRequestFilter.java:116) ~[spring-web-6.1.14.jar:6.1.14]
	at org.apache.catalina.core.ApplicationFilterChain.internalDoFilter(ApplicationFilterChain.java:164) ~[tomcat-embed-core-10.1.31.jar:10.1.31]
	at org.apache.catalina.core.ApplicationFilterChain.doFilter(ApplicationFilterChain.java:140) ~[tomcat-embed-core-10.1.31.jar:10.1.31]
	at org.springframework.web.filter.CharacterEncodingFilter.doFilterInternal(CharacterEncodingFilter.java:201) ~[spring-web-6.1.14.jar:6.1.14]
	at org.springframework.web.filter.OncePerRequestFilter.doFilter(OncePerRequestFilter.java:116) ~[spring-web-6.1.14.jar:6.1.14]
	at org.apache.catalina.core.ApplicationFilterChain.internalDoFilter(ApplicationFilterChain.java:164) ~[tomcat-embed-core-10.1.31.jar:10.1.31]
	at org.apache.catalina.core.ApplicationFilterChain.doFilter(ApplicationFilterChain.java:140) ~[tomcat-embed-core-10.1.31.jar:10.1.31]
	at com.tianji.common.filters.RequestIdFilter.doFilter(RequestIdFilter.java:27) ~[classes/:na]
	at org.apache.catalina.core.ApplicationFilterChain.internalDoFilter(ApplicationFilterChain.java:164) ~[tomcat-embed-core-10.1.31.jar:10.1.31]
	at org.apache.catalina.core.ApplicationFilterChain.doFilter(ApplicationFilterChain.java:140) ~[tomcat-embed-core-10.1.31.jar:10.1.31]
	at org.apache.catalina.core.StandardWrapperValve.invoke(StandardWrapperValve.java:167) ~[tomcat-embed-core-10.1.31.jar:10.1.31]
	at org.apache.catalina.core.StandardContextValve.invoke(StandardContextValve.java:90) ~[tomcat-embed-core-10.1.31.jar:10.1.31]
	at org.apache.catalina.authenticator.AuthenticatorBase.invoke(AuthenticatorBase.java:483) ~[tomcat-embed-core-10.1.31.jar:10.1.31]
	at org.apache.catalina.core.StandardHostValve.invoke(StandardHostValve.java:115) ~[tomcat-embed-core-10.1.31.jar:10.1.31]
	at org.apache.catalina.valves.ErrorReportValve.invoke(ErrorReportValve.java:93) ~[tomcat-embed-core-10.1.31.jar:10.1.31]
	at org.apache.catalina.core.StandardEngineValve.invoke(StandardEngineValve.java:74) ~[tomcat-embed-core-10.1.31.jar:10.1.31]
	at org.apache.catalina.connector.CoyoteAdapter.service(CoyoteAdapter.java:344) ~[tomcat-embed-core-10.1.31.jar:10.1.31]
	at org.apache.coyote.http11.Http11Processor.service(Http11Processor.java:384) ~[tomcat-embed-core-10.1.31.jar:10.1.31]
	at org.apache.coyote.AbstractProcessorLight.process(AbstractProcessorLight.java:63) ~[tomcat-embed-core-10.1.31.jar:10.1.31]
	at org.apache.coyote.AbstractProtocol$ConnectionHandler.process(AbstractProtocol.java:905) ~[tomcat-embed-core-10.1.31.jar:10.1.31]
	at org.apache.tomcat.util.net.NioEndpoint$SocketProcessor.doRun(NioEndpoint.java:1741) ~[tomcat-embed-core-10.1.31.jar:10.1.31]
	at org.apache.tomcat.util.net.SocketProcessorBase.run(SocketProcessorBase.java:52) ~[tomcat-embed-core-10.1.31.jar:10.1.31]
	at org.apache.tomcat.util.threads.ThreadPoolExecutor.runWorker(ThreadPoolExecutor.java:1190) ~[tomcat-embed-core-10.1.31.jar:10.1.31]
	at org.apache.tomcat.util.threads.ThreadPoolExecutor$Worker.run(ThreadPoolExecutor.java:659) ~[tomcat-embed-core-10.1.31.jar:10.1.31]
	at org.apache.tomcat.util.threads.TaskThread$WrappingRunnable.run(TaskThread.java:63) ~[tomcat-embed-core-10.1.31.jar:10.1.31]
	at java.base/java.lang.Thread.run(Thread.java:842) ~[na:na]
15:13:03.638-[LAPTOP-FPFPK7D7][f06294f028ee4d9ab96fe0c9c59592c8]--DEBUG 2172 --- [nio-8094-exec-1] c.t.a.m.ChatSessionMapper.selectList     : <==      Total: 29
15:13:03.641-[LAPTOP-FPFPK7D7][abb2274c17c641e78c30bd481475a155]--DEBUG 2172 --- [nio-8094-exec-6] c.t.a.mapper.ChatSessionMapper.insert    : <==    Updates: 1
15:13:06.215-[LAPTOP-FPFPK7D7][db7ba63ec18e45babe847fe81dedd7fa]--DEBUG 2172 --- [nio-8094-exec-8] c.t.a.mapper.ChatSessionMapper.insert    : ==>  Preparing: INSERT INTO chat_session ( id, session_id, user_id, creater, updater ) VALUES ( ?, ?, ?, ?, ? )
15:13:06.215-[LAPTOP-FPFPK7D7][2f9918cda6dd4d8e86f1f86080426cfd]--DEBUG 2172 --- [nio-8094-exec-3] c.t.a.m.ChatSessionMapper.selectList     : ==>  Preparing: SELECT id,session_id,user_id,title,create_time,update_time,creater,updater FROM chat_session WHERE (user_id = ?) ORDER BY update_time DESC limit 30
15:13:06.216-[LAPTOP-FPFPK7D7][2f9918cda6dd4d8e86f1f86080426cfd]--DEBUG 2172 --- [nio-8094-exec-3] c.t.a.m.ChatSessionMapper.selectList     : ==> Parameters: 2(Long)
15:13:06.216-[LAPTOP-FPFPK7D7][db7ba63ec18e45babe847fe81dedd7fa]--DEBUG 2172 --- [nio-8094-exec-8] c.t.a.mapper.ChatSessionMapper.insert    : ==> Parameters: 1963862939362435074(Long), 1b8d876aed9543628312842ccc0ca085(String), 2(Long), 2(Long), 2(Long)
15:13:06.217-[LAPTOP-FPFPK7D7][02e0722e0d3545ad8fb97937dbb8d323]--ERROR 2172 --- [nio-8094-exec-2] c.t.c.a.m.advice.CommonExceptionAdvice   : 参数异常 -> ServletException，No static resource chat/templates.
15:13:06.217-[LAPTOP-FPFPK7D7][02e0722e0d3545ad8fb97937dbb8d323]--DEBUG 2172 --- [nio-8094-exec-2] c.t.c.a.m.advice.CommonExceptionAdvice   : 
org.springframework.web.servlet.resource.NoResourceFoundException: No static resource chat/templates.
	at org.springframework.web.servlet.resource.ResourceHttpRequestHandler.handleRequest(ResourceHttpRequestHandler.java:585) ~[spring-webmvc-6.1.14.jar:6.1.14]
	at org.springframework.web.servlet.mvc.HttpRequestHandlerAdapter.handle(HttpRequestHandlerAdapter.java:52) ~[spring-webmvc-6.1.14.jar:6.1.14]
	at org.springframework.web.servlet.DispatcherServlet.doDispatch(DispatcherServlet.java:1089) ~[spring-webmvc-6.1.14.jar:6.1.14]
	at org.springframework.web.servlet.DispatcherServlet.doService(DispatcherServlet.java:979) ~[spring-webmvc-6.1.14.jar:6.1.14]
	at org.springframework.web.servlet.FrameworkServlet.processRequest(FrameworkServlet.java:1014) ~[spring-webmvc-6.1.14.jar:6.1.14]
	at org.springframework.web.servlet.FrameworkServlet.doGet(FrameworkServlet.java:903) ~[spring-webmvc-6.1.14.jar:6.1.14]
	at jakarta.servlet.http.HttpServlet.service(HttpServlet.java:564) ~[tomcat-embed-core-10.1.31.jar:6.0]
	at org.springframework.web.servlet.FrameworkServlet.service(FrameworkServlet.java:885) ~[spring-webmvc-6.1.14.jar:6.1.14]
	at jakarta.servlet.http.HttpServlet.service(HttpServlet.java:658) ~[tomcat-embed-core-10.1.31.jar:6.0]
	at org.apache.catalina.core.ApplicationFilterChain.internalDoFilter(ApplicationFilterChain.java:195) ~[tomcat-embed-core-10.1.31.jar:10.1.31]
	at org.apache.catalina.core.ApplicationFilterChain.doFilter(ApplicationFilterChain.java:140) ~[tomcat-embed-core-10.1.31.jar:10.1.31]
	at org.apache.tomcat.websocket.server.WsFilter.doFilter(WsFilter.java:51) ~[tomcat-embed-websocket-10.1.31.jar:10.1.31]
	at org.apache.catalina.core.ApplicationFilterChain.internalDoFilter(ApplicationFilterChain.java:164) ~[tomcat-embed-core-10.1.31.jar:10.1.31]
	at org.apache.catalina.core.ApplicationFilterChain.doFilter(ApplicationFilterChain.java:140) ~[tomcat-embed-core-10.1.31.jar:10.1.31]
	at org.springframework.web.filter.RequestContextFilter.doFilterInternal(RequestContextFilter.java:100) ~[spring-web-6.1.14.jar:6.1.14]
	at org.springframework.web.filter.OncePerRequestFilter.doFilter(OncePerRequestFilter.java:116) ~[spring-web-6.1.14.jar:6.1.14]
	at org.apache.catalina.core.ApplicationFilterChain.internalDoFilter(ApplicationFilterChain.java:164) ~[tomcat-embed-core-10.1.31.jar:10.1.31]
	at org.apache.catalina.core.ApplicationFilterChain.doFilter(ApplicationFilterChain.java:140) ~[tomcat-embed-core-10.1.31.jar:10.1.31]
	at org.springframework.web.filter.FormContentFilter.doFilterInternal(FormContentFilter.java:93) ~[spring-web-6.1.14.jar:6.1.14]
	at org.springframework.web.filter.OncePerRequestFilter.doFilter(OncePerRequestFilter.java:116) ~[spring-web-6.1.14.jar:6.1.14]
	at org.apache.catalina.core.ApplicationFilterChain.internalDoFilter(ApplicationFilterChain.java:164) ~[tomcat-embed-core-10.1.31.jar:10.1.31]
	at org.apache.catalina.core.ApplicationFilterChain.doFilter(ApplicationFilterChain.java:140) ~[tomcat-embed-core-10.1.31.jar:10.1.31]
	at org.springframework.web.filter.CharacterEncodingFilter.doFilterInternal(CharacterEncodingFilter.java:201) ~[spring-web-6.1.14.jar:6.1.14]
	at org.springframework.web.filter.OncePerRequestFilter.doFilter(OncePerRequestFilter.java:116) ~[spring-web-6.1.14.jar:6.1.14]
	at org.apache.catalina.core.ApplicationFilterChain.internalDoFilter(ApplicationFilterChain.java:164) ~[tomcat-embed-core-10.1.31.jar:10.1.31]
	at org.apache.catalina.core.ApplicationFilterChain.doFilter(ApplicationFilterChain.java:140) ~[tomcat-embed-core-10.1.31.jar:10.1.31]
	at com.tianji.common.filters.RequestIdFilter.doFilter(RequestIdFilter.java:27) ~[classes/:na]
	at org.apache.catalina.core.ApplicationFilterChain.internalDoFilter(ApplicationFilterChain.java:164) ~[tomcat-embed-core-10.1.31.jar:10.1.31]
	at org.apache.catalina.core.ApplicationFilterChain.doFilter(ApplicationFilterChain.java:140) ~[tomcat-embed-core-10.1.31.jar:10.1.31]
	at org.apache.catalina.core.StandardWrapperValve.invoke(StandardWrapperValve.java:167) ~[tomcat-embed-core-10.1.31.jar:10.1.31]
	at org.apache.catalina.core.StandardContextValve.invoke(StandardContextValve.java:90) ~[tomcat-embed-core-10.1.31.jar:10.1.31]
	at org.apache.catalina.authenticator.AuthenticatorBase.invoke(AuthenticatorBase.java:483) ~[tomcat-embed-core-10.1.31.jar:10.1.31]
	at org.apache.catalina.core.StandardHostValve.invoke(StandardHostValve.java:115) ~[tomcat-embed-core-10.1.31.jar:10.1.31]
	at org.apache.catalina.valves.ErrorReportValve.invoke(ErrorReportValve.java:93) ~[tomcat-embed-core-10.1.31.jar:10.1.31]
	at org.apache.catalina.core.StandardEngineValve.invoke(StandardEngineValve.java:74) ~[tomcat-embed-core-10.1.31.jar:10.1.31]
	at org.apache.catalina.connector.CoyoteAdapter.service(CoyoteAdapter.java:344) ~[tomcat-embed-core-10.1.31.jar:10.1.31]
	at org.apache.coyote.http11.Http11Processor.service(Http11Processor.java:384) ~[tomcat-embed-core-10.1.31.jar:10.1.31]
	at org.apache.coyote.AbstractProcessorLight.process(AbstractProcessorLight.java:63) ~[tomcat-embed-core-10.1.31.jar:10.1.31]
	at org.apache.coyote.AbstractProtocol$ConnectionHandler.process(AbstractProtocol.java:905) ~[tomcat-embed-core-10.1.31.jar:10.1.31]
	at org.apache.tomcat.util.net.NioEndpoint$SocketProcessor.doRun(NioEndpoint.java:1741) ~[tomcat-embed-core-10.1.31.jar:10.1.31]
	at org.apache.tomcat.util.net.SocketProcessorBase.run(SocketProcessorBase.java:52) ~[tomcat-embed-core-10.1.31.jar:10.1.31]
	at org.apache.tomcat.util.threads.ThreadPoolExecutor.runWorker(ThreadPoolExecutor.java:1190) ~[tomcat-embed-core-10.1.31.jar:10.1.31]
	at org.apache.tomcat.util.threads.ThreadPoolExecutor$Worker.run(ThreadPoolExecutor.java:659) ~[tomcat-embed-core-10.1.31.jar:10.1.31]
	at org.apache.tomcat.util.threads.TaskThread$WrappingRunnable.run(TaskThread.java:63) ~[tomcat-embed-core-10.1.31.jar:10.1.31]
	at java.base/java.lang.Thread.run(Thread.java:842) ~[na:na]
15:13:06.223-[LAPTOP-FPFPK7D7][2f9918cda6dd4d8e86f1f86080426cfd]--DEBUG 2172 --- [nio-8094-exec-3] c.t.a.m.ChatSessionMapper.selectList     : <==      Total: 30
15:13:06.226-[LAPTOP-FPFPK7D7][db7ba63ec18e45babe847fe81dedd7fa]--DEBUG 2172 --- [nio-8094-exec-8] c.t.a.mapper.ChatSessionMapper.insert    : <==    Updates: 1
15:13:28.978-[LAPTOP-FPFPK7D7][sys]--DEBUG 2172 --- [nio-8094-exec-9] o.s.a.c.c.advisor.SimpleLoggerAdvisor    : response: {
  "result" : {
    "metadata" : {
      "finishReason" : "STOP",
      "contentFilters" : [ ],
      "empty" : true
    },
    "output" : {
      "messageType" : "ASSISTANT",
      "metadata" : {
        "finishReason" : "STOP",
        "role" : "ASSISTANT",
        "id" : "1553bf7d-73af-45d9-8809-ac540fd846ed",
        "messageType" : "ASSISTANT",
        "reasoningContent" : ""
      },
      "toolCalls" : [ ],
      "media" : [ ],
      "text" : "Redis 作为一款高性能的键值存储系统，其高级特性广泛应用于缓存、分布式系统、消息队列等场景。以下是 Redis 高级教程中比较核心和高级的部分内容，适合已经掌握 Redis 基础知识并希望进一步深入学习的开发者：\n\n---\n\n### 1. **Redis 数据结构高级应用**\nRedis 不仅仅支持字符串、哈希、列表、集合、有序集合等基本数据类型，还提供了以下高级用法：\n\n- **HyperLogLog**：用于进行基数统计，适用于统计独立访问用户数等场景。\n- **Bitmaps**：位图操作，适合处理布尔类型的状态数据（如签到、登录状态）。\n- **GEO**：地理空间数据支持，可以存储地理位置信息并进行距离计算、范围查询。\n- **Streams**：Redis 5.0 引入的数据结构，用于实现高性能的消息队列功能。\n\n---\n\n### 2. **Redis 持久化机制**\nRedis 是内存数据库，持久化机制是保障数据可靠性的关键：\n\n- **RDB（Redis Database Backup）**：快照方式持久化，适合备份和灾难恢复。\n- **AOF（Append Only File）**：日志方式记录所有写操作，适合数据安全性要求高的场景。\n- **混合持久化（Redis 4.0+）**：结合 RDB 和 AOF 的优势，提升恢复速度和数据安全性。\n\n---\n\n### 3. **Redis 高可用方案**\n为了保障服务的连续性和数据的可靠性，Redis 提供了多种高可用方案：\n\n- **主从复制（Master-Slave）**：实现数据的读写分离，提高并发能力。\n- **哨兵模式（Sentinel）**：自动实现故障转移，保障 Redis 集群的高可用。\n- **Redis Cluster（集群模式）**：数据分片存储，支持水平扩展，适用于大规模数据场景。\n\n---\n\n### 4. **Redis 性能优化与调优**\n- **内存优化**：使用更高效的数据结构（如 Hash、Ziplist），控制内存使用。\n- **连接优化**：使用连接池减少连接开销（如 Lettuce、Jedis）。\n- **配置调优**：调整最大内存限制（maxmemory）、淘汰策略（eviction policy）等参数。\n- **命令优化**：避免使用耗时命令（如 KEYS、SMEMBERS），优先使用 SCAN 类命令。\n\n---\n\n### 5. **Redis 分布式锁与事务**\n- **分布式锁**：基于 Redis 实现分布式系统中的资源协调与互斥访问（如使用 Redlock 算法）。\n- **Lua 脚本**：通过 Lua 脚本实现原子操作，提升执行效率和一致性。\n- **事务机制**：Redis 提供 MULTI、EXEC、WATCH 等命令实现简单的事务控制。\n\n---\n\n### 6. **Redis 与消息队列**\nRedis 的发布/订阅机制（Pub/Sub）和 Stream 数据结构可以用于构建轻量级的消息队列系统：\n\n- **Pub/Sub**：适用于实时通信、广播通知等场景。\n- **Stream**：支持消息持久化、消费者组、消息确认机制，适用于更复杂的消息队列需求。\n\n---\n\n### 7. **Redis 缓存设计与缓存穿透、击穿、雪崩解决方案**\n- **缓存穿透**：使用布隆过滤器（Bloom Filter）过滤无效请求。\n- **缓存击穿**：对热点数据设置永不过期或加互斥锁。\n- **缓存雪崩**：设置不同的过期时间，避免大量缓存同时失效。\n- **缓存预热**：在系统启动时提前加载热点数据，避免冷启动压力。\n\n---\n\n### 8. **Redis 安全机制**\n- **访问控制**：配置密码认证（requirepass）和只读账户。\n- **权限管理**：Redis 6.0 引入 ACL（Access Control List）机制，实现更细粒度的权限控制。\n- **网络隔离**：限制 Redis 的访问 IP，避免暴露在公网中。\n\n---\n\n### 9. **Redis 监控与调优工具**\n- **Redis 自带命令**：如 `INFO`、`SLOWLOG`、`MONITOR` 等。\n- **可视化工具**：如 Redis Desktop Manager、RedisInsight。\n- **性能监控系统**：集成 Prometheus + Grafana 实现实时监控和告警。\n\n---\n\n### 10. **Redis 在分布式系统中的应用**\n- **Session 共享**：在微服务架构中，使用 Redis 存储用户会话信息。\n- **分布式计数器**：利用 Redis 的原子操作实现高性能计数器。\n- **限流与熔断**：结合 Redis 和 Lua 脚本实现限流策略（如令牌桶、漏桶算法）。\n\n---\n\n### 总结\nRedis 的高级部分主要集中在高可用架构设计、性能调优、分布式系统应用以及复杂数据结构的使用。掌握这些内容可以帮助开发者在构建高性能、高可用的系统时更好地利用 Redis 的优势。建议结合实际项目场景，深入理解每个高级特性的适用场景和最佳实践。"
    }
  },
  "metadata" : {
    "id" : "1553bf7d-73af-45d9-8809-ac540fd846ed",
    "model" : "",
    "rateLimit" : {
      "requestsRemaining" : 0,
      "requestsLimit" : 0,
      "tokensReset" : 0.0,
      "tokensRemaining" : 0,
      "requestsReset" : 0.0,
      "tokensLimit" : 0
    },
    "usage" : {
      "completionTokens" : 0,
      "generationTokens" : 1108,
      "promptTokens" : 2473,
      "totalTokens" : 3581,
      "nativeUsage" : null
    },
    "promptMetadata" : [ ],
    "empty" : true
  },
  "results" : [ {
    "metadata" : {
      "finishReason" : "STOP",
      "contentFilters" : [ ],
      "empty" : true
    },
    "output" : {
      "messageType" : "ASSISTANT",
      "metadata" : {
        "finishReason" : "STOP",
        "role" : "ASSISTANT",
        "id" : "1553bf7d-73af-45d9-8809-ac540fd846ed",
        "messageType" : "ASSISTANT",
        "reasoningContent" : ""
      },
      "toolCalls" : [ ],
      "media" : [ ],
      "text" : "Redis 作为一款高性能的键值存储系统，其高级特性广泛应用于缓存、分布式系统、消息队列等场景。以下是 Redis 高级教程中比较核心和高级的部分内容，适合已经掌握 Redis 基础知识并希望进一步深入学习的开发者：\n\n---\n\n### 1. **Redis 数据结构高级应用**\nRedis 不仅仅支持字符串、哈希、列表、集合、有序集合等基本数据类型，还提供了以下高级用法：\n\n- **HyperLogLog**：用于进行基数统计，适用于统计独立访问用户数等场景。\n- **Bitmaps**：位图操作，适合处理布尔类型的状态数据（如签到、登录状态）。\n- **GEO**：地理空间数据支持，可以存储地理位置信息并进行距离计算、范围查询。\n- **Streams**：Redis 5.0 引入的数据结构，用于实现高性能的消息队列功能。\n\n---\n\n### 2. **Redis 持久化机制**\nRedis 是内存数据库，持久化机制是保障数据可靠性的关键：\n\n- **RDB（Redis Database Backup）**：快照方式持久化，适合备份和灾难恢复。\n- **AOF（Append Only File）**：日志方式记录所有写操作，适合数据安全性要求高的场景。\n- **混合持久化（Redis 4.0+）**：结合 RDB 和 AOF 的优势，提升恢复速度和数据安全性。\n\n---\n\n### 3. **Redis 高可用方案**\n为了保障服务的连续性和数据的可靠性，Redis 提供了多种高可用方案：\n\n- **主从复制（Master-Slave）**：实现数据的读写分离，提高并发能力。\n- **哨兵模式（Sentinel）**：自动实现故障转移，保障 Redis 集群的高可用。\n- **Redis Cluster（集群模式）**：数据分片存储，支持水平扩展，适用于大规模数据场景。\n\n---\n\n### 4. **Redis 性能优化与调优**\n- **内存优化**：使用更高效的数据结构（如 Hash、Ziplist），控制内存使用。\n- **连接优化**：使用连接池减少连接开销（如 Lettuce、Jedis）。\n- **配置调优**：调整最大内存限制（maxmemory）、淘汰策略（eviction policy）等参数。\n- **命令优化**：避免使用耗时命令（如 KEYS、SMEMBERS），优先使用 SCAN 类命令。\n\n---\n\n### 5. **Redis 分布式锁与事务**\n- **分布式锁**：基于 Redis 实现分布式系统中的资源协调与互斥访问（如使用 Redlock 算法）。\n- **Lua 脚本**：通过 Lua 脚本实现原子操作，提升执行效率和一致性。\n- **事务机制**：Redis 提供 MULTI、EXEC、WATCH 等命令实现简单的事务控制。\n\n---\n\n### 6. **Redis 与消息队列**\nRedis 的发布/订阅机制（Pub/Sub）和 Stream 数据结构可以用于构建轻量级的消息队列系统：\n\n- **Pub/Sub**：适用于实时通信、广播通知等场景。\n- **Stream**：支持消息持久化、消费者组、消息确认机制，适用于更复杂的消息队列需求。\n\n---\n\n### 7. **Redis 缓存设计与缓存穿透、击穿、雪崩解决方案**\n- **缓存穿透**：使用布隆过滤器（Bloom Filter）过滤无效请求。\n- **缓存击穿**：对热点数据设置永不过期或加互斥锁。\n- **缓存雪崩**：设置不同的过期时间，避免大量缓存同时失效。\n- **缓存预热**：在系统启动时提前加载热点数据，避免冷启动压力。\n\n---\n\n### 8. **Redis 安全机制**\n- **访问控制**：配置密码认证（requirepass）和只读账户。\n- **权限管理**：Redis 6.0 引入 ACL（Access Control List）机制，实现更细粒度的权限控制。\n- **网络隔离**：限制 Redis 的访问 IP，避免暴露在公网中。\n\n---\n\n### 9. **Redis 监控与调优工具**\n- **Redis 自带命令**：如 `INFO`、`SLOWLOG`、`MONITOR` 等。\n- **可视化工具**：如 Redis Desktop Manager、RedisInsight。\n- **性能监控系统**：集成 Prometheus + Grafana 实现实时监控和告警。\n\n---\n\n### 10. **Redis 在分布式系统中的应用**\n- **Session 共享**：在微服务架构中，使用 Redis 存储用户会话信息。\n- **分布式计数器**：利用 Redis 的原子操作实现高性能计数器。\n- **限流与熔断**：结合 Redis 和 Lua 脚本实现限流策略（如令牌桶、漏桶算法）。\n\n---\n\n### 总结\nRedis 的高级部分主要集中在高可用架构设计、性能调优、分布式系统应用以及复杂数据结构的使用。掌握这些内容可以帮助开发者在构建高性能、高可用的系统时更好地利用 Redis 的优势。建议结合实际项目场景，深入理解每个高级特性的适用场景和最佳实践。"
    }
  } ]
}
15:13:48.787-[LAPTOP-FPFPK7D7][f0156f50d0624e38acec38bb5c1a0fe0]--DEBUG 2172 --- [nio-8094-exec-4] c.t.a.mapper.ChatSessionMapper.insert    : ==>  Preparing: INSERT INTO chat_session ( id, session_id, user_id, creater, updater ) VALUES ( ?, ?, ?, ?, ? )
15:13:48.788-[LAPTOP-FPFPK7D7][f0156f50d0624e38acec38bb5c1a0fe0]--DEBUG 2172 --- [nio-8094-exec-4] c.t.a.mapper.ChatSessionMapper.insert    : ==> Parameters: 1963863117926539266(Long), 0641d3e093544e3e96ac2e9c1aa57add(String), 2(Long), 2(Long), 2(Long)
15:13:48.789-[LAPTOP-FPFPK7D7][9e1341bb0f26442aaf651d98399cfcdf]--DEBUG 2172 --- [nio-8094-exec-5] c.t.a.m.ChatSessionMapper.selectList     : ==>  Preparing: SELECT id,session_id,user_id,title,create_time,update_time,creater,updater FROM chat_session WHERE (user_id = ?) ORDER BY update_time DESC limit 30
15:13:48.790-[LAPTOP-FPFPK7D7][9e1341bb0f26442aaf651d98399cfcdf]--DEBUG 2172 --- [nio-8094-exec-5] c.t.a.m.ChatSessionMapper.selectList     : ==> Parameters: 2(Long)
15:13:48.792-[LAPTOP-FPFPK7D7][a691ef4a63b5466cb2a06e9f5a147a62]--ERROR 2172 --- [io-8094-exec-10] c.t.c.a.m.advice.CommonExceptionAdvice   : 参数异常 -> ServletException，No static resource chat/templates.
15:13:48.792-[LAPTOP-FPFPK7D7][a691ef4a63b5466cb2a06e9f5a147a62]--DEBUG 2172 --- [io-8094-exec-10] c.t.c.a.m.advice.CommonExceptionAdvice   : 
org.springframework.web.servlet.resource.NoResourceFoundException: No static resource chat/templates.
	at org.springframework.web.servlet.resource.ResourceHttpRequestHandler.handleRequest(ResourceHttpRequestHandler.java:585) ~[spring-webmvc-6.1.14.jar:6.1.14]
	at org.springframework.web.servlet.mvc.HttpRequestHandlerAdapter.handle(HttpRequestHandlerAdapter.java:52) ~[spring-webmvc-6.1.14.jar:6.1.14]
	at org.springframework.web.servlet.DispatcherServlet.doDispatch(DispatcherServlet.java:1089) ~[spring-webmvc-6.1.14.jar:6.1.14]
	at org.springframework.web.servlet.DispatcherServlet.doService(DispatcherServlet.java:979) ~[spring-webmvc-6.1.14.jar:6.1.14]
	at org.springframework.web.servlet.FrameworkServlet.processRequest(FrameworkServlet.java:1014) ~[spring-webmvc-6.1.14.jar:6.1.14]
	at org.springframework.web.servlet.FrameworkServlet.doGet(FrameworkServlet.java:903) ~[spring-webmvc-6.1.14.jar:6.1.14]
	at jakarta.servlet.http.HttpServlet.service(HttpServlet.java:564) ~[tomcat-embed-core-10.1.31.jar:6.0]
	at org.springframework.web.servlet.FrameworkServlet.service(FrameworkServlet.java:885) ~[spring-webmvc-6.1.14.jar:6.1.14]
	at jakarta.servlet.http.HttpServlet.service(HttpServlet.java:658) ~[tomcat-embed-core-10.1.31.jar:6.0]
	at org.apache.catalina.core.ApplicationFilterChain.internalDoFilter(ApplicationFilterChain.java:195) ~[tomcat-embed-core-10.1.31.jar:10.1.31]
	at org.apache.catalina.core.ApplicationFilterChain.doFilter(ApplicationFilterChain.java:140) ~[tomcat-embed-core-10.1.31.jar:10.1.31]
	at org.apache.tomcat.websocket.server.WsFilter.doFilter(WsFilter.java:51) ~[tomcat-embed-websocket-10.1.31.jar:10.1.31]
	at org.apache.catalina.core.ApplicationFilterChain.internalDoFilter(ApplicationFilterChain.java:164) ~[tomcat-embed-core-10.1.31.jar:10.1.31]
	at org.apache.catalina.core.ApplicationFilterChain.doFilter(ApplicationFilterChain.java:140) ~[tomcat-embed-core-10.1.31.jar:10.1.31]
	at org.springframework.web.filter.RequestContextFilter.doFilterInternal(RequestContextFilter.java:100) ~[spring-web-6.1.14.jar:6.1.14]
	at org.springframework.web.filter.OncePerRequestFilter.doFilter(OncePerRequestFilter.java:116) ~[spring-web-6.1.14.jar:6.1.14]
	at org.apache.catalina.core.ApplicationFilterChain.internalDoFilter(ApplicationFilterChain.java:164) ~[tomcat-embed-core-10.1.31.jar:10.1.31]
	at org.apache.catalina.core.ApplicationFilterChain.doFilter(ApplicationFilterChain.java:140) ~[tomcat-embed-core-10.1.31.jar:10.1.31]
	at org.springframework.web.filter.FormContentFilter.doFilterInternal(FormContentFilter.java:93) ~[spring-web-6.1.14.jar:6.1.14]
	at org.springframework.web.filter.OncePerRequestFilter.doFilter(OncePerRequestFilter.java:116) ~[spring-web-6.1.14.jar:6.1.14]
	at org.apache.catalina.core.ApplicationFilterChain.internalDoFilter(ApplicationFilterChain.java:164) ~[tomcat-embed-core-10.1.31.jar:10.1.31]
	at org.apache.catalina.core.ApplicationFilterChain.doFilter(ApplicationFilterChain.java:140) ~[tomcat-embed-core-10.1.31.jar:10.1.31]
	at org.springframework.web.filter.CharacterEncodingFilter.doFilterInternal(CharacterEncodingFilter.java:201) ~[spring-web-6.1.14.jar:6.1.14]
	at org.springframework.web.filter.OncePerRequestFilter.doFilter(OncePerRequestFilter.java:116) ~[spring-web-6.1.14.jar:6.1.14]
	at org.apache.catalina.core.ApplicationFilterChain.internalDoFilter(ApplicationFilterChain.java:164) ~[tomcat-embed-core-10.1.31.jar:10.1.31]
	at org.apache.catalina.core.ApplicationFilterChain.doFilter(ApplicationFilterChain.java:140) ~[tomcat-embed-core-10.1.31.jar:10.1.31]
	at com.tianji.common.filters.RequestIdFilter.doFilter(RequestIdFilter.java:27) ~[classes/:na]
	at org.apache.catalina.core.ApplicationFilterChain.internalDoFilter(ApplicationFilterChain.java:164) ~[tomcat-embed-core-10.1.31.jar:10.1.31]
	at org.apache.catalina.core.ApplicationFilterChain.doFilter(ApplicationFilterChain.java:140) ~[tomcat-embed-core-10.1.31.jar:10.1.31]
	at org.apache.catalina.core.StandardWrapperValve.invoke(StandardWrapperValve.java:167) ~[tomcat-embed-core-10.1.31.jar:10.1.31]
	at org.apache.catalina.core.StandardContextValve.invoke(StandardContextValve.java:90) ~[tomcat-embed-core-10.1.31.jar:10.1.31]
	at org.apache.catalina.authenticator.AuthenticatorBase.invoke(AuthenticatorBase.java:483) ~[tomcat-embed-core-10.1.31.jar:10.1.31]
	at org.apache.catalina.core.StandardHostValve.invoke(StandardHostValve.java:115) ~[tomcat-embed-core-10.1.31.jar:10.1.31]
	at org.apache.catalina.valves.ErrorReportValve.invoke(ErrorReportValve.java:93) ~[tomcat-embed-core-10.1.31.jar:10.1.31]
	at org.apache.catalina.core.StandardEngineValve.invoke(StandardEngineValve.java:74) ~[tomcat-embed-core-10.1.31.jar:10.1.31]
	at org.apache.catalina.connector.CoyoteAdapter.service(CoyoteAdapter.java:344) ~[tomcat-embed-core-10.1.31.jar:10.1.31]
	at org.apache.coyote.http11.Http11Processor.service(Http11Processor.java:384) ~[tomcat-embed-core-10.1.31.jar:10.1.31]
	at org.apache.coyote.AbstractProcessorLight.process(AbstractProcessorLight.java:63) ~[tomcat-embed-core-10.1.31.jar:10.1.31]
	at org.apache.coyote.AbstractProtocol$ConnectionHandler.process(AbstractProtocol.java:905) ~[tomcat-embed-core-10.1.31.jar:10.1.31]
	at org.apache.tomcat.util.net.NioEndpoint$SocketProcessor.doRun(NioEndpoint.java:1741) ~[tomcat-embed-core-10.1.31.jar:10.1.31]
	at org.apache.tomcat.util.net.SocketProcessorBase.run(SocketProcessorBase.java:52) ~[tomcat-embed-core-10.1.31.jar:10.1.31]
	at org.apache.tomcat.util.threads.ThreadPoolExecutor.runWorker(ThreadPoolExecutor.java:1190) ~[tomcat-embed-core-10.1.31.jar:10.1.31]
	at org.apache.tomcat.util.threads.ThreadPoolExecutor$Worker.run(ThreadPoolExecutor.java:659) ~[tomcat-embed-core-10.1.31.jar:10.1.31]
	at org.apache.tomcat.util.threads.TaskThread$WrappingRunnable.run(TaskThread.java:63) ~[tomcat-embed-core-10.1.31.jar:10.1.31]
	at java.base/java.lang.Thread.run(Thread.java:842) ~[na:na]
15:13:48.794-[LAPTOP-FPFPK7D7][9e1341bb0f26442aaf651d98399cfcdf]--DEBUG 2172 --- [nio-8094-exec-5] c.t.a.m.ChatSessionMapper.selectList     : <==      Total: 30
15:13:48.795-[LAPTOP-FPFPK7D7][f0156f50d0624e38acec38bb5c1a0fe0]--DEBUG 2172 --- [nio-8094-exec-4] c.t.a.mapper.ChatSessionMapper.insert    : <==    Updates: 1
15:13:52.584-[LAPTOP-FPFPK7D7][eae5ead8168341fe8fb503d4ea40b413]--ERROR 2172 --- [nio-8094-exec-6] c.t.c.a.m.advice.CommonExceptionAdvice   : 参数异常 -> ServletException，No static resource chat/templates.
15:13:52.584-[LAPTOP-FPFPK7D7][eae5ead8168341fe8fb503d4ea40b413]--DEBUG 2172 --- [nio-8094-exec-6] c.t.c.a.m.advice.CommonExceptionAdvice   : 
org.springframework.web.servlet.resource.NoResourceFoundException: No static resource chat/templates.
	at org.springframework.web.servlet.resource.ResourceHttpRequestHandler.handleRequest(ResourceHttpRequestHandler.java:585) ~[spring-webmvc-6.1.14.jar:6.1.14]
	at org.springframework.web.servlet.mvc.HttpRequestHandlerAdapter.handle(HttpRequestHandlerAdapter.java:52) ~[spring-webmvc-6.1.14.jar:6.1.14]
	at org.springframework.web.servlet.DispatcherServlet.doDispatch(DispatcherServlet.java:1089) ~[spring-webmvc-6.1.14.jar:6.1.14]
	at org.springframework.web.servlet.DispatcherServlet.doService(DispatcherServlet.java:979) ~[spring-webmvc-6.1.14.jar:6.1.14]
	at org.springframework.web.servlet.FrameworkServlet.processRequest(FrameworkServlet.java:1014) ~[spring-webmvc-6.1.14.jar:6.1.14]
	at org.springframework.web.servlet.FrameworkServlet.doGet(FrameworkServlet.java:903) ~[spring-webmvc-6.1.14.jar:6.1.14]
	at jakarta.servlet.http.HttpServlet.service(HttpServlet.java:564) ~[tomcat-embed-core-10.1.31.jar:6.0]
	at org.springframework.web.servlet.FrameworkServlet.service(FrameworkServlet.java:885) ~[spring-webmvc-6.1.14.jar:6.1.14]
	at jakarta.servlet.http.HttpServlet.service(HttpServlet.java:658) ~[tomcat-embed-core-10.1.31.jar:6.0]
	at org.apache.catalina.core.ApplicationFilterChain.internalDoFilter(ApplicationFilterChain.java:195) ~[tomcat-embed-core-10.1.31.jar:10.1.31]
	at org.apache.catalina.core.ApplicationFilterChain.doFilter(ApplicationFilterChain.java:140) ~[tomcat-embed-core-10.1.31.jar:10.1.31]
	at org.apache.tomcat.websocket.server.WsFilter.doFilter(WsFilter.java:51) ~[tomcat-embed-websocket-10.1.31.jar:10.1.31]
	at org.apache.catalina.core.ApplicationFilterChain.internalDoFilter(ApplicationFilterChain.java:164) ~[tomcat-embed-core-10.1.31.jar:10.1.31]
	at org.apache.catalina.core.ApplicationFilterChain.doFilter(ApplicationFilterChain.java:140) ~[tomcat-embed-core-10.1.31.jar:10.1.31]
	at org.springframework.web.filter.RequestContextFilter.doFilterInternal(RequestContextFilter.java:100) ~[spring-web-6.1.14.jar:6.1.14]
	at org.springframework.web.filter.OncePerRequestFilter.doFilter(OncePerRequestFilter.java:116) ~[spring-web-6.1.14.jar:6.1.14]
	at org.apache.catalina.core.ApplicationFilterChain.internalDoFilter(ApplicationFilterChain.java:164) ~[tomcat-embed-core-10.1.31.jar:10.1.31]
	at org.apache.catalina.core.ApplicationFilterChain.doFilter(ApplicationFilterChain.java:140) ~[tomcat-embed-core-10.1.31.jar:10.1.31]
	at org.springframework.web.filter.FormContentFilter.doFilterInternal(FormContentFilter.java:93) ~[spring-web-6.1.14.jar:6.1.14]
	at org.springframework.web.filter.OncePerRequestFilter.doFilter(OncePerRequestFilter.java:116) ~[spring-web-6.1.14.jar:6.1.14]
	at org.apache.catalina.core.ApplicationFilterChain.internalDoFilter(ApplicationFilterChain.java:164) ~[tomcat-embed-core-10.1.31.jar:10.1.31]
	at org.apache.catalina.core.ApplicationFilterChain.doFilter(ApplicationFilterChain.java:140) ~[tomcat-embed-core-10.1.31.jar:10.1.31]
	at org.springframework.web.filter.CharacterEncodingFilter.doFilterInternal(CharacterEncodingFilter.java:201) ~[spring-web-6.1.14.jar:6.1.14]
	at org.springframework.web.filter.OncePerRequestFilter.doFilter(OncePerRequestFilter.java:116) ~[spring-web-6.1.14.jar:6.1.14]
	at org.apache.catalina.core.ApplicationFilterChain.internalDoFilter(ApplicationFilterChain.java:164) ~[tomcat-embed-core-10.1.31.jar:10.1.31]
	at org.apache.catalina.core.ApplicationFilterChain.doFilter(ApplicationFilterChain.java:140) ~[tomcat-embed-core-10.1.31.jar:10.1.31]
	at com.tianji.common.filters.RequestIdFilter.doFilter(RequestIdFilter.java:27) ~[classes/:na]
	at org.apache.catalina.core.ApplicationFilterChain.internalDoFilter(ApplicationFilterChain.java:164) ~[tomcat-embed-core-10.1.31.jar:10.1.31]
	at org.apache.catalina.core.ApplicationFilterChain.doFilter(ApplicationFilterChain.java:140) ~[tomcat-embed-core-10.1.31.jar:10.1.31]
	at org.apache.catalina.core.StandardWrapperValve.invoke(StandardWrapperValve.java:167) ~[tomcat-embed-core-10.1.31.jar:10.1.31]
	at org.apache.catalina.core.StandardContextValve.invoke(StandardContextValve.java:90) ~[tomcat-embed-core-10.1.31.jar:10.1.31]
	at org.apache.catalina.authenticator.AuthenticatorBase.invoke(AuthenticatorBase.java:483) ~[tomcat-embed-core-10.1.31.jar:10.1.31]
	at org.apache.catalina.core.StandardHostValve.invoke(StandardHostValve.java:115) ~[tomcat-embed-core-10.1.31.jar:10.1.31]
	at org.apache.catalina.valves.ErrorReportValve.invoke(ErrorReportValve.java:93) ~[tomcat-embed-core-10.1.31.jar:10.1.31]
	at org.apache.catalina.core.StandardEngineValve.invoke(StandardEngineValve.java:74) ~[tomcat-embed-core-10.1.31.jar:10.1.31]
	at org.apache.catalina.connector.CoyoteAdapter.service(CoyoteAdapter.java:344) ~[tomcat-embed-core-10.1.31.jar:10.1.31]
	at org.apache.coyote.http11.Http11Processor.service(Http11Processor.java:384) ~[tomcat-embed-core-10.1.31.jar:10.1.31]
	at org.apache.coyote.AbstractProcessorLight.process(AbstractProcessorLight.java:63) ~[tomcat-embed-core-10.1.31.jar:10.1.31]
	at org.apache.coyote.AbstractProtocol$ConnectionHandler.process(AbstractProtocol.java:905) ~[tomcat-embed-core-10.1.31.jar:10.1.31]
	at org.apache.tomcat.util.net.NioEndpoint$SocketProcessor.doRun(NioEndpoint.java:1741) ~[tomcat-embed-core-10.1.31.jar:10.1.31]
	at org.apache.tomcat.util.net.SocketProcessorBase.run(SocketProcessorBase.java:52) ~[tomcat-embed-core-10.1.31.jar:10.1.31]
	at org.apache.tomcat.util.threads.ThreadPoolExecutor.runWorker(ThreadPoolExecutor.java:1190) ~[tomcat-embed-core-10.1.31.jar:10.1.31]
	at org.apache.tomcat.util.threads.ThreadPoolExecutor$Worker.run(ThreadPoolExecutor.java:659) ~[tomcat-embed-core-10.1.31.jar:10.1.31]
	at org.apache.tomcat.util.threads.TaskThread$WrappingRunnable.run(TaskThread.java:63) ~[tomcat-embed-core-10.1.31.jar:10.1.31]
	at java.base/java.lang.Thread.run(Thread.java:842) ~[na:na]
15:16:04.372-[LAPTOP-FPFPK7D7][66b22d143cb2479c9cdd66e1578787a6]--ERROR 2172 --- [nio-8094-exec-1] c.t.c.a.m.advice.CommonExceptionAdvice   : 参数异常 -> ServletException，No static resource chat/templates.
15:16:04.372-[LAPTOP-FPFPK7D7][66b22d143cb2479c9cdd66e1578787a6]--DEBUG 2172 --- [nio-8094-exec-1] c.t.c.a.m.advice.CommonExceptionAdvice   : 
org.springframework.web.servlet.resource.NoResourceFoundException: No static resource chat/templates.
	at org.springframework.web.servlet.resource.ResourceHttpRequestHandler.handleRequest(ResourceHttpRequestHandler.java:585) ~[spring-webmvc-6.1.14.jar:6.1.14]
	at org.springframework.web.servlet.mvc.HttpRequestHandlerAdapter.handle(HttpRequestHandlerAdapter.java:52) ~[spring-webmvc-6.1.14.jar:6.1.14]
	at org.springframework.web.servlet.DispatcherServlet.doDispatch(DispatcherServlet.java:1089) ~[spring-webmvc-6.1.14.jar:6.1.14]
	at org.springframework.web.servlet.DispatcherServlet.doService(DispatcherServlet.java:979) ~[spring-webmvc-6.1.14.jar:6.1.14]
	at org.springframework.web.servlet.FrameworkServlet.processRequest(FrameworkServlet.java:1014) ~[spring-webmvc-6.1.14.jar:6.1.14]
	at org.springframework.web.servlet.FrameworkServlet.doGet(FrameworkServlet.java:903) ~[spring-webmvc-6.1.14.jar:6.1.14]
	at jakarta.servlet.http.HttpServlet.service(HttpServlet.java:564) ~[tomcat-embed-core-10.1.31.jar:6.0]
	at org.springframework.web.servlet.FrameworkServlet.service(FrameworkServlet.java:885) ~[spring-webmvc-6.1.14.jar:6.1.14]
	at jakarta.servlet.http.HttpServlet.service(HttpServlet.java:658) ~[tomcat-embed-core-10.1.31.jar:6.0]
	at org.apache.catalina.core.ApplicationFilterChain.internalDoFilter(ApplicationFilterChain.java:195) ~[tomcat-embed-core-10.1.31.jar:10.1.31]
	at org.apache.catalina.core.ApplicationFilterChain.doFilter(ApplicationFilterChain.java:140) ~[tomcat-embed-core-10.1.31.jar:10.1.31]
	at org.apache.tomcat.websocket.server.WsFilter.doFilter(WsFilter.java:51) ~[tomcat-embed-websocket-10.1.31.jar:10.1.31]
	at org.apache.catalina.core.ApplicationFilterChain.internalDoFilter(ApplicationFilterChain.java:164) ~[tomcat-embed-core-10.1.31.jar:10.1.31]
	at org.apache.catalina.core.ApplicationFilterChain.doFilter(ApplicationFilterChain.java:140) ~[tomcat-embed-core-10.1.31.jar:10.1.31]
	at org.springframework.web.filter.RequestContextFilter.doFilterInternal(RequestContextFilter.java:100) ~[spring-web-6.1.14.jar:6.1.14]
	at org.springframework.web.filter.OncePerRequestFilter.doFilter(OncePerRequestFilter.java:116) ~[spring-web-6.1.14.jar:6.1.14]
	at org.apache.catalina.core.ApplicationFilterChain.internalDoFilter(ApplicationFilterChain.java:164) ~[tomcat-embed-core-10.1.31.jar:10.1.31]
	at org.apache.catalina.core.ApplicationFilterChain.doFilter(ApplicationFilterChain.java:140) ~[tomcat-embed-core-10.1.31.jar:10.1.31]
	at org.springframework.web.filter.FormContentFilter.doFilterInternal(FormContentFilter.java:93) ~[spring-web-6.1.14.jar:6.1.14]
	at org.springframework.web.filter.OncePerRequestFilter.doFilter(OncePerRequestFilter.java:116) ~[spring-web-6.1.14.jar:6.1.14]
	at org.apache.catalina.core.ApplicationFilterChain.internalDoFilter(ApplicationFilterChain.java:164) ~[tomcat-embed-core-10.1.31.jar:10.1.31]
	at org.apache.catalina.core.ApplicationFilterChain.doFilter(ApplicationFilterChain.java:140) ~[tomcat-embed-core-10.1.31.jar:10.1.31]
	at org.springframework.web.filter.CharacterEncodingFilter.doFilterInternal(CharacterEncodingFilter.java:201) ~[spring-web-6.1.14.jar:6.1.14]
	at org.springframework.web.filter.OncePerRequestFilter.doFilter(OncePerRequestFilter.java:116) ~[spring-web-6.1.14.jar:6.1.14]
	at org.apache.catalina.core.ApplicationFilterChain.internalDoFilter(ApplicationFilterChain.java:164) ~[tomcat-embed-core-10.1.31.jar:10.1.31]
	at org.apache.catalina.core.ApplicationFilterChain.doFilter(ApplicationFilterChain.java:140) ~[tomcat-embed-core-10.1.31.jar:10.1.31]
	at com.tianji.common.filters.RequestIdFilter.doFilter(RequestIdFilter.java:27) ~[classes/:na]
	at org.apache.catalina.core.ApplicationFilterChain.internalDoFilter(ApplicationFilterChain.java:164) ~[tomcat-embed-core-10.1.31.jar:10.1.31]
	at org.apache.catalina.core.ApplicationFilterChain.doFilter(ApplicationFilterChain.java:140) ~[tomcat-embed-core-10.1.31.jar:10.1.31]
	at org.apache.catalina.core.StandardWrapperValve.invoke(StandardWrapperValve.java:167) ~[tomcat-embed-core-10.1.31.jar:10.1.31]
	at org.apache.catalina.core.StandardContextValve.invoke(StandardContextValve.java:90) ~[tomcat-embed-core-10.1.31.jar:10.1.31]
	at org.apache.catalina.authenticator.AuthenticatorBase.invoke(AuthenticatorBase.java:483) ~[tomcat-embed-core-10.1.31.jar:10.1.31]
	at org.apache.catalina.core.StandardHostValve.invoke(StandardHostValve.java:115) ~[tomcat-embed-core-10.1.31.jar:10.1.31]
	at org.apache.catalina.valves.ErrorReportValve.invoke(ErrorReportValve.java:93) ~[tomcat-embed-core-10.1.31.jar:10.1.31]
	at org.apache.catalina.core.StandardEngineValve.invoke(StandardEngineValve.java:74) ~[tomcat-embed-core-10.1.31.jar:10.1.31]
	at org.apache.catalina.connector.CoyoteAdapter.service(CoyoteAdapter.java:344) ~[tomcat-embed-core-10.1.31.jar:10.1.31]
	at org.apache.coyote.http11.Http11Processor.service(Http11Processor.java:384) ~[tomcat-embed-core-10.1.31.jar:10.1.31]
	at org.apache.coyote.AbstractProcessorLight.process(AbstractProcessorLight.java:63) ~[tomcat-embed-core-10.1.31.jar:10.1.31]
	at org.apache.coyote.AbstractProtocol$ConnectionHandler.process(AbstractProtocol.java:905) ~[tomcat-embed-core-10.1.31.jar:10.1.31]
	at org.apache.tomcat.util.net.NioEndpoint$SocketProcessor.doRun(NioEndpoint.java:1741) ~[tomcat-embed-core-10.1.31.jar:10.1.31]
	at org.apache.tomcat.util.net.SocketProcessorBase.run(SocketProcessorBase.java:52) ~[tomcat-embed-core-10.1.31.jar:10.1.31]
	at org.apache.tomcat.util.threads.ThreadPoolExecutor.runWorker(ThreadPoolExecutor.java:1190) ~[tomcat-embed-core-10.1.31.jar:10.1.31]
	at org.apache.tomcat.util.threads.ThreadPoolExecutor$Worker.run(ThreadPoolExecutor.java:659) ~[tomcat-embed-core-10.1.31.jar:10.1.31]
	at org.apache.tomcat.util.threads.TaskThread$WrappingRunnable.run(TaskThread.java:63) ~[tomcat-embed-core-10.1.31.jar:10.1.31]
	at java.base/java.lang.Thread.run(Thread.java:842) ~[na:na]
15:19:21.107-[LAPTOP-FPFPK7D7][sys]-- WARN 2172 --- [      Thread-13] c.a.n.common.http.HttpClientBeanHolder   : [HttpClientBeanHolder] Start destroying common HttpClient
15:19:21.108-[LAPTOP-FPFPK7D7][sys]-- WARN 2172 --- [      Thread-15] c.a.nacos.common.notify.NotifyCenter     : [NotifyCenter] Start destroying Publisher
15:19:21.108-[LAPTOP-FPFPK7D7][sys]-- WARN 2172 --- [      Thread-15] c.a.nacos.common.notify.NotifyCenter     : [NotifyCenter] Destruction of the end
15:19:21.108-[LAPTOP-FPFPK7D7][sys]-- WARN 2172 --- [       Thread-2] c.a.n.common.executor.ThreadPoolManager  : [ThreadPoolManager] Start destroying ThreadPool
15:19:21.109-[LAPTOP-FPFPK7D7][sys]-- WARN 2172 --- [       Thread-2] c.a.n.common.executor.ThreadPoolManager  : [ThreadPoolManager] Destruction of the end
15:19:21.109-[LAPTOP-FPFPK7D7][sys]-- WARN 2172 --- [      Thread-13] c.a.n.common.http.HttpClientBeanHolder   : [HttpClientBeanHolder] Destruction of the end
15:19:21.195-[LAPTOP-FPFPK7D7][sys]-- INFO 2172 --- [ionShutdownHook] c.a.c.n.registry.NacosServiceRegistry    : De-registering from Nacos Server now...
15:19:21.203-[LAPTOP-FPFPK7D7][sys]-- INFO 2172 --- [ionShutdownHook] c.a.c.n.registry.NacosServiceRegistry    : De-registration finished.
15:19:21.214-[LAPTOP-FPFPK7D7][sys]-- INFO 2172 --- [ionShutdownHook] com.zaxxer.hikari.HikariDataSource       : HikariPool-1 - Shutdown initiated...
15:19:21.230-[LAPTOP-FPFPK7D7][sys]-- INFO 2172 --- [ionShutdownHook] com.zaxxer.hikari.HikariDataSource       : HikariPool-1 - Shutdown completed.
15:19:32.278-[LAPTOP-FPFPK7D7][sys]-- INFO 50064 --- [           main] com.tianji.AIGCApplication               : The following 1 profile is active: "local"
15:19:32.294-[LAPTOP-FPFPK7D7][sys]-- INFO 50064 --- [           main] c.a.c.n.c.NacosConfigDataLoader          : [Nacos Config] Load config[dataId=shared-mybatis.yaml, group=DEFAULT_GROUP] success
15:19:32.294-[LAPTOP-FPFPK7D7][sys]-- INFO 50064 --- [           main] c.a.c.n.c.NacosConfigDataLoader          : [Nacos Config] Load config[dataId=shared-feign.yaml, group=DEFAULT_GROUP] success
15:19:32.294-[LAPTOP-FPFPK7D7][sys]-- INFO 50064 --- [           main] c.a.c.n.c.NacosConfigDataLoader          : [Nacos Config] Load config[dataId=shared-logs.yaml, group=DEFAULT_GROUP] success
15:19:32.295-[LAPTOP-FPFPK7D7][sys]-- INFO 50064 --- [           main] c.a.c.n.c.NacosConfigDataLoader          : [Nacos Config] Load config[dataId=shared-redis.yaml, group=DEFAULT_GROUP] success
15:19:32.295-[LAPTOP-FPFPK7D7][sys]-- INFO 50064 --- [           main] c.a.c.n.c.NacosConfigDataLoader          : [Nacos Config] Load config[dataId=shared-spring.yaml, group=DEFAULT_GROUP] success
15:19:32.295-[LAPTOP-FPFPK7D7][sys]-- INFO 50064 --- [           main] c.a.c.n.c.NacosConfigDataLoader          : [Nacos Config] Load config[dataId=aigc-service.yaml, group=DEFAULT_GROUP] success
15:19:33.345-[LAPTOP-FPFPK7D7][sys]-- INFO 50064 --- [           main] .s.d.r.c.RepositoryConfigurationDelegate : Multiple Spring Data modules found, entering strict repository configuration mode
15:19:33.348-[LAPTOP-FPFPK7D7][sys]-- INFO 50064 --- [           main] .s.d.r.c.RepositoryConfigurationDelegate : Bootstrapping Spring Data Redis repositories in DEFAULT mode.
15:19:33.407-[LAPTOP-FPFPK7D7][sys]-- INFO 50064 --- [           main] .s.d.r.c.RepositoryConfigurationDelegate : Finished Spring Data repository scanning in 45 ms. Found 0 Redis repository interfaces.
15:19:33.756-[LAPTOP-FPFPK7D7][sys]-- INFO 50064 --- [           main] o.s.cloud.context.scope.GenericScope     : BeanFactory id=583acbf0-b154-3c03-84d9-4d7dcf6596c3
15:19:33.797-[LAPTOP-FPFPK7D7][sys]-- WARN 50064 --- [           main] trationDelegate$BeanPostProcessorChecker : Bean 'com.alibaba.cloud.nacos.NacosConfigAutoConfiguration' of type [com.alibaba.cloud.nacos.NacosConfigAutoConfiguration] is not eligible for getting processed by all BeanPostProcessors (for example: not eligible for auto-proxying). The currently created BeanPostProcessor [nacosAnnotationProcessor] is declared through a non-static factory method on that class; consider declaring it as static instead.
15:19:34.084-[LAPTOP-FPFPK7D7][sys]-- WARN 50064 --- [           main] trationDelegate$BeanPostProcessorChecker : Bean 'org.springframework.cloud.client.loadbalancer.LoadBalancerAutoConfiguration$DeferringLoadBalancerInterceptorConfig' of type [org.springframework.cloud.client.loadbalancer.LoadBalancerAutoConfiguration$DeferringLoadBalancerInterceptorConfig] is not eligible for getting processed by all BeanPostProcessors (for example: not eligible for auto-proxying). The currently created BeanPostProcessor [lbRestClientPostProcessor] is declared through a non-static factory method on that class; consider declaring it as static instead.
15:19:34.087-[LAPTOP-FPFPK7D7][sys]-- WARN 50064 --- [           main] trationDelegate$BeanPostProcessorChecker : Bean 'deferringLoadBalancerInterceptor' of type [org.springframework.cloud.client.loadbalancer.DeferringLoadBalancerInterceptor] is not eligible for getting processed by all BeanPostProcessors (for example: not eligible for auto-proxying). Is this bean getting eagerly injected/applied to a currently created BeanPostProcessor [lbRestClientPostProcessor]? Check the corresponding BeanPostProcessor declaration and its dependencies/advisors. If this bean does not have to be post-processed, declare it with ROLE_INFRASTRUCTURE.
15:19:34.090-[LAPTOP-FPFPK7D7][sys]-- WARN 50064 --- [           main] trationDelegate$BeanPostProcessorChecker : Bean 'org.springframework.cloud.client.loadbalancer.reactive.LoadBalancerBeanPostProcessorAutoConfiguration' of type [org.springframework.cloud.client.loadbalancer.reactive.LoadBalancerBeanPostProcessorAutoConfiguration] is not eligible for getting processed by all BeanPostProcessors (for example: not eligible for auto-proxying). The currently created BeanPostProcessor [loadBalancerWebClientBuilderBeanPostProcessor] is declared through a non-static factory method on that class; consider declaring it as static instead.
15:19:34.092-[LAPTOP-FPFPK7D7][sys]-- WARN 50064 --- [           main] trationDelegate$BeanPostProcessorChecker : Bean 'org.springframework.cloud.client.loadbalancer.reactive.LoadBalancerBeanPostProcessorAutoConfiguration$ReactorDeferringLoadBalancerFilterConfig' of type [org.springframework.cloud.client.loadbalancer.reactive.LoadBalancerBeanPostProcessorAutoConfiguration$ReactorDeferringLoadBalancerFilterConfig] is not eligible for getting processed by all BeanPostProcessors (for example: not eligible for auto-proxying). Is this bean getting eagerly injected/applied to a currently created BeanPostProcessor [loadBalancerWebClientBuilderBeanPostProcessor]? Check the corresponding BeanPostProcessor declaration and its dependencies/advisors. If this bean does not have to be post-processed, declare it with ROLE_INFRASTRUCTURE.
15:19:34.095-[LAPTOP-FPFPK7D7][sys]-- WARN 50064 --- [           main] trationDelegate$BeanPostProcessorChecker : Bean 'reactorDeferringLoadBalancerExchangeFilterFunction' of type [org.springframework.cloud.client.loadbalancer.reactive.DeferringLoadBalancerExchangeFilterFunction] is not eligible for getting processed by all BeanPostProcessors (for example: not eligible for auto-proxying). Is this bean getting eagerly injected/applied to a currently created BeanPostProcessor [loadBalancerWebClientBuilderBeanPostProcessor]? Check the corresponding BeanPostProcessor declaration and its dependencies/advisors. If this bean does not have to be post-processed, declare it with ROLE_INFRASTRUCTURE.
15:19:34.378-[LAPTOP-FPFPK7D7][sys]-- INFO 50064 --- [           main] o.s.b.w.embedded.tomcat.TomcatWebServer  : Tomcat initialized with port 8094 (http)
15:19:34.394-[LAPTOP-FPFPK7D7][sys]-- INFO 50064 --- [           main] o.apache.catalina.core.StandardService   : Starting service [Tomcat]
15:19:34.395-[LAPTOP-FPFPK7D7][sys]-- INFO 50064 --- [           main] o.apache.catalina.core.StandardEngine    : Starting Servlet engine: [Apache Tomcat/10.1.31]
15:19:34.498-[LAPTOP-FPFPK7D7][sys]-- INFO 50064 --- [           main] o.a.c.c.C.[Tomcat].[localhost].[/]       : Initializing Spring embedded WebApplicationContext
15:19:34.499-[LAPTOP-FPFPK7D7][sys]-- INFO 50064 --- [           main] w.s.c.ServletWebServerApplicationContext : Root WebApplicationContext: initialization completed in 2204 ms
15:19:35.587-[LAPTOP-FPFPK7D7][sys]-- INFO 50064 --- [           main] o.s.c.openfeign.FeignClientFactoryBean   : For 'course-service' URL not provided. Will try picking an instance via load-balancing.
15:19:35.653-[LAPTOP-FPFPK7D7][sys]-- INFO 50064 --- [           main] o.s.c.openfeign.FeignClientFactoryBean   : For 'trade-service' URL not provided. Will try picking an instance via load-balancing.
15:19:36.971-[LAPTOP-FPFPK7D7][sys]-- INFO 50064 --- [           main] c.a.c.sentinel.SentinelWebMvcConfigurer  : [Sentinel Starter] register SentinelWebInterceptor with urlPatterns: [/**].
15:19:38.638-[LAPTOP-FPFPK7D7][sys]-- INFO 50064 --- [           main] o.s.cloud.commons.util.InetUtils         : Cannot determine local hostname
15:19:38.698-[LAPTOP-FPFPK7D7][sys]-- INFO 50064 --- [           main] o.s.c.openfeign.FeignClientFactoryBean   : For 'course-service' URL not provided. Will try picking an instance via load-balancing.
15:19:38.725-[LAPTOP-FPFPK7D7][sys]-- INFO 50064 --- [           main] o.s.c.openfeign.FeignClientFactoryBean   : For 'auth-service' URL not provided. Will try picking an instance via load-balancing.
15:19:39.423-[LAPTOP-FPFPK7D7][sys]-- INFO 50064 --- [           main] o.s.b.w.embedded.tomcat.TomcatWebServer  : Tomcat started on port 8094 (http) with context path '/'
15:19:39.750-[LAPTOP-FPFPK7D7][sys]-- INFO 50064 --- [           main] c.a.n.p.a.s.c.ClientAuthPluginManager    : [ClientAuthPluginManager] Load ClientAuthService com.alibaba.nacos.client.auth.impl.NacosClientAuthServiceImpl success.
15:19:39.751-[LAPTOP-FPFPK7D7][sys]-- INFO 50064 --- [           main] c.a.n.p.a.s.c.ClientAuthPluginManager    : [ClientAuthPluginManager] Load ClientAuthService com.alibaba.nacos.client.auth.ram.RamClientAuthServiceImpl success.
15:19:39.851-[LAPTOP-FPFPK7D7][sys]-- INFO 50064 --- [           main] c.a.c.n.registry.NacosServiceRegistry    : nacos registry, DEFAULT_GROUP aigc-service 192.168.150.1:8094 register finished
15:19:40.179-[LAPTOP-FPFPK7D7][sys]-- INFO 50064 --- [           main] com.tianji.AIGCApplication               : Started AIGCApplication in 12.349 seconds (process running for 13.13)
15:19:40.194-[LAPTOP-FPFPK7D7][sys]-- INFO 50064 --- [           main] c.a.c.n.refresh.NacosContextRefresher    : [Nacos Config] Listening config: dataId=aigc-service.yaml, group=DEFAULT_GROUP
15:19:40.195-[LAPTOP-FPFPK7D7][sys]-- INFO 50064 --- [           main] c.a.c.n.refresh.NacosContextRefresher    : [Nacos Config] Listening config: dataId=shared-redis.yaml, group=DEFAULT_GROUP
15:19:40.197-[LAPTOP-FPFPK7D7][sys]-- INFO 50064 --- [           main] c.a.c.n.refresh.NacosContextRefresher    : [Nacos Config] Listening config: dataId=shared-spring.yaml, group=DEFAULT_GROUP
15:19:40.197-[LAPTOP-FPFPK7D7][sys]-- INFO 50064 --- [           main] c.a.c.n.refresh.NacosContextRefresher    : [Nacos Config] Listening config: dataId=shared-mybatis.yaml, group=DEFAULT_GROUP
15:19:40.198-[LAPTOP-FPFPK7D7][sys]-- INFO 50064 --- [           main] c.a.c.n.refresh.NacosContextRefresher    : [Nacos Config] Listening config: dataId=shared-feign.yaml, group=DEFAULT_GROUP
15:19:40.200-[LAPTOP-FPFPK7D7][sys]-- INFO 50064 --- [           main] c.a.c.n.refresh.NacosContextRefresher    : [Nacos Config] Listening config: dataId=shared-logs.yaml, group=DEFAULT_GROUP
15:19:40.201-[LAPTOP-FPFPK7D7][sys]-- INFO 50064 --- [           main] com.tianji.AIGCApplication               : --/
---------------------------------------------------------------------------------------
	Application 'aigc-service' is running! Access URLs:
	Local: 		http://localhost:8094
	External: 	http://10.254.4.11:8094
	Profile(s): 	[local]
---------------------------------------------------------------------------------------
15:21:38.508-[LAPTOP-FPFPK7D7][sys]-- INFO 50064 --- [nio-8094-exec-4] o.a.c.c.C.[Tomcat].[localhost].[/]       : Initializing Spring DispatcherServlet 'dispatcherServlet'
15:21:38.508-[LAPTOP-FPFPK7D7][sys]-- INFO 50064 --- [nio-8094-exec-4] o.s.web.servlet.DispatcherServlet        : Initializing Servlet 'dispatcherServlet'
15:21:38.510-[LAPTOP-FPFPK7D7][sys]-- INFO 50064 --- [nio-8094-exec-4] o.s.web.servlet.DispatcherServlet        : Completed initialization in 2 ms
15:21:38.899-[LAPTOP-FPFPK7D7][743654a1285f41d480a631241ead9942]-- INFO 50064 --- [nio-8094-exec-1] com.zaxxer.hikari.HikariDataSource       : HikariPool-1 - Starting...
15:21:39.227-[LAPTOP-FPFPK7D7][743654a1285f41d480a631241ead9942]-- INFO 50064 --- [nio-8094-exec-1] com.zaxxer.hikari.pool.HikariPool        : HikariPool-1 - Added connection com.mysql.cj.jdbc.ConnectionImpl@28067459
15:21:39.229-[LAPTOP-FPFPK7D7][743654a1285f41d480a631241ead9942]-- INFO 50064 --- [nio-8094-exec-1] com.zaxxer.hikari.HikariDataSource       : HikariPool-1 - Start completed.
15:21:39.245-[LAPTOP-FPFPK7D7][743654a1285f41d480a631241ead9942]--DEBUG 50064 --- [nio-8094-exec-1] c.t.a.mapper.ChatSessionMapper.insert    : ==>  Preparing: INSERT INTO chat_session ( id, session_id, user_id, creater, updater ) VALUES ( ?, ?, ?, ?, ? )
15:21:39.255-[LAPTOP-FPFPK7D7][fa950102146948e5af1bf25f4f5e32c6]--DEBUG 50064 --- [nio-8094-exec-4] c.t.a.m.ChatSessionMapper.selectList     : ==>  Preparing: SELECT id,session_id,user_id,title,create_time,update_time,creater,updater FROM chat_session WHERE (user_id = ?) ORDER BY update_time DESC limit 30
15:21:39.273-[LAPTOP-FPFPK7D7][fa950102146948e5af1bf25f4f5e32c6]--DEBUG 50064 --- [nio-8094-exec-4] c.t.a.m.ChatSessionMapper.selectList     : ==> Parameters: 2(Long)
15:21:39.273-[LAPTOP-FPFPK7D7][743654a1285f41d480a631241ead9942]--DEBUG 50064 --- [nio-8094-exec-1] c.t.a.mapper.ChatSessionMapper.insert    : ==> Parameters: 1963865089710764034(Long), 1ed0b181df2e491eb50abc61410aaf85(String), 2(Long), 2(Long), 2(Long)
15:21:39.279-[LAPTOP-FPFPK7D7][743654a1285f41d480a631241ead9942]--DEBUG 50064 --- [nio-8094-exec-1] c.t.a.mapper.ChatSessionMapper.insert    : <==    Updates: 1
15:21:39.320-[LAPTOP-FPFPK7D7][fa950102146948e5af1bf25f4f5e32c6]--DEBUG 50064 --- [nio-8094-exec-4] c.t.a.m.ChatSessionMapper.selectList     : <==      Total: 30
15:21:51.931-[LAPTOP-FPFPK7D7][0b276aeb86374fc99a59a36d6eb69938]--DEBUG 50064 --- [nio-8094-exec-8] o.s.a.c.c.advisor.SimpleLoggerAdvisor    : request: AdvisedRequest[chatModel=com.alibaba.cloud.ai.dashscope.chat.DashScopeChatModel@4644fa72, userText="基于用户提供的主题/关键词，智能生成完整的文案内容（如文章、邮件、报告等），帮助用户快速搭建内容框架\n用户输入：\nredis和MySQL有什么区别?\n", systemText=角色
你是一名非常出色的IT行业的内容创作者，你的任务是负责内容的帮写、续写、润色和精简。你的目标是帮助学员完成内容的创作，确保内容的合理性。

技能
技能 1: 内容帮写
1. 基于用户提供的主题/关键词，智能生成完整的文案内容，帮助用户快速搭建内容框架。

技能 2: 内容续写
1. 在用户已有文本基础上，自动延续写作思路生成后续内容，保持上下文逻辑连贯性。

技能 3: 内容润色
1. 对现有文本进行语言优化，包括调整句式结构、替换精准词汇、统一行文风格等

技能 4: 内容精简
1. 通过语义分析智能提炼核心信息，删除冗余表达，将长文本压缩为简洁版本

限制:
- AI创作必须严格遵循法律法规和伦理准则，禁止生成危害国家安全、宣扬恐怖极端思想、传播虚假谣言、侵犯他人隐私及知识产权的内容，不得涉及暴力色情、种族宗教歧视、历史虚无主义等违背公序良俗的表述，同时要特别注意避免教唆犯罪、诱导危险行为、损害未成年人身心健康，并在医疗、金融、新闻等专业领域确保内容真实性和安全性，始终以社会主义核心价值观为框架，履行技术向善的社会责任
, chatOptions=DashScopeChatOptions: {"model":"qwen-plus","temperature":0.8,"enable_search":false,"incremental_output":true,"multi_model":false}, media=[], functionNames=[], functionCallbacks=[MethodToolCallback{toolDefinition=DefaultToolDefinition[name=queryCourseById, description=根据课程ID查询课程详情, inputSchema={
  "$schema" : "https://json-schema.org/draft/2020-12/schema",
  "type" : "object",
  "properties" : {
    "id" : {
      "type" : "integer",
      "format" : "int64",
      "description" : "课程ID"
    },
    "toolContext" : {
      "type" : "object",
      "properties" : {
        "context" : {
          "type" : "object"
        }
      },
      "required" : [ "context" ]
    }
  },
  "required" : [ "id", "toolContext" ],
  "additionalProperties" : false
}], toolMetadata=DefaultToolMetadata[returnDirect=false]}, MethodToolCallback{toolDefinition=DefaultToolDefinition[name=prePlaceOrder, description=根据课程ID下单, inputSchema={
  "$schema" : "https://json-schema.org/draft/2020-12/schema",
  "type" : "object",
  "properties" : {
    "courseId" : {
      "type" : "integer",
      "format" : "int64",
      "description" : "课程ID"
    },
    "toolContext" : {
      "type" : "object",
      "properties" : {
        "context" : {
          "type" : "object"
        }
      },
      "required" : [ "context" ]
    }
  },
  "required" : [ "courseId", "toolContext" ],
  "additionalProperties" : false
}], toolMetadata=DefaultToolMetadata[returnDirect=false]}], messages=[AssistantMessage [messageType=ASSISTANT, toolCalls=[], textContent=Redis 作为一款高性能的键值存储系统，其高级特性广泛应用于缓存、分布式系统、消息队列等场景。以下是 Redis 高级教程中比较核心和高级的部分内容，适合已经掌握 Redis 基础知识并希望进一步深入学习的开发者：

---

### 1. **Redis 数据结构高级应用**
Redis 不仅仅支持字符串、哈希、列表、集合、有序集合等基本数据类型，还提供了以下高级用法：

- **HyperLogLog**：用于进行基数统计，适用于统计独立访问用户数等场景。
- **Bitmaps**：位图操作，适合处理布尔类型的状态数据（如签到、登录状态）。
- **GEO**：地理空间数据支持，可以存储地理位置信息并进行距离计算、范围查询。
- **Streams**：Redis 5.0 引入的数据结构，用于实现高性能的消息队列功能。

---

### 2. **Redis 持久化机制**
Redis 是内存数据库，持久化机制是保障数据可靠性的关键：

- **RDB（Redis Database Backup）**：快照方式持久化，适合备份和灾难恢复。
- **AOF（Append Only File）**：日志方式记录所有写操作，适合数据安全性要求高的场景。
- **混合持久化（Redis 4.0+）**：结合 RDB 和 AOF 的优势，提升恢复速度和数据安全性。

---

### 3. **Redis 高可用方案**
为了保障服务的连续性和数据的可靠性，Redis 提供了多种高可用方案：

- **主从复制（Master-Slave）**：实现数据的读写分离，提高并发能力。
- **哨兵模式（Sentinel）**：自动实现故障转移，保障 Redis 集群的高可用。
- **Redis Cluster（集群模式）**：数据分片存储，支持水平扩展，适用于大规模数据场景。

---

### 4. **Redis 性能优化与调优**
- **内存优化**：使用更高效的数据结构（如 Hash、Ziplist），控制内存使用。
- **连接优化**：使用连接池减少连接开销（如 Lettuce、Jedis）。
- **配置调优**：调整最大内存限制（maxmemory）、淘汰策略（eviction policy）等参数。
- **命令优化**：避免使用耗时命令（如 KEYS、SMEMBERS），优先使用 SCAN 类命令。

---

### 5. **Redis 分布式锁与事务**
- **分布式锁**：基于 Redis 实现分布式系统中的资源协调与互斥访问（如使用 Redlock 算法）。
- **Lua 脚本**：通过 Lua 脚本实现原子操作，提升执行效率和一致性。
- **事务机制**：Redis 提供 MULTI、EXEC、WATCH 等命令实现简单的事务控制。

---

### 6. **Redis 与消息队列**
Redis 的发布/订阅机制（Pub/Sub）和 Stream 数据结构可以用于构建轻量级的消息队列系统：

- **Pub/Sub**：适用于实时通信、广播通知等场景。
- **Stream**：支持消息持久化、消费者组、消息确认机制，适用于更复杂的消息队列需求。

---

### 7. **Redis 缓存设计与缓存穿透、击穿、雪崩解决方案**
- **缓存穿透**：使用布隆过滤器（Bloom Filter）过滤无效请求。
- **缓存击穿**：对热点数据设置永不过期或加互斥锁。
- **缓存雪崩**：设置不同的过期时间，避免大量缓存同时失效。
- **缓存预热**：在系统启动时提前加载热点数据，避免冷启动压力。

---

### 8. **Redis 安全机制**
- **访问控制**：配置密码认证（requirepass）和只读账户。
- **权限管理**：Redis 6.0 引入 ACL（Access Control List）机制，实现更细粒度的权限控制。
- **网络隔离**：限制 Redis 的访问 IP，避免暴露在公网中。

---

### 9. **Redis 监控与调优工具**
- **Redis 自带命令**：如 `INFO`、`SLOWLOG`、`MONITOR` 等。
- **可视化工具**：如 Redis Desktop Manager、RedisInsight。
- **性能监控系统**：集成 Prometheus + Grafana 实现实时监控和告警。

---

### 10. **Redis 在分布式系统中的应用**
- **Session 共享**：在微服务架构中，使用 Redis 存储用户会话信息。
- **分布式计数器**：利用 Redis 的原子操作实现高性能计数器。
- **限流与熔断**：结合 Redis 和 Lua 脚本实现限流策略（如令牌桶、漏桶算法）。

---

### 总结
Redis 的高级部分主要集中在高可用架构设计、性能调优、分布式系统应用以及复杂数据结构的使用。掌握这些内容可以帮助开发者在构建高性能、高可用的系统时更好地利用 Redis 的优势。建议结合实际项目场景，深入理解每个高级特性的适用场景和最佳实践。, metadata={finishReason=STOP, role=ASSISTANT, id=1553bf7d-73af-45d9-8809-ac540fd846ed, messageType=ASSISTANT, reasoningContent=}], UserMessage{content='请从专业角度回答用户提问：
1. 提问的标题是：redis高级
2. 提问的问题描述是：redis高级教程有哪些比较高级的部分?
', properties={messageType=USER}, messageType=USER}, AssistantMessage [messageType=ASSISTANT, toolCalls=[], textContent=MySQL 性能优化是一个系统性工程，涉及数据库设计、查询优化、服务器配置等多个层面。以下是一些常见的 MySQL 性能优化方案，分为几个关键方向：

---

### 一、数据库设计优化

1. **合理的数据模型设计**
   - 使用规范化设计减少数据冗余。
   - 在性能要求较高的场景下适当使用反规范化提升查询效率。
   - 合理选择数据类型，尽量使用更小的数据类型（如 `TINYINT` 替代 `INT`）。

2. **索引优化**
   - 为经常查询的字段（如主键、外键、常用条件字段）添加索引。
   - 避免过多索引，索引会降低写入速度。
   - 使用复合索引时注意最左前缀原则。
   - 定期分析索引使用情况，删除无用索引。

3. **分区表**
   - 对大数据量表进行分区（如按时间、范围、哈希等），提升查询效率。
   - 支持水平扩展，适用于日志类、交易类数据。

---

### 二、SQL 查询优化

1. **避免 SELECT \***
   - 只查询需要的字段，减少网络传输和内存开销。

2. **使用 EXPLAIN 分析执行计划**
   - 查看 SQL 是否使用了正确索引，是否进行了全表扫描。
   - 关注 `type`、`key`、`rows` 等关键字段。

3. **优化 JOIN 查询**
   - 避免多表 JOIN，尤其是大表之间的 JOIN。
   - JOIN 的字段尽量有索引。
   - 尽量使用 `INNER JOIN`，避免 `LEFT JOIN` 或 `RIGHT JOIN` 的过度使用。

4. **分页优化**
   - 对于大数据量分页，避免使用 `LIMIT offset, size`，建议结合索引字段进行分页（如 `WHERE id > last_id ORDER BY id LIMIT size`）。

5. **减少子查询使用**
   - 子查询在性能上通常不如 JOIN。
   - 可将部分子查询改写为临时表或连接查询。

6. **批量插入与更新**
   - 使用 `INSERT INTO ... VALUES (...), (...)` 批量插入。
   - 使用 `INSERT ... ON DUPLICATE KEY UPDATE` 实现批量更新。

---

### 三、配置优化

1. **调整 MySQL 配置文件（my.cnf / my.ini）**
   - 调整 `innodb_buffer_pool_size`，提升 InnoDB 性能。
   - 设置合适的 `max_connections` 防止连接过多导致资源耗尽。
   - 合理配置 `query_cache_type` 和 `query_cache_size`（MySQL 8.0 已移除查询缓存）。

2. **日志与事务配置**
   - 合理配置事务隔离级别。
   - 控制慢查询日志（`slow_query_log`）开启与阈值设置。

3. **使用连接池**
   - 避免频繁建立和关闭数据库连接，使用如 HikariCP、Druid 等连接池。

---

### 四、硬件与架构优化

1. **使用 SSD 硬盘**
   - 显著提升 I/O 性能，尤其是随机读写场景。

2. **主从复制**
   - 实现读写分离，将读请求分发到从库，减轻主库压力。

3. **分库分表（Sharding）**
   - 当单表数据量极大时，可采用分库分表策略（如使用 MyCat、ShardingSphere）。

4. **使用缓存**
   - 结合 Redis 或 Memcached 缓存热点数据，减少数据库访问。

5. **使用搜索引擎**
   - 对复杂查询或全文检索需求，可引入 Elasticsearch 做查询加速。

---

### 五、监控与调优工具

1. **性能监控工具**
   - 使用 `SHOW STATUS`、`SHOW PROCESSLIST`、`Performance Schema`。
   - 第三方工具如 `MySQL Enterprise Monitor`、`Prometheus + Grafana`。

2. **慢查询日志分析**
   - 使用 `mysqldumpslow` 或 `pt-query-digest` 分析慢查询日志。

3. **定期维护**
   - 对表进行 `ANALYZE TABLE`、`OPTIMIZE TABLE`，修复碎片。
   - 定期检查索引使用情况。

---

### 六、开发规范与最佳实践

1. **统一 SQL 编写风格**
   - 避免大 SQL，拆分复杂查询。
   - 使用统一的命名规范，提升可维护性。

2. **使用事务控制**
   - 对关键业务逻辑使用事务，确保数据一致性。

3. **避免长事务**
   - 长事务容易导致锁等待和资源占用。

---

### 总结

MySQL 性能优化是一个多维度的工作，涉及数据库设计、SQL 编写、配置调优、架构设计等多个方面。建议根据实际业务场景选择合适的优化策略，并结合监控工具持续迭代优化。在高并发、大数据量场景下，往往需要结合多种技术手段协同优化，如缓存、分库分表、读写分离等。, metadata={finishReason=STOP, role=ASSISTANT, id=f296a7b0-8c1a-4ba6-88bb-cac42f105aec, messageType=ASSISTANT, reasoningContent=}], UserMessage{content='请从专业角度回答用户提问：
1. 提问的标题是：Java高级
2. 提问的问题描述是：MySQL中又哪些性能优化方案
', properties={messageType=USER}, messageType=USER}, AssistantMessage [messageType=ASSISTANT, toolCalls=[], textContent=Java 是一种广泛使用的高级编程语言，由 Sun 公司（现为 Oracle 旗下公司）于 1995 年正式发布。它的设计目标是实现“一次编写，到处运行”（Write Once, Run Anywhere）的理念，这意味着 Java 程序可以在任何支持 Java 虚拟机（JVM）的设备上运行，而无需重新编译。

Java 的特点包括：

1. **面向对象**：Java 是一种面向对象的编程语言，支持封装、继承、多态等特性，帮助开发者构建模块化、可复用的代码。

2. **平台无关性**：通过 JVM（Java 虚拟机）实现跨平台运行。Java 源代码会被编译为字节码，然后在 JVM 上运行，这使得 Java 应用可以在不同操作系统上无缝运行。

3. **自动内存管理**：Java 提供了垃圾回收机制（Garbage Collection, GC），自动管理内存分配和释放，减少了内存泄漏和指针错误的风险。

4. **多线程支持**：Java 内建支持多线程编程，允许开发者编写高效的并发程序，提高应用程序的性能和响应能力。

5. **丰富的类库**：Java 提供了大量的标准类库（Java Standard Edition, SE），涵盖了从数据结构、网络通信到图形界面等多个领域，极大提高了开发效率。

6. **安全性**：Java 在设计时充分考虑了安全性，提供了安全管理机制，防止恶意代码对系统造成破坏。

Java 的应用场景非常广泛，包括：

- **企业级应用开发**：Java 在大型企业系统中被广泛使用，尤其是基于 Java EE（企业版）的后端开发。
- **移动应用开发**：Android 应用主要使用 Java 或 Kotlin（Kotlin 与 Java 兼容）进行开发。
- **Web 应用开发**：Java 可用于构建动态网站和 Web 服务，常用框架包括 Spring、Hibernate 等。
- **大数据处理**：许多大数据技术如 Hadoop 和 Spark 都是基于 Java 或其生态系统构建的。
- **云计算与微服务架构**：Java 在构建分布式系统和微服务架构中也非常流行，Spring Cloud 等框架提供了强大的支持。

总之，Java 凭借其稳定性、可扩展性和跨平台特性，成为了当今最流行的编程语言之一，适用于各种类型的软件开发项目。, metadata={finishReason=STOP, role=ASSISTANT, id=f885b9b9-e1a6-401d-b782-16fd9e700386, messageType=ASSISTANT, reasoningContent=}], UserMessage{content='Java是什么
', properties={messageType=USER}, messageType=USER}, UserMessage{content='Java是什么
', properties={messageType=USER}, messageType=USER}, UserMessage{content='Java是什么
', properties={messageType=USER}, messageType=USER}], userParams={}, systemParams={}, advisors=[org.springframework.ai.chat.client.DefaultChatClient$DefaultChatClientRequestSpec$1@7af7546c, org.springframework.ai.chat.client.DefaultChatClient$DefaultChatClientRequestSpec$2@57cd3652, SimpleLoggerAdvisor, org.springframework.ai.chat.client.advisor.MessageChatMemoryAdvisor@4dae4060, org.springframework.ai.chat.client.DefaultChatClient$DefaultChatClientRequestSpec$1@7917e351, org.springframework.ai.chat.client.DefaultChatClient$DefaultChatClientRequestSpec$2@39839c2b], advisorParams={}, adviseContext={}, toolContext={}]
15:22:25.155-[LAPTOP-FPFPK7D7][0b276aeb86374fc99a59a36d6eb69938]--DEBUG 50064 --- [nio-8094-exec-8] o.s.a.c.c.advisor.SimpleLoggerAdvisor    : response: {
  "result" : {
    "metadata" : {
      "finishReason" : "STOP",
      "contentFilters" : [ ],
      "empty" : true
    },
    "output" : {
      "messageType" : "ASSISTANT",
      "metadata" : {
        "finishReason" : "STOP",
        "role" : "ASSISTANT",
        "id" : "e17c2e16-32f4-47fa-b49c-01485b885be6",
        "messageType" : "ASSISTANT",
        "reasoningContent" : ""
      },
      "toolCalls" : [ ],
      "media" : [ ],
      "text" : "### Redis 和 MySQL 的区别\n\nRedis 和 MySQL 是两种不同类型的数据库系统，它们在数据存储方式、性能特点、适用场景等方面存在显著差异。以下从多个维度进行对比分析：\n\n---\n\n#### 1. **数据库类型**\n\n- **Redis**：属于**NoSQL（非关系型）数据库**，是一种**内存数据库**，以键值对（Key-Value）形式存储数据。\n- **MySQL**：属于**RDBMS（关系型数据库管理系统）**，基于磁盘存储，支持结构化查询语言（SQL）。\n\n---\n\n#### 2. **数据存储方式**\n\n- **Redis**：\n  - 数据主要存储在内存中，读写速度极快。\n  - 支持持久化机制（RDB 和 AOF），可将数据写入磁盘，防止数据丢失。\n- **MySQL**：\n  - 数据存储在磁盘中，通过缓存机制（如 InnoDB Buffer Pool）提升访问速度。\n  - 以表结构形式组织数据，支持事务、索引、约束等关系型数据库特性。\n\n---\n\n#### 3. **数据结构与功能**\n\n- **Redis**：\n  - 支持丰富的数据结构：字符串（String）、哈希（Hash）、列表（List）、集合（Set）、有序集合（Sorted Set）等。\n  - 提供原子操作、发布/订阅、分布式锁等高级功能。\n- **MySQL**：\n  - 以二维表结构存储数据，支持 SQL 查询语言。\n  - 支持事务、ACID 特性、外键、索引、视图、存储过程、触发器等复杂功能。\n\n---\n\n#### 4. **性能表现**\n\n- **Redis**：\n  - 基于内存操作，读写速度极快，通常在微秒级响应。\n  - 适用于高并发、低延迟的场景，如缓存、计数器、消息队列等。\n- **MySQL**：\n  - 由于基于磁盘 I/O，性能略低于 Redis，但通过索引、缓存、分库分表等优化手段，仍可实现高性能。\n  - 更适合需要持久化、复杂查询和事务处理的场景。\n\n---\n\n#### 5. **持久化能力**\n\n- **Redis**：\n  - 提供 RDB 快照和 AOF 日志两种持久化方式，但默认配置下可能丢失部分数据（取决于持久化策略）。\n- **MySQL**：\n  - 所有数据默认持久化到磁盘，支持事务日志（Redo Log、Undo Log）和二进制日志（Binary Log），数据安全性更高。\n\n---\n\n#### 6. **使用场景**\n\n- **Redis 常见使用场景**：\n  - 缓存系统（如网页缓存、热点数据缓存）\n  - 会话存储（Session 存储）\n  - 消息队列（通过 List 或 Stream 实现）\n  - 分布式锁\n  - 实时排行榜、计数器等\n\n- **MySQL 常见使用场景**：\n  - 金融系统（如银行交易、账务系统）\n  - 电商系统（如订单管理、用户信息）\n  - 内容管理系统（如博客、CMS）\n  - 数据分析与报表系统\n\n---\n\n#### 7. **扩展性与集群支持**\n\n- **Redis**：\n  - 支持主从复制、哨兵模式（Sentinel）和 Cluster 集群，可实现高可用和水平扩展。\n- **MySQL**：\n  - 支持主从复制、读写分离、分库分表（Sharding）、MHA 高可用方案等。\n  - 适合构建大型分布式数据库系统。\n\n---\n\n### 总结对比表\n\n| 对比维度       | Redis                              | MySQL                              |\n|----------------|------------------------------------|------------------------------------|\n| 类型           | NoSQL（键值数据库）                | RDBMS（关系型数据库）             |\n| 存储介质       | 内存为主，支持持久化               | 磁盘为主，缓存加速                 |\n| 数据结构       | 简单的键值结构，支持多种数据类型   | 表结构，支持复杂查询和事务         |\n| 读写性能       | 极快，微秒级响应                   | 相对较慢，毫秒级响应               |\n| 持久化         | 支持，但可能有数据丢失风险         | 强持久化，数据安全性高             |\n| 事务支持       | 支持简单事务（MULTI/EXEC）         | 完整的 ACID 事务支持               |\n| 使用场景       | 缓存、消息队列、实时计数等         | 核心业务数据存储、复杂查询等       |\n| 高可用与扩展   | 支持主从、哨兵、Cluster 集群       | 支持主从、分库分表、MHA 等         |\n\n---\n\n### 结论\n\nRedis 和 MySQL 各有优势，通常在实际项目中是**互补关系**：\n\n- **Redis** 更适合用作**缓存层**或**高性能实时数据处理层**；\n- **MySQL** 更适合作为**主数据库**，用于存储核心业务数据并支持复杂查询与事务。\n\n两者结合使用，可以构建出高性能、高可用、可扩展的系统架构。例如：使用 Redis 缓存热点数据，减轻 MySQL 的访问压力，同时通过 MySQL 保证数据的完整性和一致性。"
    }
  },
  "results" : [ {
    "metadata" : {
      "finishReason" : "STOP",
      "contentFilters" : [ ],
      "empty" : true
    },
    "output" : {
      "messageType" : "ASSISTANT",
      "metadata" : {
        "finishReason" : "STOP",
        "role" : "ASSISTANT",
        "id" : "e17c2e16-32f4-47fa-b49c-01485b885be6",
        "messageType" : "ASSISTANT",
        "reasoningContent" : ""
      },
      "toolCalls" : [ ],
      "media" : [ ],
      "text" : "### Redis 和 MySQL 的区别\n\nRedis 和 MySQL 是两种不同类型的数据库系统，它们在数据存储方式、性能特点、适用场景等方面存在显著差异。以下从多个维度进行对比分析：\n\n---\n\n#### 1. **数据库类型**\n\n- **Redis**：属于**NoSQL（非关系型）数据库**，是一种**内存数据库**，以键值对（Key-Value）形式存储数据。\n- **MySQL**：属于**RDBMS（关系型数据库管理系统）**，基于磁盘存储，支持结构化查询语言（SQL）。\n\n---\n\n#### 2. **数据存储方式**\n\n- **Redis**：\n  - 数据主要存储在内存中，读写速度极快。\n  - 支持持久化机制（RDB 和 AOF），可将数据写入磁盘，防止数据丢失。\n- **MySQL**：\n  - 数据存储在磁盘中，通过缓存机制（如 InnoDB Buffer Pool）提升访问速度。\n  - 以表结构形式组织数据，支持事务、索引、约束等关系型数据库特性。\n\n---\n\n#### 3. **数据结构与功能**\n\n- **Redis**：\n  - 支持丰富的数据结构：字符串（String）、哈希（Hash）、列表（List）、集合（Set）、有序集合（Sorted Set）等。\n  - 提供原子操作、发布/订阅、分布式锁等高级功能。\n- **MySQL**：\n  - 以二维表结构存储数据，支持 SQL 查询语言。\n  - 支持事务、ACID 特性、外键、索引、视图、存储过程、触发器等复杂功能。\n\n---\n\n#### 4. **性能表现**\n\n- **Redis**：\n  - 基于内存操作，读写速度极快，通常在微秒级响应。\n  - 适用于高并发、低延迟的场景，如缓存、计数器、消息队列等。\n- **MySQL**：\n  - 由于基于磁盘 I/O，性能略低于 Redis，但通过索引、缓存、分库分表等优化手段，仍可实现高性能。\n  - 更适合需要持久化、复杂查询和事务处理的场景。\n\n---\n\n#### 5. **持久化能力**\n\n- **Redis**：\n  - 提供 RDB 快照和 AOF 日志两种持久化方式，但默认配置下可能丢失部分数据（取决于持久化策略）。\n- **MySQL**：\n  - 所有数据默认持久化到磁盘，支持事务日志（Redo Log、Undo Log）和二进制日志（Binary Log），数据安全性更高。\n\n---\n\n#### 6. **使用场景**\n\n- **Redis 常见使用场景**：\n  - 缓存系统（如网页缓存、热点数据缓存）\n  - 会话存储（Session 存储）\n  - 消息队列（通过 List 或 Stream 实现）\n  - 分布式锁\n  - 实时排行榜、计数器等\n\n- **MySQL 常见使用场景**：\n  - 金融系统（如银行交易、账务系统）\n  - 电商系统（如订单管理、用户信息）\n  - 内容管理系统（如博客、CMS）\n  - 数据分析与报表系统\n\n---\n\n#### 7. **扩展性与集群支持**\n\n- **Redis**：\n  - 支持主从复制、哨兵模式（Sentinel）和 Cluster 集群，可实现高可用和水平扩展。\n- **MySQL**：\n  - 支持主从复制、读写分离、分库分表（Sharding）、MHA 高可用方案等。\n  - 适合构建大型分布式数据库系统。\n\n---\n\n### 总结对比表\n\n| 对比维度       | Redis                              | MySQL                              |\n|----------------|------------------------------------|------------------------------------|\n| 类型           | NoSQL（键值数据库）                | RDBMS（关系型数据库）             |\n| 存储介质       | 内存为主，支持持久化               | 磁盘为主，缓存加速                 |\n| 数据结构       | 简单的键值结构，支持多种数据类型   | 表结构，支持复杂查询和事务         |\n| 读写性能       | 极快，微秒级响应                   | 相对较慢，毫秒级响应               |\n| 持久化         | 支持，但可能有数据丢失风险         | 强持久化，数据安全性高             |\n| 事务支持       | 支持简单事务（MULTI/EXEC）         | 完整的 ACID 事务支持               |\n| 使用场景       | 缓存、消息队列、实时计数等         | 核心业务数据存储、复杂查询等       |\n| 高可用与扩展   | 支持主从、哨兵、Cluster 集群       | 支持主从、分库分表、MHA 等         |\n\n---\n\n### 结论\n\nRedis 和 MySQL 各有优势，通常在实际项目中是**互补关系**：\n\n- **Redis** 更适合用作**缓存层**或**高性能实时数据处理层**；\n- **MySQL** 更适合作为**主数据库**，用于存储核心业务数据并支持复杂查询与事务。\n\n两者结合使用，可以构建出高性能、高可用、可扩展的系统架构。例如：使用 Redis 缓存热点数据，减轻 MySQL 的访问压力，同时通过 MySQL 保证数据的完整性和一致性。"
    }
  } ],
  "metadata" : {
    "id" : "e17c2e16-32f4-47fa-b49c-01485b885be6",
    "model" : "",
    "rateLimit" : {
      "tokensLimit" : 0,
      "requestsLimit" : 0,
      "tokensReset" : 0.0,
      "requestsReset" : 0.0,
      "tokensRemaining" : 0,
      "requestsRemaining" : 0
    },
    "usage" : {
      "completionTokens" : 0,
      "generationTokens" : 1178,
      "totalTokens" : 4734,
      "nativeUsage" : null,
      "promptTokens" : 3556
    },
    "promptMetadata" : [ ],
    "empty" : true
  }
}
16:07:26.915-[LAPTOP-FPFPK7D7][sys]-- WARN 50064 --- [       Thread-2] c.a.n.common.executor.ThreadPoolManager  : [ThreadPoolManager] Start destroying ThreadPool
16:07:26.915-[LAPTOP-FPFPK7D7][sys]-- WARN 50064 --- [      Thread-13] c.a.n.common.http.HttpClientBeanHolder   : [HttpClientBeanHolder] Start destroying common HttpClient
16:07:26.915-[LAPTOP-FPFPK7D7][sys]-- WARN 50064 --- [      Thread-15] c.a.nacos.common.notify.NotifyCenter     : [NotifyCenter] Start destroying Publisher
16:07:26.917-[LAPTOP-FPFPK7D7][sys]-- WARN 50064 --- [      Thread-15] c.a.nacos.common.notify.NotifyCenter     : [NotifyCenter] Destruction of the end
16:07:26.917-[LAPTOP-FPFPK7D7][sys]-- WARN 50064 --- [       Thread-2] c.a.n.common.executor.ThreadPoolManager  : [ThreadPoolManager] Destruction of the end
16:07:26.922-[LAPTOP-FPFPK7D7][sys]-- WARN 50064 --- [      Thread-13] c.a.n.common.http.HttpClientBeanHolder   : [HttpClientBeanHolder] Destruction of the end
16:07:27.051-[LAPTOP-FPFPK7D7][sys]-- INFO 50064 --- [ionShutdownHook] c.a.c.n.registry.NacosServiceRegistry    : De-registering from Nacos Server now...
16:07:27.548-[LAPTOP-FPFPK7D7][sys]--ERROR 50064 --- [ionShutdownHook] c.a.c.n.registry.NacosServiceRegistry    : ERR_NACOS_DEREGISTER, de-register failed...NacosRegistration{nacosDiscoveryProperties=NacosDiscoveryProperties{serverAddr='null', username='******', password='******', endpoint='null', namespace='null', watchDelay=30000, logName='null', service='null', weight=1.0, clusterName='null', group='DEFAULT_GROUP', namingLoadCacheAtStart='false', metadata={}, registerEnabled=true, ip='null', networkInterface='', port=-1, secure=false, accessKey='null', secretKey='null', heartBeatInterval=null, heartBeatTimeout=null, ipDeleteTimeout=null, instanceEnabled=true, ephemeral=true, failureToleranceEnabled=false}, ipDeleteTimeout=null, failFast=true}},
com.alibaba.nacos.api.exception.NacosException: Client not connected, current status:UNHEALTHY
	at com.alibaba.nacos.common.remote.client.RpcClient.request(RpcClient.java:645) ~[nacos-client-2.4.2.jar:na]
	at com.alibaba.nacos.common.remote.client.RpcClient.request(RpcClient.java:624) ~[nacos-client-2.4.2.jar:na]
	at com.alibaba.nacos.client.naming.remote.gprc.NamingGrpcClientProxy.requestToServer(NamingGrpcClientProxy.java:447) ~[nacos-client-2.4.2.jar:na]
	at com.alibaba.nacos.client.naming.remote.gprc.NamingGrpcClientProxy.doDeregisterService(NamingGrpcClientProxy.java:308) ~[nacos-client-2.4.2.jar:na]
	at com.alibaba.nacos.client.naming.remote.gprc.NamingGrpcClientProxy.deregisterServiceForEphemeral(NamingGrpcClientProxy.java:293) ~[nacos-client-2.4.2.jar:na]
	at com.alibaba.nacos.client.naming.remote.gprc.NamingGrpcClientProxy.deregisterService(NamingGrpcClientProxy.java:275) ~[nacos-client-2.4.2.jar:na]
	at com.alibaba.nacos.client.naming.remote.NamingClientProxyDelegate.deregisterService(NamingClientProxyDelegate.java:122) ~[nacos-client-2.4.2.jar:na]
	at com.alibaba.nacos.client.naming.NacosNamingService.deregisterInstance(NacosNamingService.java:211) ~[nacos-client-2.4.2.jar:na]
	at com.alibaba.nacos.client.naming.NacosNamingService.deregisterInstance(NacosNamingService.java:199) ~[nacos-client-2.4.2.jar:na]
	at com.alibaba.cloud.nacos.registry.NacosServiceRegistry.deregister(NacosServiceRegistry.java:107) ~[spring-cloud-starter-alibaba-nacos-discovery-2023.0.3.2.jar:2023.0.3.2]
	at org.springframework.cloud.client.serviceregistry.AbstractAutoServiceRegistration.deregister(AbstractAutoServiceRegistration.java:281) ~[spring-cloud-commons-4.1.4.jar:4.1.4]
	at org.springframework.cloud.client.serviceregistry.AbstractAutoServiceRegistration.stop(AbstractAutoServiceRegistration.java:299) ~[spring-cloud-commons-4.1.4.jar:4.1.4]
	at org.springframework.cloud.client.serviceregistry.AbstractAutoServiceRegistration.destroy(AbstractAutoServiceRegistration.java:233) ~[spring-cloud-commons-4.1.4.jar:4.1.4]
	at java.base/jdk.internal.reflect.NativeMethodAccessorImpl.invoke0(Native Method) ~[na:na]
	at java.base/jdk.internal.reflect.NativeMethodAccessorImpl.invoke(NativeMethodAccessorImpl.java:77) ~[na:na]
	at java.base/jdk.internal.reflect.DelegatingMethodAccessorImpl.invoke(DelegatingMethodAccessorImpl.java:43) ~[na:na]
	at java.base/java.lang.reflect.Method.invoke(Method.java:568) ~[na:na]
	at org.springframework.beans.factory.annotation.InitDestroyAnnotationBeanPostProcessor$LifecycleMethod.invoke(InitDestroyAnnotationBeanPostProcessor.java:457) ~[spring-beans-6.1.14.jar:6.1.14]
	at org.springframework.beans.factory.annotation.InitDestroyAnnotationBeanPostProcessor$LifecycleMetadata.invokeDestroyMethods(InitDestroyAnnotationBeanPostProcessor.java:415) ~[spring-beans-6.1.14.jar:6.1.14]
	at org.springframework.beans.factory.annotation.InitDestroyAnnotationBeanPostProcessor.postProcessBeforeDestruction(InitDestroyAnnotationBeanPostProcessor.java:239) ~[spring-beans-6.1.14.jar:6.1.14]
	at org.springframework.beans.factory.support.DisposableBeanAdapter.destroy(DisposableBeanAdapter.java:202) ~[spring-beans-6.1.14.jar:6.1.14]
	at org.springframework.beans.factory.support.DefaultSingletonBeanRegistry.destroyBean(DefaultSingletonBeanRegistry.java:587) ~[spring-beans-6.1.14.jar:6.1.14]
	at org.springframework.beans.factory.support.DefaultSingletonBeanRegistry.destroySingleton(DefaultSingletonBeanRegistry.java:559) ~[spring-beans-6.1.14.jar:6.1.14]
	at org.springframework.beans.factory.support.DefaultListableBeanFactory.destroySingleton(DefaultListableBeanFactory.java:1202) ~[spring-beans-6.1.14.jar:6.1.14]
	at org.springframework.beans.factory.support.DefaultSingletonBeanRegistry.destroySingletons(DefaultSingletonBeanRegistry.java:520) ~[spring-beans-6.1.14.jar:6.1.14]
	at org.springframework.beans.factory.support.DefaultListableBeanFactory.destroySingletons(DefaultListableBeanFactory.java:1195) ~[spring-beans-6.1.14.jar:6.1.14]
	at org.springframework.context.support.AbstractApplicationContext.destroyBeans(AbstractApplicationContext.java:1195) ~[spring-context-6.1.14.jar:6.1.14]
	at org.springframework.context.support.AbstractApplicationContext.doClose(AbstractApplicationContext.java:1156) ~[spring-context-6.1.14.jar:6.1.14]
	at org.springframework.boot.web.servlet.context.ServletWebServerApplicationContext.doClose(ServletWebServerApplicationContext.java:174) ~[spring-boot-3.3.5.jar:3.3.5]
	at org.springframework.context.support.AbstractApplicationContext.close(AbstractApplicationContext.java:1102) ~[spring-context-6.1.14.jar:6.1.14]
	at org.springframework.boot.SpringApplicationShutdownHook.closeAndWait(SpringApplicationShutdownHook.java:145) ~[spring-boot-3.3.5.jar:3.3.5]
	at java.base/java.lang.Iterable.forEach(Iterable.java:75) ~[na:na]
	at org.springframework.boot.SpringApplicationShutdownHook.run(SpringApplicationShutdownHook.java:114) ~[spring-boot-3.3.5.jar:3.3.5]
	at java.base/java.lang.Thread.run(Thread.java:842) ~[na:na]
16:07:27.549-[LAPTOP-FPFPK7D7][sys]-- INFO 50064 --- [ionShutdownHook] c.a.c.n.registry.NacosServiceRegistry    : De-registration finished.
16:07:27.556-[LAPTOP-FPFPK7D7][sys]-- INFO 50064 --- [ionShutdownHook] com.zaxxer.hikari.HikariDataSource       : HikariPool-1 - Shutdown initiated...
16:07:37.569-[LAPTOP-FPFPK7D7][sys]-- WARN 50064 --- [ionShutdownHook] com.zaxxer.hikari.pool.HikariPool        : Timed-out waiting for close connection executor to shutdown
16:07:37.569-[LAPTOP-FPFPK7D7][sys]-- INFO 50064 --- [ionShutdownHook] com.zaxxer.hikari.HikariDataSource       : HikariPool-1 - Shutdown completed.
